GENE,ENVISION
TNK2,1.010590
IARS2,0.785636
HSPG2,0.778388
PTPDC1,0.906769
RHBG,0.971998
SLC13A5,0.844585
USP19,0.745842
CHSY3,0.772755
CES1,0.959299
CLCF1,0.865527
MYO3B,0.871160
PIGT,0.757553
TTN,0.929478
MYBBP1A,1.005370
SLC8A1,0.941456
UAP1L1,0.772565
PHLPP1,0.952399
BCR,0.914511
SLC3A1,0.845511
GALNT2,0.792235
