GENE,ENVISION
HECTD2,0.868045
ALDH3A2,0.852649
PGLYRP3,0.978609
SETD1B,0.949208
SLC4A8,0.844741
SYVN1,0.983281
MAP3K8,0.994161
PLCH2,0.812735
POLD2,0.892808
OBSL1,0.958383
DGKG,0.959714
GPCPD1,0.791852
SLC38A4,0.972628
ACACA,0.844127
CYP4Z1,0.803717
DLD,0.884322
SUV39H1,0.769516
HERC4,0.875026
PIGW,0.954765
CSNK1A1L,0.776703
TAF1,0.841533
SLC17A1,0.939265
TCIRG1,0.843300
SLC29A4,0.772772
ABCA3,0.904932
SPEG,0.893097
CSNK2B,0.813081
