GENE,ENVISION
LCLAT1,0.999754
AGXT2,1.004210
SLC5A1,0.928629
USP9X,0.811606
SLC5A3,0.967017
INSRR,0.892876
USP24,0.857299
SLC10A1,0.925742
MAP3K9,0.996436
LPIN2,0.794832
UBE3C,0.904860
TTN,0.902475
SLC12A3,0.863483
COPG1,0.816134
TNKS2,0.913784
HAS1,0.829905
USP51,0.944014
DPAGT1,0.897086
ENTPD3,0.987365
ACACB,0.997671
MTR,0.769365
HERC1,0.978938
USP11,0.916733
GCAT,0.564231
RNF19B,0.964855
USP37,0.936472
FKBP5,0.898710
AARS,0.936419
CFTR,0.985828
BRAF,0.768553
PPIB,0.812215
