GENE,ENVISION
STK11,0.519837
LIPE,0.928776
PXDNL,0.744590
GALNT7,0.851426
SULT1C4,0.824352
CHD9,0.903866
PNPLA2,1.006240
SLC2A4,0.875331
CA7,0.856905
HERC1,0.912368
WNK2,0.866402
PTPRT,0.544054
BRAF,0.768553
ADCY10,0.958391
ELOVL1,0.776185
PPOX,0.934473
HIPK2,0.935311
PDHB,0.936885
ABCD2,0.869645
FGFR3,0.929113
DYRK2,0.998897
