GENE,ENVISION
B4GALNT4,0.783160
CTSK,0.602854
AMY2A,0.642733
CKB,0.975259
RGL1,0.867481
MTHFD1L,0.985362
ASPH,0.852974
GPAT2,0.767682
USP43,0.849733
GALK1,0.965887
CPOX,0.841828
PTEN,0.940519
UGT2B10,0.967234
TREX2,0.884447
SLC22A16,0.913523
KAT6B,0.886134
TPK1,0.859292
EYA1,0.825682
PXDN,0.830352
PXDNL,0.865933
