GENE,ENVISION
BBOX1,0.945208
POLB,0.891029
ACAD10,0.926080
DDAH2,0.870106
UGT1A3,1.018390
NDUFV1,0.748830
EHMT2,0.908472
CERCAM,0.851330
ZAP70,0.744973
DMPK,0.866923
ADH1A,0.995456
FGA,0.898390
IGF1R,0.943995
MGAT4C,0.859760
SULT1C4,0.901638
SLC25A2,0.970741
ABCC4,0.968546
SUCLG1,0.824738
BRAF,0.768553
HECW2,0.769878
SLC22A3,0.767701
SDHA,0.701109
PTPRM,0.884825
ABCA8,0.990568
