GENE,ENVISION
PDHX,1.005480
CPT2,0.876945
EXT1,0.811225
AHCYL2,0.736818
CDC25C,0.939137
MAP3K1,0.913713
CDK16,1.006140
LATS1,0.843373
RBBP6,0.868615
SETD1B,0.817420
SLC3A2,0.978696
ACAA1,0.757065
NKTR,0.880812
BRAF,0.768553
RNMT,0.820633
GCSH,0.847498
