GENE,ENVISION
AGA,0.686544
SLC4A2,0.719785
ADPRH,0.895221
FLT4,1.001830
PLXNB3,0.915952
PXDNL,0.823182
PIK3CB,0.783258
QPCT,0.977634
TPTE,1.015930
FIG4,0.994100
UBR5,0.860552
TTN,0.748586
KMT2E,0.917715
PPP2R2B,0.791745
H6PD,0.983298
SETD2,0.940370
SLC43A1,0.856737
GPHN,0.762093
CYP7B1,0.982023
UCKL1,0.868570
KCNJ8,0.993755
ACLY,0.979832
