GENE,ENVISION
MYO3A,0.781789
TSSK1B,0.816349
SLC7A5,1.007070
CIT,0.875313
NR1D1,0.950103
DPEP1,0.833285
DPYD,1.011460
LHPP,0.928264
PIK3CB,0.759907
OPLAH,0.857244
ABCB1,1.019380
ITPKB,0.787694
TTN,0.760259
SETDB1,0.974983
PHKG1,0.777772
TARS2,0.917665
TICRR,0.827220
TPP1,0.912028
HERC3,0.978898
FGFR2,0.654429
GALNT13,0.720621
TNK2,0.993425
ALK,0.859822
AK7,0.937983
SLC17A1,0.850071
TCIRG1,1.006180
SLC1A7,0.856522
MGAM,0.755898
