GENE,ENVISION
ME3,0.776185
NOS1,0.946087
POLA1,0.852010
EHMT2,0.916436
EXT2,0.946929
BUB1B,0.857168
NTAN1,0.905724
PRKAG2,0.848559
SI,0.860063
KAT2A,0.892599
MAST2,0.780989
DGKI,1.000770
SLC41A2,0.886418
TTN,0.812530
MERTK,0.992751
SLC1A4,0.802016
CHPT1,0.855075
TRIP12,0.769009
BRAF,0.768553
