GENE,ENVISION
HECTD2,0.858410
UGT2B7,1.019590
CYP11A1,0.831247
NCOA6,0.820565
GALNT13,0.853688
DLD,0.815053
CDK13,0.789525
BMPR1A,0.943093
MAP2K5,0.866693
HEPH,0.807983
MARCH10,0.865235
F13A1,0.902663
TARSL2,0.858834
