GENE,ENVISION
MYO3A,0.840000
DNMT3B,1.010390
MYO3B,0.976648
VRK1,0.918346
CUBN,0.968754
NOS3,0.860838
AKT1,0.726033
PTPRD,0.904700
TTN,1.001220
DYRK1A,0.852901
EP300,0.760033
PXDN,0.894624
