GENE,ENVISION
POLR2E,0.910657
LIPE,0.947739
GUCY2F,0.867594
SDR16C5,0.927526
WNK2,0.920026
PPM1M,0.900842
EPHA2,0.997405
MIB2,0.997898
SETD1B,0.709231
PTPRD,0.884578
PTPRB,0.869960
MYO5B,1.013280
ATP6V0A1,0.852237
