GENE,ENVISION
CTDSPL,0.772039
AOX1,0.779326
PPM1D,0.876704
TGM6,0.850842
ERBB4,1.010650
MARCH10,1.035540
SRC,0.977081
NME4,0.943649
ALOX5,0.606416
WNK1,0.889269
PSAP,0.958510
SOAT2,0.815289
PLCB1,0.833131
CDC42BPA,0.788971
ETNK1,0.840769
SDHA,0.734750
DECR1,0.847274
WEE1,0.800332
PSKH1,0.966333
