GENE,ENVISION
B4GALNT4,0.972800
GSR,0.943420
TM7SF2,0.937275
INSR,0.763222
NOX5,0.874902
CMAS,1.015260
GDA,0.893503
CHD9,0.851521
USP47,0.970726
PDE3A,0.766554
SLC12A5,0.834377
SLC12A7,0.940678
UGT2B17,0.919138
DYRK1A,0.766904
KMT2A,0.845182
HAL,0.714018
PLXNB3,0.732709
ATP10A,0.901464
SLC8A1,0.816713
STK39,0.862933
SLC26A9,0.976728
CSNK1A1L,0.880294
PPIP5K2,0.935566
FITM2,0.832884
NNMT,0.946129
POLR3B,0.986362
