GENE,ENVISION
ADCY4,0.680057
TXN,0.858654
GUCY2C,1.014080
LMTK3,0.753176
HEXA,0.850048
TRIM33,0.947459
KIT,0.950546
KAT2A,0.662940
SETDB1,0.876569
P4HA3,0.795290
CERS5,0.758012
ATP1A3,0.900041
TTN,0.938676
PFKFB1,0.611842
NAGA,0.559893
WNK2,0.783347
EPRS,0.961195
SLC1A7,0.797779
TNNI3K,1.001310
