GENE,ENVISION
ENTPD6,0.919580
CERS5,0.758012
HEXA,0.850048
KIT,0.950546
SETD1A,0.974863
PFKFB1,0.611842
ENTPD4,0.991755
MGAT4A,0.983194
TTN,0.938676
SLC1A7,0.797779
CREBBP,0.580943
