GENE,ENVISION
PLTP,0.820816
LMTK3,0.762786
INPPL1,0.781677
MTMR3,0.984254
DGKQ,0.739867
MST1R,0.917339
CYP4B1,0.969272
CYP27A1,0.817492
CBS,0.509596
TFRC,0.959032
SLC29A4,0.772772
TTN,0.997097
FBP2,0.964989
PJA1,0.967483
SPEG,0.913926
BSG,0.835060
PTPN7,0.785216
NEU2,0.929837
ALDH9A1,0.903487
