GENE,ENVISION
TNKS,0.864972
NDUFB6,0.990798
PRPF4,1.014720
NCOR1,0.870885
BMP2K,0.822295
SLC12A4,0.781572
PFKM,0.982495
TTN,0.855696
OBSL1,0.852913
KMT2D,0.722673
CHST8,0.977724
HERC2,0.876711
STK4,0.852722
SLC26A6,0.995358
TBL1XR1,0.985208
GALK1,0.868955
PTPN13,0.948991
CYP19A1,1.016320
ROCK2,0.996589
KPNA6,0.980010
MYBBP1A,1.005530
RNF123,0.952258
