GENE,ENVISION
GALNT15,0.867259
TBL1XR1,0.985208
KMT2D,0.845290
PTPN13,0.948991
NDUFB6,0.990798
ROCK2,0.996589
GALK1,0.868955
ACAD8,0.675907
SLC12A4,0.781572
SLC26A6,0.995358
MYBBP1A,1.005530
ALDH1B1,1.014370
RNF123,0.952258
PRPF4,1.014720
NCOR1,0.870885
PYGL,0.919693
