GENE,ENVISION
POLQ,0.777057
DUOX1,0.929484
LCLAT1,0.794409
DUOX2,0.924501
EPHA2,0.720048
SLC29A4,0.747961
DHDH,0.820072
UQCRH,1.042550
ALDH1A1,0.855343
SGPL1,0.933998
PRPF4,1.014720
ACAT1,1.012770
BRPF1,0.789958
OBSL1,0.825938
SLCO4A1,0.977545
EPHB2,1.024600
GUCY2F,0.952359
CHUK,1.011810
PIK3C2B,0.986252
ABCB11,1.017190
CDK9,0.528674
CHDH,0.829507
SETD5,0.940872
UHRF2,0.948129
RNF185,0.878607
CDK8,0.919339
SLC18A2,0.876708
SLC22A8,0.863359
CPS1,0.964790
