GENE,ENVISION
DGKZ,0.888204
AOC2,0.786713
GUCY2D,1.023720
EPX,0.860952
PARP14,0.985172
DUOX2,0.969304
MAN2A2,0.821047
ABCA1,0.938853
CHST1,1.016810
SPEG,0.998870
ATP2B4,0.986929
MYBBP1A,0.847875
