GENE,ENVISION
TNKS,0.855073
MUT,0.929142
SLC17A7,0.877892
XPO6,0.902092
HCCS,0.981269
PPP1R3A,1.007570
DPYD,0.722708
BMP2K,0.876519
ABCB1,0.501143
TTLL10,0.983170
TTN,0.969040
CPT1C,0.758978
ACACA,0.823638
PMPCA,0.910987
NAGLU,1.018870
SDR42E1,1.015790
PRKCE,0.991634
MAST1,0.848707
STT3A,0.900102
CHST6,0.986217
B3GALNT2,0.793680
PIPOX,0.992253
CTDSPL2,0.895066
RBBP6,0.780930
ABCC4,0.896874
