GENE,ENVISION
CPT1C,0.945933
IARS,0.924534
APOB,0.974711
CTPS1,0.611846
VRK2,0.772271
CDKN3,0.913495
SLC28A1,0.973910
NPAS2,0.827730
PLCG2,1.017580
SLC12A7,0.935666
HUNK,0.939872
JAK3,0.952646
TBL1X,0.981083
HLTF,0.990819
CPS1,0.883771
SPTLC3,0.843076
