GENE,ENVISION
LRP2,0.919134
ADCY5,0.911993
EPHA8,0.876519
TRIM32,0.979268
SLC3A1,0.929203
CDKL3,1.019330
SRM,1.003500
MAST2,0.719288
PTPRD,0.670559
TTN,0.814168
MYBBP1A,0.770678
LTK,0.873578
ATP6V1B2,0.852525
SLC9A5,0.937584
PFKL,0.893503
ASL,1.001360
