GENE,ENVISION
TPST2,0.882052
TBK1,0.837064
UBE3B,0.861416
HIGD2A,0.885709
SLC16A7,1.012310
LPCAT4,0.815802
B3GAT2,0.819364
ALG12,0.896467
