GENE,ENVISION
CYP2J2,0.917828
KMT2A,0.774936
AGL,0.775158
ALDH4A1,0.959285
PHYKPL,0.848466
NEK1,0.815289
NPC1,0.997405
ENPP3,0.896941
COX4I2,0.899371
AMDHD2,0.921607
HERC2,0.876711
PSKH1,1.009810
