GENE,ENVISION
FARS2,0.983054
FAAH,0.591070
ULK4,0.998491
MGAM,0.861026
DUPD1,0.803090
FTMT,0.806423
UGT2A1,0.980312
MAN2A2,0.903649
MAP3K10,1.014850
PLA2G7,0.949290
MAP2K1,0.811779
MAST3,0.833300
SLC4A2,0.917246
USP34,0.918849
USP36,0.978930
RNF19A,1.005110
