GENE,ENVISION
ROCK1,0.900801
SLC4A7,0.942192
SHPRH,0.915257
DUSP27,0.965999
LPIN3,0.970323
PLA2G7,0.949290
CYP2A13,1.020360
PIK3CB,0.919463
PLCH2,0.996479
ECH1,0.727606
UBR5,0.962045
COPG1,0.952401
DAPK1,0.926089
TSSK4,0.780158
MAT2A,0.637662
CYP4Z1,1.062140
CUBN,0.868108
HERC1,0.923796
HERC2,0.819411
USP36,0.891898
EIF2AK4,0.993655
SLC22A3,0.978843
AATK,0.946746
