GENE,ENVISION
CARS2,0.914190
FRMPD2,0.853450
ACE,0.676556
ADCY2,0.718223
PTPN13,0.800514
GNPAT,0.927226
COASY,0.963379
NDUFB10,1.009780
PPIP5K2,0.878221
ECI2,0.675052
FIG4,0.994100
CTDSP2,0.992008
SMYD3,0.802058
ALDH1B1,0.759456
FGFR4,0.549184
CYP2U1,0.957369
