GENE,ENVISION
AOX1,0.986983
STK19,0.966573
POLQ,0.718768
PPP2R3A,0.897551
SETD1B,1.009880
SHPRH,0.915257
ACSM3,0.655955
MAP3K6,0.762629
UGT2B15,0.925475
SLC6A19,0.832365
TTN,0.787213
MAPK7,0.798354
ST3GAL3,0.933303
HMGCS2,0.975195
CPT1B,1.014790
KMT2D,0.877608
BCAT2,0.933124
WNK4,0.947495
GGT5,0.880123
EHHADH,1.008130
SLC2A9,0.758012
ATP1A4,0.941049
GPX4,0.855398
CLK2,0.844936
SLC22A8,0.829524
