GENE,ENVISION
CPT1A,0.935277
SLC2A12,0.993973
RET,1.030550
IKBKB,0.960848
DYRK3,0.857244
ABL1,0.872459
ACAD11,0.662319
IDH3G,0.537579
MGAT5B,0.996050
SYNJ2,0.919126
HSD17B4,0.988841
ST3GAL3,0.937169
ACVR2A,0.948738
CDK11A,0.847803
WNK4,0.845556
PLA2G4F,0.829629
CYP2C8,0.863248
NOX3,0.925859
COQ5,1.020880
GFPT2,0.810780
XYLB,0.971448
NPC1L1,0.985327
ABCA8,0.942160
