GENE,ENVISION
KMT2C,0.918273
EHMT1,0.832798
ASH1L,0.772227
NEK5,1.022150
SLC12A3,1.008040
GBA,0.714793
DPYD,1.011720
NUDT5,0.716785
CKMT1B,0.977058
MED1,0.849571
DPEP2,0.866676
ATP1A1,0.973636
SLC26A7,0.974670
ALG11,0.814753
SLC23A2,0.781463
USP34,0.986288
UHRF2,1.001720
