GENE,ENVISION
EHMT1,1.009340
GCNT4,0.920287
ADCY6,0.970943
SLC7A8,0.858781
TRIM33,0.873272
USP34,0.885468
EPHA3,0.608089
CERCAM,0.727085
GSTA2,0.807296
GATM,0.816246
PTPRB,0.856707
POLR3A,0.977211
HIRIP3,0.930831
FDFT1,0.765471
NOX4,0.944804
