GENE,ENVISION
PLCB2,0.952637
IDO1,1.063350
LIPE,0.767355
LGMN,1.019690
LIMK2,0.887451
CHMP4A,0.988311
GCK,0.559106
USP4,0.947826
NMRK1,0.787877
PFKP,0.936725
HERC2,0.792236
BCHE,0.576597
NSD1,0.856344
KAT6B,0.769938
PTPRM,0.776807
UGGT2,0.974156
SLC4A8,0.956810
