GENE,ENVISION
B3GNT4,0.913886
SLC9A5,0.912822
NME7,0.867652
SLC38A1,0.956142
POLQ,0.718768
CDC25C,1.010080
ACSL1,0.954334
SLC3A1,1.010190
EPHA3,0.962195
COMT,0.806825
SLC52A1,0.954336
AOC2,0.835288
USP29,0.846309
GLB1L,0.991841
PTPRN,0.880494
FLT4,0.935798
GSTK1,0.969792
TAOK2,0.729458
UBR4,0.970056
