GENE,ENVISION
ACVR1B,0.995324
EPHA5,0.999520
EGFR,0.994681
GAD1,0.956199
SMURF1,0.990253
AASS,0.962667
MGAM,0.867700
PRPF4,1.014720
PC,0.719089
CDC42BPB,0.934994
NLN,0.933123
ART3,0.976881
AMY2B,1.011450
CDC25B,0.999126
MAST3,0.908908
HERC4,0.909432
NAGA,0.738425
GART,0.898560
UBE4B,0.922294
GALNT13,0.539368
RTCA,0.861781
MSRA,0.887373
PTPRG,0.881000
SLC22A6,0.909908
EIF2AK3,0.951010
PTPRM,0.759354
USP47,0.884430
ABCA8,0.931032
