GENE,ENVISION
SRC,0.900292
SLC22A1,0.982150
RNF103,0.747835
SDS,0.992742
GNPTAB,0.907659
EXTL1,0.800935
CHIT1,0.747867
ACVR1B,0.859803
MAP3K6,0.976001
PRKAA2,0.919281
NAMPT,0.992071
STK24,0.922924
NOX4,0.847293
ADCY10,0.767281
CDK10,0.861535
SPEG,0.906992
FLT4,0.952568
GMPS,0.819940
TESK1,1.022240
SETDB2,0.920762
AKR1C3,0.897228
