GENE,ENVISION
CHST11,0.927534
CTDSPL,0.860942
DEGS2,0.925567
APOB,0.768307
ANKRD1,0.828266
SLC22A5,0.918105
CUBN,0.802326
SUCLA2,0.861376
RORA,1.014020
HKDC1,0.752854
ALDH3B2,1.013650
TMX3,0.971205
SLC19A1,0.852015
RNF25,0.936808
CYP4F2,0.977473
PHLPP1,0.958839
OPLAH,0.874839
ABL1,0.858287
RNMT,0.976231
