GENE,ENVISION
NDUFC1,0.964646
CPT1C,0.848054
PPM1D,0.876704
HS3ST2,0.849795
EARS2,0.873881
SH3RF1,0.854240
PTEN,0.820641
PDE1B,0.859166
MGAM,0.792289
PIGB,0.719288
GYS1,0.858784
FARSB,0.860942
BRAF,0.988643
PTPRN,0.841464
IP6K3,0.863335
SLC15A4,0.795903
ALDH1A3,0.817740
