GENE,ENVISION
B3GNT6,1.011150
GPAM,0.905728
POLRMT,0.782131
DNAJC6,0.925580
METTL3,0.957208
HMOX1,0.703209
PLCB2,0.862207
AACS,0.894727
JAK2,0.924500
TTN,0.984990
ACSBG2,0.837977
POLR3A,0.971082
LTA4H,0.932210
PHLPP1,0.941341
SPR,0.624676
UBR4,0.983782
