GENE,ENVISION
NCOA2,0.905097
LSS,0.610278
CYP4A11,0.870581
EPHA7,0.891577
LYPLA1,0.903651
DMGDH,0.851444
NEK8,0.974059
ALG5,0.916224
PRKDC,0.936113
NPC1,0.968687
NOL9,0.967634
SSU72,0.869306
RNF139,0.879558
GLYAT,0.838768
RNF40,0.833546
EYA1,0.785293
CFTR,1.004450
CYP27B1,1.011610
