GENE,ENVISION
ACVR1,0.783090
USP47,0.861376
C1GALT1,0.944315
CSAD,0.743266
ABCB1,0.899665
GGT1,0.896258
CYP4V2,0.946788
DUSP2,0.729322
