GENE,ENVISION
MYO3B,0.854424
LDHAL6B,0.665999
HIPK2,0.861373
COLGALT1,0.721932
ROS1,0.937929
RGL1,0.825846
MARK1,0.786678
GUCY2D,1.061280
TICRR,0.893972
CUBN,0.962642
WNK4,1.014570
HERC1,0.923796
TNFRSF21,0.975645
STS,0.554223
GALNT5,0.812735
GALNT6,0.837142
ALDOB,0.949375
UBE4B,0.973694
ADCY3,0.933106
HADHB,0.896943
CMTR1,0.964669
CFTR,0.863281
