GENE,ENVISION
DGKZ,0.973740
DERA,1.019830
ADCY8,0.843764
SLC6A9,0.968379
USP4,0.728087
POLG,0.955544
SLC4A4,0.836347
YARS,0.794366
SLC27A3,0.778739
SLC12A2,0.936347
NSD1,0.982404
CTSS,0.831199
IP6K1,0.766455
