GENE,ENVISION
SIRT1,1.062730
SOAT1,0.987007
EPX,0.983977
KMT2D,0.870117
LAP3,0.927332
EPHA2,0.851051
DCLK2,0.990698
SLC26A1,0.972860
POLR1B,0.874235
POLR1C,0.946393
ATP1A3,0.764008
MYCBP2,0.840020
GOT2,1.021660
DHDH,0.943862
PTPRZ1,0.975904
FLT1,0.808760
