GENE,ENVISION
MYO3A,0.851697
ATM,0.912887
DHCR7,0.957550
CHST7,0.766953
SHPRH,0.975364
PTPN23,0.977915
SIAE,0.834540
TTN,0.771955
LIPE,0.893479
BARD1,1.018020
SLC13A4,0.766156
PTPDC1,0.796562
USP38,0.957421
MIA3,0.867240
SLC15A3,0.929371
SLC27A6,0.882664
USP36,0.978930
ACOX2,1.021130
FAM20B,0.777772
SLC2A2,1.013480
STK38L,0.719643
FITM1,0.819435
ABCA3,0.981956
ABCC1,0.976623
