GENE,ENVISION
TM7SF2,0.946007
TGDS,0.933684
SLC4A5,0.879918
MARCH4,0.962595
SLC5A8,0.829128
MAPKAPK2,0.826942
SLC28A3,0.883642
ITPKC,0.959398
TTN,0.745842
MTMR7,0.937072
GBE1,0.718851
SRC,1.015840
SLC24A2,0.726924
UBA6,0.912622
LPL,0.838127
SLC26A4,0.866556
HELZ2,0.982142
GNPAT,0.876083
SETD5,0.946977
ST6GALNAC1,0.902759
PGLYRP3,0.870494
ALDH1L2,0.791455
G6PD,0.652836
