GENE,ENVISION
LRP2,0.825028
ASH1L,0.951470
SLC36A4,0.900958
APOB,0.865974
WWP1,0.777569
PTPRJ,0.864937
CYP7B1,1.013010
ZADH2,0.776857
UBE2D1,0.987045
NEDD4L,0.825700
SI,0.783797
TTN,0.757589
SPEG,0.945729
HLTF,0.726205
ALOX12B,0.965439
FKBP9,0.902269
ERN1,0.941085
