GENE,ENVISION
HECTD1,0.964855
DHRS2,1.004000
STK11,1.003800
MYO3B,0.785835
CPA1,0.914818
NEDD4,0.909835
ATP1A4,0.781270
TTN,0.905102
PTP4A3,0.899571
PJA1,0.975400
TH,0.900145
IDH1,0.598060
ABCB11,0.874221
MERTK,0.989944
MYO5B,0.950495
LRP2,0.798998
CKMT2,0.815509
RTCA,0.974036
CA6,0.971049
ELOVL4,1.000380
GPX2,1.005220
CYP11B2,0.929060
