GENE,ENVISION
TNK1,1.005760
ALDH4A1,0.969013
MAN1A1,0.824528
BIRC6,0.783421
DHODH,0.956810
ALDH2,0.818301
RNF182,0.861286
ARAF,0.862479
AK5,0.817507
TGM4,0.988481
PTPRZ1,0.824724
IDH1,0.707796
GGT7,0.769810
