GENE,ENVISION
TNKS,0.774430
B4GALNT4,0.984290
HECTD1,0.942986
PPP2R3A,0.917729
NCOA2,0.860577
IARS2,0.924783
CERS3,1.005760
UBE3B,0.754441
SLC36A1,0.970234
SLC12A4,0.907500
WNK3,0.771231
IRAK2,0.932327
MCEE,0.975423
MTMR3,0.908956
SIRT3,0.719907
NOS1,1.002560
GLTP,0.993856
GLCE,0.860577
NT5DC3,0.858410
SLC27A3,0.951526
UBR4,0.718498
PLA2G16,0.918658
FUT10,0.840245
KAT6A,0.883613
