GENE,ENVISION
KMT2B,0.908229
GSR,0.935446
SLC6A6,0.929563
CSK,0.804391
CBS,1.002930
NDST2,0.771031
NOX4,0.719643
HAGHL,0.970146
AXL,0.819442
PIK3CG,0.864637
DPYS,0.676070
UBA7,0.739695
TYR,0.780340
POLRMT,0.973851
PTPRM,0.982475
AGT,0.854073
DAPK1,0.929079
UBR4,0.842531
