GENE,ENVISION
KARS,0.934071
TYRP1,0.978457
MAP4K3,0.867775
USP43,0.817564
CYP2D6,0.948701
PDPR,0.767272
HSPG2,0.860577
PARP1,0.894573
NTRK2,0.763605
ABCC1,1.010410
YARS2,0.964709
SI,0.671965
USP9Y,0.855732
HECW1,0.974525
USP28,0.913439
FGA,0.988539
USP36,0.978930
PAFAH1B2,0.970321
