GENE,ENVISION
LRP2,0.952484
JAK3,0.979412
SMURF2,0.787101
UBE2O,0.917261
BMPR1A,0.916566
BIRC6,0.949673
CAMK2A,0.745842
MAPK15,0.855682
TFRC,0.864241
HUNK,0.979581
TTN,0.879815
CDC42BPB,0.564009
CIT,0.774254
MAPKAPK5,1.012920
PAFAH1B2,0.912200
PTPRD,0.937880
