GENE,ENVISION
IGF1R,1.011000
BRAF,0.768553
TTN,0.892937
CDK14,0.659010
ROS1,0.791139
