GENE,ENVISION
ROS1,0.860283
MINK1,0.836905
LRRK1,0.823504
FASN,0.966135
AURKA,0.857727
TNKS2,0.786086
TTN,0.742435
ERBB3,0.929932
CARS,0.855516
PRKCG,0.611669
CSNK1G1,0.898925
WNK4,0.924641
FGFR4,1.022240
EP300,0.845020
LRP2,0.948771
LMTK2,0.917881
MYLK,0.901065
ATP8B1,1.003020
CYLD,0.828424
CLK3,0.747463
MATK,0.965618
PRKD3,0.720210
