GENE,ENVISION
CARM1,0.773326
HEPH,0.891344
NR1D1,0.942407
SLC4A9,0.923552
ROS1,0.791139
SLC25A29,0.916512
PXDNL,0.930363
SCD,0.925263
CDK14,0.659010
C1GALT1,0.755953
TTN,0.892937
FUT3,1.002580
AQP10,0.818904
HSD11B1,0.946986
PDHA2,0.945147
IGF1R,1.011000
ACSS3,0.976194
ACSM2B,0.761479
HERC1,0.875268
MOGAT3,0.910927
CYP3A7,0.868283
AKR7A2,0.885785
CYP3A5,0.895733
CHST11,0.867823
CSNK1A1,0.931444
SLC2A7,0.971153
HSD11B2,1.025540
CDK4,0.780277
BRAF,0.768553
NEU4,0.896845
