GENE,ENVISION
PDHA2,0.945147
BRAF,0.768553
IGF1R,1.011000
SLC25A29,0.916512
PXDNL,0.930363
SLC2A7,0.971153
ACSM2B,0.761479
TPI1,1.016250
CDK14,0.659010
CARM1,0.773326
ACSS3,0.976194
C1GALT1,0.755953
FUT3,1.002580
TTN,0.892937
HEPH,0.891344
NEU4,0.896845
CYP3A7,0.868283
CYP3A5,0.895733
AQP10,0.818904
ROS1,0.791139
HSD11B1,0.946986
