GENE,ENVISION
EXT1,1.012350
DPYD,0.594059
WNK3,0.853944
ROS1,0.729550
TTN,0.801041
SPEG,0.948310
PSKH2,0.943075
