GENE,ENVISION
LCT,0.982079
NEK5,0.860220
IDH1,0.541293
PC,0.831593
PTPRT,0.872301
GPAA1,0.923268
CYP11B1,0.857677
SLC22A9,0.876891
