GENE,ENVISION
SOAT2,1.001010
CAMK1G,0.910143
UGT1A4,0.982102
GLS,0.918318
USP48,0.820237
XPO7,0.867101
NDST4,0.803930
ACAT2,0.857549
MARS2,0.933035
CYP26B1,1.032640
ABCB1,0.940954
WEE2,0.975301
SRC,0.977081
EXTL3,0.920910
ACSM2B,0.841676
HERC2,0.940475
EPHA10,0.844873
HGD,0.895120
CTPS2,0.819104
CYP4F22,0.986904
OGT,0.919339
TCIRG1,0.808481
NNMT,0.980842
PRKD2,0.761760
SLC19A1,0.974411
