GENE,ENVISION
RPS6KA1,1.109410
LRP1,0.922319
POLQ,0.768564
PLXNB3,0.875099
MAN2A1,0.853481
MARS2,0.842129
CDK8,0.772010
CLK2,0.808720
RNF2,0.932453
