GENE,ENVISION
SLC6A2,0.975365
HS3ST5,0.882139
AOC2,0.848162
BIRC6,0.907130
ALDH3A1,0.582723
MAP2K4,1.018250
KYNU,0.635751
LGSN,0.958529
XDH,0.988094
MYCBP2,0.950910
CDC42BPB,0.800203
TTN,0.780152
ICK,0.976370
PIGB,1.006580
HERC3,1.009110
PLA2G4C,0.746034
GALNT13,0.978119
ADCY4,0.806010
LRP1,0.769765
RPS6KA4,0.978864
ADCY1,0.945234
ATP8B1,0.942184
EIF4EBP3,0.874590
SLC1A3,0.885757
