GENE,ENVISION
SLC9A4,0.895059
ASH1L,0.992169
DAGLB,0.974019
SMG1,1.050370
TTC3,0.905508
SLC28A3,0.970713
EPHX2,0.856138
NEK8,0.841151
GPLD1,0.995407
GAK,0.894439
STK38,1.021900
PTPN2,0.871852
ATP2B2,0.916960
PDE8A,0.825771
RNF31,0.824575
