GENE,ENVISION
NCOA6,0.865426
LRRK1,0.752854
FMO4,0.862337
ENPP6,0.979577
ETNPPL,0.840639
SLC5A10,0.827431
DYRK2,0.898518
TTN,0.977097
OBSL1,0.878209
ACLY,0.973486
SLC26A9,0.949440
ASRGL1,0.816697
PTPRB,0.785161
MAPKAPK3,0.959407
FUCA1,0.979961
ADH1B,0.832945
