GENE,ENVISION
DAGLA,0.866475
GALNT12,0.974654
SCARF2,0.943282
PTK7,0.949025
AHCYL2,0.710540
GNPTAB,1.027030
CYP8B1,0.850459
PARP14,0.943472
LIMK1,0.849697
TNIK,0.855073
ENPP1,0.895702
NDUFS1,0.823530
ALDH6A1,0.860577
GAK,0.874537
UHRF2,0.973569
BCKDK,0.807383
HMGCLL1,0.939616
CMTR1,0.872130
PIK3CB,0.815278
TYR,0.972836
