GENE,ENVISION
SLC6A3,0.822979
ACVR1,0.913313
UBE2D4,0.920400
G6PC3,0.998973
MARCH7,0.856138
LTA4H,0.971505
LRSAM1,1.002360
CHD9,0.864201
NTRK3,0.860910
DGKH,0.903288
ULK4,1.021860
IDH2,0.533612
PRKCB,0.823964
MAN2A1,0.866943
CSNK1G2,0.800459
CHDH,0.797467
PTPN6,0.909210
NME6,0.844269
ATIC,0.948084
ALDH1L1,0.789509
PTPRJ,0.903994
FUT4,1.000020
PTPRB,0.824808
KAT6A,0.915986
AHCY,0.780383
UQCRC2,0.861143
INPP5J,0.858006
