GENE,ENVISION
TRIM11,0.890837
FMO3,0.978299
PRKCB,0.778649
CHD9,0.966692
GNPDA1,0.795911
AQP9,1.007840
USP38,1.015060
GYS2,0.866950
SGMS2,0.944238
FES,0.986528
RDH13,0.953941
PTPRO,0.791193
SLC24A1,0.779513
NAGA,0.783135
GGH,0.894282
FUT8,0.571834
