GENE,ENVISION
LIMK2,0.857702
EZH2,0.806023
NOX5,0.803103
LTA4H,0.844039
SQLE,0.797456
RGL1,0.867481
CBR1,0.907622
ACSM4,0.991595
SLC25A12,0.991758
DIO3,0.992808
GUSB,0.948325
SH3RF3,0.911749
ACACB,0.972302
WNK2,0.836677
COMT,0.695131
GGT1,0.877465
SLC26A4,1.012950
KAT6B,0.918694
CYP1A2,0.962663
EIF2AK4,0.917653
ELOVL2,0.977466
RDH11,0.992505
ABCC5,0.965250
PRKD2,0.761760
