GENE,ENVISION
FKBP14,0.764008
HS3ST4,0.843373
UGT8,0.825550
ACSL6,0.975881
HUWE1,0.827982
PTK2B,1.007020
POLR3A,0.873376
PRKX,0.794165
PMPCA,0.786678
USP44,0.879700
NPC1,1.019030
TPP1,0.921357
ABCC4,0.932383
RBP4,0.563040
PTPN3,0.855516
ACOT7,1.023640
SLC15A1,0.900041
ADCY5,0.761815
GALNT15,0.986283
AK7,0.926808
MGAT4C,0.856204
NEU4,0.957266
CYP11B2,0.818773
