GENE,ENVISION
AOC3,0.917536
HUWE1,0.852651
PTK2B,1.017590
ABL1,1.009350
OPLAH,0.826865
MTHFD2L,0.951286
DMPK,0.986386
TXNRD1,0.872836
DIO2,0.911002
ALDH6A1,0.912335
HERC2,0.766123
PLCD1,0.835358
UBR4,0.891211
CYP7B1,0.951649
LRP1,0.786678
SCARF2,0.938664
SNRK,0.992467
MTHFD1L,0.832309
ENO2,0.746665
KIT,0.861240
SLC22A7,0.921356
PRKD2,0.900419
