GENE,ENVISION
SLC20A1,1.022430
WWP1,0.914405
TSSK3,0.876519
ACACB,0.843884
PIKFYVE,1.036790
ABCA1,0.898643
SLC35B4,0.960298
GCAT,0.781461
POLR2B,0.841724
LDHD,0.787877
PTPRN,0.860263
EPRS,0.832135
BBOX1,0.894150
ELP3,0.882208
FLT4,0.811648
ABCA8,0.854620
