GENE,ENVISION
ERBB3,1.024690
ADCY7,0.983982
TGM6,0.956810
TGFBR2,0.873710
HADHB,0.979423
EIF2AK3,0.923368
PIK3CB,0.860873
UBA1,0.970267
HS3ST4,0.941658
POLD1,0.892808
PTK2B,0.962800
AKR1A1,0.810707
HECW2,0.923845
CIT,0.891712
POLN,0.995473
GARS,0.781181
AMPD1,0.958785
ABCC3,1.009120
