GENE,ENVISION
CBLC,0.876376
HS3ST3B1,0.997733
PTPRT,0.896334
APOB,0.985047
ALK,0.872574
TBK1,0.941372
UBE2C,0.789813
PTEN,0.837942
FIG4,0.970373
TLK1,0.921257
SLC43A1,0.858272
ALDH7A1,0.573076
SARS,0.847558
GYG1,0.896418
LDHA,0.887323
NCOR1,0.881612
TOPORS,0.819707
