GENE,ENVISION
KMT2C,0.860315
GTF2F1,0.844157
GUCY2D,0.931549
AMY2A,0.951873
ADA,0.899182
SLC6A19,0.992240
ZADH2,0.934624
TNIK,0.861177
ATR,0.987245
TTN,0.919429
HCST,0.911220
NPC1,0.930771
DECR2,0.884136
TRPM6,0.781415
