GENE,ENVISION
UBE2J1,0.749798
SLC33A1,1.110340
PLXNB3,0.915270
APOB,0.940524
PFKP,0.981582
TTK,0.938936
TIAM2,0.871059
CYP39A1,0.901588
TGS1,1.010140
ETNK2,0.866711
EXT2,0.856760
YARS2,0.948310
REV3L,0.946124
SLC26A9,0.792908
IP6K3,0.968348
LMTK2,0.823827
GALNT10,0.845165
ATP6V0A4,0.957977
MAN1C1,0.686123
ABCC9,1.020420
MYO5B,0.755908
DDAH1,0.840138
