GENE,ENVISION
FMO3,0.992135
LCT,0.979106
TGM4,0.898192
KMT2E,0.733639
ULK4,0.864262
ABCA3,0.973046
ACAD9,1.041100
HSPG2,0.962182
HELZ2,0.938657
PLCB2,0.923396
USP43,0.955303
CA12,0.971283
LPL,1.008750
TTN,0.975122
RAG1,1.030160
XYLT1,0.974261
CYP4F3,0.878567
VRK3,0.978328
SLC1A6,0.991523
NRF1,0.927007
