GENE,ENVISION
MGAM,0.783434
PLXNB3,0.789311
APOB,0.914726
LTC4S,0.820857
VNN2,1.009220
STK10,0.864866
NSD1,0.981409
MPST,0.920380
TTN,0.975359
AOC1,0.828266
DYRK1A,0.916792
UGT2B28,0.929985
CHST2,0.963606
MYLK4,0.843373
PFAS,0.781049
