GENE,ENVISION
DHCR7,1.011730
SLC5A2,0.948049
DPAGT1,0.986907
CCNB1IP1,0.950417
CYP3A43,0.977602
TBK1,0.998569
AMDHD2,0.998392
PFKL,0.921607
TTN,0.850646
HMGCLL1,0.930923
DHCR24,1.001840
HNMT,0.795535
ERBB3,0.803484
PLCB2,0.935861
COPA,0.918668
WNK4,1.014540
HERC2,0.834449
ALDH4A1,1.099790
GPHN,0.775353
FAAH,0.764004
PPP1R3A,0.835692
PGLYRP1,0.888681
CYP2E1,0.793811
REV3L,0.788043
SPEG,0.818159
PRKD1,1.014710
SLC5A5,1.017900
