GENE,ENVISION
B4GALNT4,0.868752
MYO3B,0.957940
GGT5,0.817809
ILK,0.584033
CAT,0.717943
ATR,0.973044
POLM,0.832169
USP22,0.896000
CDK13,0.940114
PFKP,0.940475
POLD3,0.893550
SLC12A3,0.917959
SLC8A1,0.800383
KDR,1.005460
ACSM2B,0.580399
PTPDC1,0.894919
TGS1,0.791187
MAN2A1,0.905563
HELZ2,1.012890
NAGA,0.630168
STT3A,0.843109
ROR1,0.916928
SLC17A8,0.965540
ADCY1,1.023450
STK31,0.990468
GPX2,0.898523
ANPEP,1.011520
