GENE,ENVISION
RFWD3,0.979234
DUOX1,1.021070
LYPLA1,0.956618
UGT2A1,1.066700
USP26,0.947906
BUB1,1.015380
SLC11A2,1.019940
SIN3A,0.861535
SLC11A1,0.815582
HKDC1,0.843373
SDR42E1,0.953923
TTN,0.835569
SLC6A12,0.945516
PKM,0.837389
ACACA,0.788952
ACSS1,0.867823
GMPPA,1.015730
PTPN9,0.973233
FGFR4,0.932365
ADCY3,0.724352
PTEN,0.962551
SLC35B2,0.840173
CLK3,0.900008
