GENE,ENVISION
NDUFAB1,0.806004
AGL,0.980641
VARS,1.000330
ATP10A,0.928378
PIK3CD,0.790414
VARS2,0.742639
CLK2,0.875578
COQ6,0.968742
