GENE,ENVISION
B3GALT6,0.942879
IARS,0.912931
PPP1R3A,0.972593
SLC29A4,0.747961
EPHA7,1.023070
SLC17A6,0.944720
HSPG2,0.814173
PPM1K,0.961087
LPCAT4,0.979153
USP40,0.947993
SLC6A8,0.832349
GATM,1.003160
HIPK1,0.764378
HERC2,0.869001
SLC12A1,0.967307
ABCA3,0.869460
HELZ2,1.007190
SLC5A8,0.794824
MVK,0.649228
MGRN1,0.719785
EIF2AK3,0.951010
