GENE,ENVISION
GNS,0.869333
MERTK,0.905721
AGA,0.789077
POLR1B,0.753482
SETD1B,0.857430
SLC29A1,0.802684
NGLY1,0.884915
RNF149,0.791695
HKDC1,0.957567
NDST3,0.866475
LPCAT4,1.019450
CYBRD1,0.909689
SLC6A19,0.965544
TRPM6,0.780225
HK1,0.953766
PTGIS,0.984904
PTPRO,0.861313
HELZ2,0.990241
CHST8,0.901086
PPIP5K2,0.900419
EZH2,0.918942
POLRMT,0.960507
ALOX15B,0.947675
