GENE,ENVISION
B4GALNT2,1.002380
BIRC6,0.758953
CHPF2,0.860162
HSPG2,0.776783
ACACA,0.777108
LOXL2,0.790414
EP300,0.803386
EPX,1.032850
USP41,1.012170
CDKL3,0.872980
USP42,0.940168
FIG4,0.891344
DGKI,0.853645
TTN,1.002510
JAK1,0.924794
GUSB,0.929761
UGT2B7,0.997239
DAGLB,1.016300
HAL,0.979164
SLC13A2,0.924869
AQP8,0.949389
USP14,0.820480
SETD2,0.970922
ST6GALNAC3,0.881946
ST6GALNAC1,0.782107
ABCC11,0.588131
MTTP,0.848136
SLC35C1,1.005540
NLN,0.911728
ABCA8,0.911412
