GENE,ENVISION
TRIM11,0.807610
TNK2,0.968961
SLC52A2,0.857668
TBL1X,1.010430
UGT1A10,0.894568
SLC5A1,0.972903
MAP3K4,0.948857
ENPP1,1.019830
MBOAT2,0.775158
IMPA2,0.836318
SREBF1,0.838978
HAO1,0.769810
APOA5,1.006830
HLTF,0.995968
SETD2,0.826393
PTPRJ,1.055580
REG3A,0.909043
