GENE,ENVISION
SMG1,0.763152
ACE,1.000150
PIKFYVE,0.932055
ADHFE1,0.757458
PLOD1,0.869462
ROCK1,0.650134
CTSG,1.014840
USP40,0.898184
HERC2,0.973719
ILKAP,0.887903
SDHA,0.581632
AACS,0.917459
SPEG,0.928166
NDUFA9,0.941658
DHODH,0.951383
TAOK3,0.978534
