GENE,ENVISION
MARCH10,0.869568
POLA1,0.925306
SLC52A2,0.819795
GRHL1,0.851404
PARS2,0.734120
SLC22A16,1.074150
WNK1,0.869626
USP43,0.778646
POLD1,0.798288
SLC5A5,1.007340
HELZ2,0.945825
ALDH1B1,0.874312
FKBP9,0.818196
