GENE,ENVISION
ST3GAL3,0.945975
ASH1L,0.974538
GUCY2C,0.963577
TTC3,0.720434
TPTE2,0.957352
USP2,0.947508
TRIO,0.989287
POLRMT,0.989139
POLD3,0.982404
ADH1B,0.932071
ATP6V0A2,0.928279
SLC5A8,0.835319
SLC18A2,0.964348
OPLAH,0.764378
NCOR1,0.983782
USP20,0.992908
