GENE,ENVISION
KMT2A,0.841044
FUT10,0.975579
HAS1,0.878428
POLQ,0.777057
INPP5J,0.984381
GAK,0.943393
PPEF2,0.786853
MAN2A1,0.856375
CAT,0.748215
HERC1,0.801325
MGAT5B,0.970915
FUT2,0.972854
ABCA1,0.809258
SLC26A9,0.904546
LYN,0.985819
SLC25A13,0.819503
DECR1,0.970797
MDH2,0.859275
