GENE,ENVISION
SPHK2,0.858587
FDFT1,0.912151
VARS,0.907912
P4HA2,0.719288
SLC7A9,1.005700
EPHA7,0.686093
PAICS,0.981834
ETFDH,0.474000
HMOX2,0.940401
PLCH2,0.783160
PIK3C2B,0.820209
TPI1,0.977514
PIGS,0.843363
GUK1,0.705441
TTN,0.858604
UAP1L1,0.824688
SLC18A1,0.943731
USP42,0.912505
SHPRH,0.886664
USP17L2,0.952446
