GENE,ENVISION
DAGLA,0.961563
ST3GAL1,0.695600
PHKA1,1.013830
LIPF,0.769277
ACAD8,0.821125
CPA6,0.976055
DNMT1,0.937782
SLC4A4,0.800942
CARS2,0.908885
POLRMT,0.988020
SLC26A2,1.023040
ME1,0.860622
GPX7,0.869076
PRKCQ,0.952371
GUSB,0.874268
GMPS,0.888743
