GENE,ENVISION
RIOK2,0.859397
NPR2,0.887386
PARP9,0.973900
CLOCK,0.984446
DUOX1,0.894081
CAMKK1,0.856052
CHIT1,0.844370
PIKFYVE,0.934055
MOCS1,0.857985
PFKP,0.838460
IKBKB,0.892929
DYRK3,0.917816
UGT2B17,0.941169
MVD,0.819676
FBP1,0.948923
MYLK3,0.989167
HSD17B2,0.986027
TYRO3,0.975342
