GENE,ENVISION
ACE,1.002610
AGXT2,1.011160
SLC4A5,0.953422
PPOX,0.934473
POLE,0.815582
AKR1C3,0.741571
UBE3C,0.930349
MGAT5B,0.825998
HSD17B7,1.001790
ITPK1,0.830984
KMT2B,0.946357
KMT2A,0.858750
HERC1,0.863907
CPOX,0.841435
RAG1,1.018290
MVD,0.813133
CTSS,0.912857
ADCY5,0.980064
RPS6KA2,0.911358
GPT2,0.901842
PTPN12,0.766904
DDR1,1.010280
GPX4,0.813079
NEU4,0.991671
SLC1A5,0.825387
MGRN1,0.982383
SDHD,0.934857
