GENE,ENVISION
SPHK2,0.918017
HMGCR,0.855516
SLCO1B3,1.015710
FMO6P,0.941658
SLC5A8,0.834390
USP26,0.912261
USP20,1.000730
XPO7,0.863857
DPYD,0.833681
PHKA2,0.936259
SLC12A4,0.765158
GAK,0.973693
OBSL1,0.876203
WNK2,0.858887
ACSM2A,0.698277
PIGN,0.982299
PPP2R2B,1.011830
CES3,0.701817
SLCO2A1,0.864913
MIA3,0.911375
LMTK3,0.864949
USP19,0.843794
TLK1,0.850983
ADH6,0.637934
ABCG8,0.930997
MYLK,0.875782
GLB1L,0.931095
PTPRN,0.843373
