GENE,ENVISION
B4GALNT4,0.856592
UGT2B7,0.837712
DDR1,0.832580
SERPINA1,0.770265
TTN,0.969179
USP2,0.976718
RPS6KC1,0.974104
ABCB11,0.835791
RIPK4,0.985942
SDR9C7,0.925591
CYLD,0.949807
AXL,0.859008
COPE,0.963618
B4GALT1,0.744757
HAS2,0.815190
CYP3A5,0.944687
BCR,0.910631
UBR5,0.847356
ENGASE,0.758012
