GENE,ENVISION
UBE2I,0.872769
RPS6KA1,1.004670
GUCY2C,0.959154
GUCY1A2,0.911909
AK3,0.770758
USP47,0.718498
ACSM2A,0.839222
MAST3,0.911245
AGXT2,1.028240
WNK2,0.765752
MAP4K1,0.968963
ITPKB,0.571806
SLC12A1,0.924385
TTN,0.961711
PGLYRP4,0.969019
SLC5A9,0.943802
NLK,0.766963
PTPRR,0.860263
DGKI,0.997388
ALDH1A2,0.966509
ZC3HAV1,0.903526
