GENE,ENVISION
LRP2,0.819442
XPO7,0.931917
PTK7,0.918501
UBE2Z,0.749097
WNK2,0.944123
SLC2A13,0.869232
DGKH,0.914805
SLC7A3,0.889509
MGST3,0.861328
POLR1B,1.001790
PTPRD,0.810420
TTN,0.824633
RNF152,0.817145
SLC5A9,0.758642
USP32,0.887637
CHST6,1.013940
CYP2S1,0.853515
GUSB,0.564474
