GENE,ENVISION
HS3ST5,0.742733
PNPLA2,0.924753
CAMK1,0.601108
LYPLA1,0.710755
EPHA4,0.862669
OXSM,0.856737
UROS,1.001210
HACL1,0.870858
GRHPR,0.953721
SLC35B2,0.943054
ABCC9,0.852386
ABCC4,0.967618
HSD17B2,0.956549
