GENE,ENVISION
EPHA5,0.837515
TYRP1,0.742420
MGAT1,0.872205
RPS6KA6,0.586988
PRKCE,1.006430
DDR2,0.938917
CHMP4A,0.986858
CDK10,0.984904
EPHA4,0.832583
CSF1R,0.754945
KAT2A,0.659966
MTHFR,0.873829
PIGS,0.798606
PTPRB,0.734690
ACSBG2,1.014350
PPIP5K1,0.644237
NME4,0.836752
PTPN11,0.938108
GAA,1.025010
