GENE,ENVISION
TARS2,0.757477
ACVR1C,0.668341
B3GALNT1,0.970677
ADCY3,0.983423
LCAT,1.012500
TRIB3,0.812315
EGFR,0.706454
SLC36A1,0.977651
HERC2,0.835084
PTEN,0.882331
EPHB1,0.852901
PRKACA,0.882417
USP14,0.992071
SLC12A2,0.839973
GMPR2,0.883461
TRPM6,1.014990
GARS,1.017040
