GENE,ENVISION
PTPRU,0.793944
PTPN18,0.875059
SETMAR,0.863238
KMT2D,0.853926
MOS,0.787181
GRK7,0.868224
AMPD1,0.958785
EPHA4,0.914606
PRKCD,0.988999
AGXT2,0.943477
SYVN1,0.991882
CUBN,0.808795
SLC12A7,0.940678
ATM,0.744489
CTBP1,1.019150
FUT3,1.011150
SLC6A11,0.921780
USP42,0.890280
