GENE,ENVISION
RPS6KA6,1.028650
STK11,0.868474
BRAF,1.027070
ULK4,0.974247
PASK,0.967438
