GENE,ENVISION
DAGLA,0.960050
HERC1,0.858519
CSNK1A1L,1.004260
CERS4,0.895493
RNF167,0.832793
TM7SF2,1.005020
TPSD1,0.874966
SLC6A9,0.902277
ATM,0.794990
GAPDH,0.954983
PTK2,0.759696
LPO,0.779227
HEPH,0.974285
GSR,0.595419
SLC5A7,0.839635
UBR2,1.008170
B4GALT3,0.904069
SLC22A8,0.943156
KAT6A,0.868114
CHKB,0.728227
DPYSL3,0.820824
