GENE,ENVISION
NPR2,0.929520
LRP1,0.786678
EXT1,0.913979
ABCG8,1.013150
BIRC6,0.854697
FUT5,0.977246
USP9X,0.869045
MAP2K1,1.030470
DNMT3A,0.840918
TTN,0.842302
MERTK,0.869626
AUH,1.019700
SLC26A2,0.852964
SPEG,0.830363
EP300,0.979370
SLCO4A1,0.970775
TXNRD1,1.051360
CHPT1,0.886666
PRKD3,0.872245
