GENE,ENVISION
PPM1D,0.876704
CDKL5,1.013420
MGAM,0.852120
SLC3A1,0.922595
PPEF2,0.979006
ROCK1,0.890588
RIPK3,0.944334
GLDC,0.870594
SRPK1,0.922174
IP6K2,0.946152
PRKD2,0.761760
