GENE,ENVISION
AOC1,0.803785
ADCY5,0.902946
GUCY2D,1.018140
HKDC1,0.792187
MGAM,0.852120
SLC3A1,0.922595
PPEF2,0.979006
ROCK1,0.890588
SLC12A5,0.977030
MKNK2,0.782856
B4GALNT4,0.790467
SLC29A4,0.772772
OXCT1,0.953966
GLDC,0.870594
ATP2B1,0.861251
NEK6,0.804014
SRPK1,0.922174
IP6K2,0.946152
KDR,0.980080
