GENE,ENVISION
EP300,0.920515
GRHPR,0.889560
METTL3,0.729269
LPIN2,0.869321
LRP1,0.769765
PTPN13,0.808849
SLC13A3,0.924534
HSPG2,0.811668
PIGN,0.979533
CTDP1,0.991861
SETD1B,0.865213
PC,0.895569
NPC1,0.850197
ENO3,0.923280
OBSL1,0.825938
DIO3,0.936714
BUB1,0.988073
GFPT2,0.719785
FANCL,0.853689
MAPK15,0.767808
PIK3CB,0.972407
