GENE,ENVISION
KMT2C,0.906935
ALG8,1.021520
CYP4Z1,0.936671
AHCYL2,0.996662
ABCG8,0.908259
PRPF4B,0.983863
PRKCB,0.714161
PIK3CD,0.977469
NAMPT,0.943233
PTPN14,0.968303
CPT1C,0.982328
EIF2AK1,0.865927
TNIK,0.766904
ABCA3,0.821890
SLC15A3,0.980896
SPEG,0.830251
TRPM7,0.905401
UGGT2,0.735871
CNDP1,0.710078
ABCA8,0.841694
