GENE,ENVISION
FHIT,0.869873
SLC33A1,1.017540
POLE,0.777772
IARS,0.947457
RARS2,0.927518
OXSR1,0.925996
FLT3,0.865995
SERPINA1,0.899992
IARS2,0.941046
SMURF2,0.851668
STK24,0.919473
TTN,0.726051
IRAK1,0.970005
KMT2A,0.986126
EPHB1,0.900112
SH3RF2,0.800845
PRKCA,0.851147
COX4I1,0.847853
SLC9A7,0.825523
HELZ2,0.917146
ATP2B1,0.862669
LMTK2,0.957594
PTPN11,0.793147
HIPK1,0.841486
BTD,0.700178
PTPRD,0.821968
RNF103,0.948101
POLD3,0.843373
DHODH,0.792561
ABCC3,1.018240
