GENE,ENVISION
CHST11,0.993076
FHL2,0.757458
HECTD1,0.817845
KMT2E,0.826532
STK33,0.982495
HK3,1.021070
SLC16A7,0.882019
NDUFS3,0.927984
PLCH2,0.925431
CAMKK2,0.926002
SLC35B2,0.852520
TTN,0.918501
SLC15A3,0.872327
EYA1,0.966431
USP34,0.885468
MTMR3,1.040790
