GENE,ENVISION
LMTK2,0.943650
PPP3R1,0.888707
BARD1,0.941854
GNPTAB,0.727275
CTSD,0.832711
RBBP6,0.831822
PRKAA1,0.950694
SLC7A1,1.008750
MBOAT2,1.015660
MAST2,0.856204
PRKAR2B,0.935460
BRAF,0.768553
ETNK1,0.853689
SIN3A,0.842570
CHST4,0.767049
RNF146,0.953529
