GENE,ENVISION
GUCY2F,0.926040
LIPG,0.915734
VARS2,0.998718
CUBN,0.944034
CARS,0.813133
PAICS,0.861416
ADCY8,0.843764
PLCXD2,0.755898
CPA5,0.595792
SLC22A5,1.022990
FABP4,0.762931
PADI4,0.985993
ITPKC,0.793238
SPEG,0.834905
TPTE,0.866303
CLK3,0.918159
TAOK2,0.769810
