GENE,ENVISION
VARS,0.905883
BIRC6,0.932439
DUOX2,0.782472
TNIK,0.898327
RRM1,0.846197
PDE3A,0.913101
RNGTT,0.947122
FLT1,0.987529
PTK7,0.990423
PPP1R3A,0.963318
CSF1R,0.938074
TTN,0.730925
ETNK1,1.073730
PYGM,0.852087
GUSB,0.660548
ART1,0.866535
ASH1L,0.782805
TSSK3,0.775854
CAMK2D,1.016380
RNF40,0.970808
UBA3,0.860622
ZSWIM2,0.975446
IP6K3,0.986126
RIOK1,0.909255
LMTK3,0.849429
TPTE2,1.023720
RTCA,0.808526
SI,0.993142
SLC22A8,0.848755
HIRIP3,0.897496
