GENE,ENVISION
SLC6A3,1.011330
UBE3A,0.667741
PARS2,0.979073
SLC32A1,0.948954
HSPG2,0.998751
UGT2A1,0.815990
USP29,0.768652
SLC9A2,0.827272
DPYD,0.668971
CHD9,0.915808
GK2,0.742435
FGR,0.923642
GLT8D2,0.858274
SLC47A1,1.011290
TTN,0.620815
MLYCD,0.829145
SH3RF3,0.867701
TTC3,0.886099
PLCB1,0.770926
REV3L,0.947561
ACOT4,0.894253
ACOT2,0.750382
IDUA,0.860436
LRP2,0.950950
GALNT15,0.799942
LSS,0.884385
UGT2B11,0.783082
HARS2,0.743186
