GENE,ENVISION
AOC1,0.910634
POLQ,0.743113
ATM,0.901219
NQO2,0.885718
NADSYN1,0.843072
PRKDC,0.951033
CARS2,0.983928
MARCH7,0.767533
SLC29A4,0.747961
MAPKAPK5,1.016390
PPM1D,0.876704
DPYD,1.005560
SLC28A3,0.938379
FHL2,0.877495
GAK,0.772868
TRPM6,0.918863
ERBB3,1.021130
ALOX5,0.928187
LDLR,0.983924
LPL,1.009050
SLC1A5,0.877442
USP33,0.857157
SRPK3,1.008060
POLR1B,0.998834
DGUOK,0.965822
SPEG,0.978043
