GENE,ENVISION
PRKCI,0.892545
CYB5R2,1.002530
SLC7A1,1.014720
HS6ST2,1.017240
MOCS1,1.012570
STK36,0.862019
JAK1,0.988454
CLK2,0.927254
NEK9,0.982001
FUK,0.845427
RNF40,0.913563
