GENE,ENVISION
DAGLA,0.976529
GATM,0.880667
DUOX1,0.857157
CHST8,0.977724
GALNS,0.900408
ATP8B1,1.013260
ACAD10,0.981321
PRKD1,0.894555
HIPK3,0.976391
SLC26A1,0.811534
SLCO1B3,0.841298
BMPR2,0.977610
PRKD2,0.980560
L1CAM,0.972734
SLC15A2,0.995067
UGT1A6,0.917771
ACOT13,0.929308
SLC4A8,0.992595
PIP4K2C,0.889707
