GENE,ENVISION
CYP2J2,0.952232
TRIM11,1.000800
EARS2,0.793008
PPP2R3A,0.915223
LMTK2,0.859415
CYP2D6,0.930097
NOS1,0.811637
PRPF19,0.891036
CPT2,0.670698
GALNS,0.816582
CDK11A,0.867052
CAT,0.961394
SLC29A4,0.856393
NOX5,0.885143
CYP2A6,0.975716
USP29,0.940366
ABCB6,0.526345
PMPCA,0.852756
DHCR7,1.016510
FUCA1,0.979961
SLC19A1,0.864200
