GENE,ENVISION
UBE4A,0.911202
B3GNT7,0.880856
POLQ,0.975395
EPHA8,0.860354
STK33,0.780144
RPS6KC1,0.942578
ABCB1,0.726765
SLC4A4,0.869675
PLCD4,0.788637
DAGLB,0.851105
CYP2A7,0.941206
TTN,0.943712
DMPK,0.982371
SLC5A7,1.006750
NSD1,0.815885
FUCA2,0.779691
CP,0.922656
B4GALT5,0.976306
PRKD1,1.009960
MCCC1,0.875974
PAFAH1B2,0.918369
