GENE,ENVISION
USP8,0.821943
NPR2,0.817364
MAP3K6,0.757477
HSPG2,0.965787
CYP4B1,1.020980
MIOX,0.912323
INSRR,0.891637
CTH,0.636753
SLC4A8,0.918241
KYNU,0.621408
CYP2F1,0.994751
PIK3CD,0.813359
ALAS1,0.997202
PLCB1,0.718498
TRIO,0.820259
FMO1,0.824272
ACSF3,0.940150
CTSD,1.019890
WNK4,0.929493
ACSM5,0.893502
NCOA1,0.806567
CYP2A6,0.843740
CHST4,0.791263
SLCO1C1,0.758012
CYP1A2,0.525750
TSTA3,0.830328
ACSL3,0.930955
HMOX1,0.968475
FARSB,0.916768
SETD1B,0.865213
PLTP,1.012750
