GENE,ENVISION
NADK,0.913512
PRODH2,0.864337
ACVR1B,1.026850
FTMT,0.956264
AKT3,0.853202
CYP4F3,0.910589
NGLY1,0.783694
FKBP9,0.769878
USP24,0.976437
INPPL1,1.003330
PTGIS,0.889544
ACADL,1.003800
LIPT1,0.988410
TTN,0.921147
TRPM7,0.917811
GBE1,0.952177
SULT1C4,0.993951
CAMK2B,0.872301
PRKCG,0.842518
LRP1,0.933807
ARG2,0.910506
ABCA3,0.973491
MYBBP1A,0.936717
PTPRJ,0.887587
ABCC2,1.006400
