GENE,ENVISION
TGFBR1,0.602721
USP9X,0.913155
APOB,0.769081
BIRC6,0.840794
USP41,1.012170
MYLK,0.829052
INSL3,0.736820
DGKG,1.014600
MGAT1,0.817746
POLE,0.871160
DGKI,0.921151
TTN,0.868111
GUCY2D,1.010040
POLM,0.931780
FUCA1,0.997076
SLC4A8,0.847046
USP21,1.014810
HS3ST3B1,0.997733
