GENE,ENVISION
USP11,0.892683
ART3,0.844813
KYNU,0.577491
XPO6,0.817247
MYBBP1A,0.973345
CYP7B1,1.010230
HERC1,0.861416
ECI2,0.989829
UGT2B17,0.880003
MGAT4A,1.059500
SRMS,0.839988
HECW2,0.864855
GTF3C4,1.007170
NMNAT3,0.979631
TPTE,1.006530
CP,0.957444
SARDH,0.916962
