GENE,ENVISION
AOC2,1.012280
UCK1,0.948571
BIRC6,0.840794
PPEF2,0.853806
EIF2AK4,0.825925
SMURF2,0.873283
MVD,0.977906
LTK,0.955973
ABCD3,1.017260
SLC22A9,1.054980
