GENE,ENVISION
B4GALNT4,0.841999
GPAT2,1.006360
PTPRZ1,1.005950
SLC35B2,0.942846
PRKAR1B,0.718498
ABCA1,0.847130
ABL2,0.973145
HSD11B2,0.973369
SGPP2,0.983184
