GENE,ENVISION
ACACB,0.816080
NEDD4,0.720434
ALOX5,0.664245
SLC2A13,0.835956
CHSY3,0.860263
XYLT1,0.989204
NCOR1,0.863823
ZSWIM2,1.006640
PTPN5,0.775843
