GENE,ENVISION
CREBBP,0.767427
KMT2D,0.843712
ACACB,0.783520
SLC9A3,0.958383
POLE,0.816968
HERC2,0.793664
INSRR,0.929082
SLC15A4,0.946116
TTN,0.995670
