GENE,ENVISION
HMBS,0.969271
POLG,0.983212
NEK4,0.981093
LBR,0.982799
LIPE,0.945623
CA5B,0.895319
SLC2A7,0.809729
CBR4,0.974285
SULT1A1,0.947547
NUDT5,0.915646
PGLYRP1,0.750770
ADCY9,0.843373
HSD17B8,0.889269
TNFRSF21,0.863993
GBE1,0.782197
CHMP4A,0.850438
GLTP,0.843109
SIN3A,0.904646
DUSP12,0.916535
