GENE,ENVISION
HACE1,0.950514
PPP1R3A,0.861131
MAPKAPK3,0.857244
MGAM,0.892793
ALG1,0.978864
CDC14B,0.932406
CD36,1.019530
RPS6KB2,1.023350
SORD,0.815817
PDPR,0.864855
MAP3K9,0.994658
TTN,0.863640
FKBP2,0.976392
SRPK1,0.831009
DGKG,0.935731
