GENE,ENVISION
NPR2,0.942694
LBR,1.033440
GUCY2F,0.969148
HERC2,0.984230
TTL,0.798473
PIGQ,0.839643
ABCB11,1.020210
AKR1B10,0.887379
COPG1,0.998052
UGT2B28,0.908868
RNF20,0.929903
