GENE,ENVISION
LRP2,0.719329
ADCY6,0.895329
SCARF2,0.885847
PLCB2,0.991416
SLC9A8,1.021410
PRKCD,0.857371
ECI2,0.759567
AMDHD2,0.787877
COQ5,1.001230
IRAK3,1.075050
SLC19A1,1.012700
HSD17B4,0.942527
USP22,0.774274
KDR,1.025580
SLC35C1,0.958572
