GENE,ENVISION
KARS,0.992879
TGM6,0.945412
CHD9,0.846173
CYP8B1,0.975151
FAM20B,0.866177
HUWE1,0.857870
MOCS1,0.865045
MAST2,0.981083
HS3ST3B1,0.912139
GPD2,0.847924
SLC27A5,0.936302
RNF216,0.901516
UGT1A1,0.987446
AXL,0.813133
