GENE,ENVISION
COPA,0.894848
BMPR1A,1.019110
HSD11B1L,1.032420
ALAS1,0.968275
TIAM2,0.820853
SGMS2,0.813133
CMTR1,0.959197
ABL2,0.984420
DAPK3,0.872749
ABCC2,0.932161
GLT8D2,0.856204
