GENE,ENVISION
PRKCH,0.841969
CDKL3,1.012600
NCOA6,0.811110
SH3RF3,0.917750
PGLS,0.856472
SLC36A1,0.947598
ANPEP,1.026080
FES,0.873753
ABCA1,0.956067
MMAA,0.862336
ABCD3,0.957961
DUSP16,0.859985
UQCRC2,0.819174
CMTR1,0.991424
TTN,0.768623
PRKD3,1.004540
