GENE,ENVISION
LARS,0.983682
PTPRS,1.011520
RFWD3,0.746629
SYK,0.761331
CDK11A,0.867052
CUBN,0.965363
REV3L,0.992119
POLR3A,0.999771
MAPKAPK2,0.982997
