GENE,ENVISION
LMTK2,0.873563
CUBN,0.869723
IDH1,0.905024
CIT,0.953385
INSRR,0.686181
EXT2,0.845808
POLR1A,0.908541
MYLIP,0.832389
PRKD2,0.862845
CDK20,0.905554
COQ5,0.820752
KAT6A,0.838277
UBR4,0.887924
UGGT2,0.975120
GMPR,0.808932
STK17A,1.021860
