GENE,ENVISION
NME6,0.847173
MTMR14,1.024500
ACACB,0.912680
WNK3,0.864471
PTPN9,0.975013
PPIP5K2,0.810821
POLE,0.980209
FER,0.910892
MCAT,0.903360
UBR3,0.813180
MTMR2,0.861416
