GENE,ENVISION
COPA,0.848680
INPPL1,0.968409
HKDC1,0.927939
USP47,0.935239
RNF180,0.958383
HERC2,0.918849
ACSS3,0.978259
SLC41A2,0.969465
UBA2,0.927925
BLK,0.835962
ATP2B1,0.783276
SETD2,0.771777
CSNK2B,0.969184
PIP4K2C,0.904348
PTPN4,0.820824
