GENE,ENVISION
PPP2R1A,0.876166
CPT1C,0.823682
PTPN21,0.972956
GALNT11,0.807296
ACACB,0.753443
AK5,0.906676
NDUFS2,0.862197
SPTLC1,0.884750
NSD1,0.964858
STT3A,0.967602
HSD17B4,0.706519
