GENE,ENVISION
ADPGK,0.850203
B3GALNT1,1.007310
MAPK4,0.902211
GRK7,0.968981
HSD11B1L,1.002190
GANC,0.881619
FABP5,0.758177
LPCAT2,0.908534
POLR3C,0.849995
MDH1,0.844936
ABL1,0.877975
NLK,0.916212
EP300,0.854741
DDOST,0.860577
SLC25A27,0.860622
