GENE,ENVISION
LRP1,0.764378
INPP5F,0.818278
SLC11A1,0.963780
AK7,0.975656
NKTR,0.945781
HSD3B1,0.912635
DYRK1A,0.878991
HEPH,0.998678
ACAD10,0.936561
EPHB1,0.771232
ATP2B3,0.781937
