GENE,ENVISION
ATP8A1,0.834105
ACACA,0.943344
FMO5,0.808079
ATM,1.006480
SLC25A1,0.919367
MTHFD1L,0.914840
NARS,0.886922
TTN,0.857157
SETD5,0.770678
SLC1A1,0.960941
