GENE,ENVISION
FDPS,0.856204
CIDEA,1.002740
MAP2K2,0.842375
SLC2A7,0.913147
BIRC6,0.821894
LAP3,0.967853
USP28,0.892037
HKDC1,0.984090
PRKCD,0.795454
INPP4A,0.982325
CKMT2,0.890304
DSTYK,0.978725
PDP2,0.991819
INSRR,0.726492
DGUOK,0.836890
PIGZ,0.785754
ST6GALNAC4,1.006710
SLC7A10,0.866708
TYR,0.870563
TTN,0.857184
