GENE,ENVISION
AGL,0.860354
TBXAS1,0.720931
NDUFB9,0.785835
SLC11A1,0.819109
AMPD1,0.956180
DHRS9,0.966532
NEK5,0.852592
GLIPR1,0.978735
