GENE,ENVISION
GALNT11,0.872098
CYP2F1,0.759266
NEDD4,0.865531
NPC1L1,0.998253
APOA1,1.003910
MOGAT2,0.972067
POLR3A,0.974170
SLC2A10,0.982441
PYGM,0.890990
UBR5,0.918427
