GENE,ENVISION
LRP2,0.984090
TRIO,0.987617
GALNT13,0.813653
SLC17A6,0.950552
SLC12A7,0.940678
SLC29A4,0.747961
IDH1,0.541293
GAA,0.973872
AARS2,0.774024
TRIM63,0.959792
NT5DC3,0.890379
UGP2,0.910892
HS3ST3B1,0.997733
