GENE,ENVISION
LRP2,0.994597
EPHB4,0.931005
EPHA8,0.944600
WNK2,0.980529
BIRC6,0.958698
MAP2K3,0.980899
CUBN,1.015450
INSRR,0.967501
NSD1,0.990188
EP300,0.947342
TTN,0.848112
