GENE,ENVISION
STK19,0.986573
CLOCK,0.988336
SLC7A6,0.976058
HUWE1,0.810017
EGFR,0.921836
CYP4B1,0.785145
PGLYRP3,0.804904
DMGDH,0.946561
IKBKE,0.995005
PARP9,0.975047
APOB,0.812756
CDKL4,0.904307
TFRC,0.927572
TTN,0.820642
PDHB,0.936885
ASL,0.955096
BUB1,0.942587
TICRR,0.792158
PTPRO,0.909480
EPHA10,0.911896
LTK,0.935129
SLC6A20,0.869415
SLC2A8,0.839225
AARS,0.875429
HS6ST3,0.775158
POLRMT,0.805331
