GENE,ENVISION
UGT2B7,1.058290
ABCG2,0.943567
PPP3CA,0.670513
LPIN1,0.915134
PLA2G12A,0.852120
TRMT1,0.851639
UBA1,0.860577
TCIRG1,0.932219
SLC12A6,0.941803
SLC29A4,0.747961
TTN,0.752854
KAT6B,0.728893
SLC26A9,0.890416
IL4I1,0.906299
SLC6A14,0.977054
PDK4,0.889291
CPS1,0.769892
ABCA8,0.846152
ABCC11,1.012100
