GENE,ENVISION
AGL,0.875844
SLC6A6,0.863557
UGT8,0.878944
ATM,0.911447
MAPK10,0.947087
SLC25A13,1.012430
B4GALNT1,0.929998
ALG1L,0.766082
MARS2,0.848088
STK25,0.741008
KHK,0.709423
MGAT5B,0.841307
ABCB6,1.009100
SRC,1.005300
GPI,0.942725
HERC1,0.911965
HERC2,0.795911
MACROD1,1.006960
CHST3,1.030170
PHYH,0.967408
TAF1,0.823145
PTPRN,1.005290
