GENE,ENVISION
FDPS,0.865935
CDC42BPB,0.904204
SCARB1,1.068350
LDLR,0.745536
ATP8B1,1.016420
ALDH1A1,0.787636
PTPRE,1.018910
SLC5A3,0.819782
NEK9,0.772274
USP33,0.855516
GARS,0.895633
