GENE,ENVISION
MARCH10,0.946757
UGT3A2,0.933633
G6PC2,0.917632
POLR3D,0.953478
AKR1A1,0.930399
L1CAM,1.012280
ADPRH,0.911529
SLC4A8,0.799552
USP19,0.858055
APOB,0.997564
PPP1R2,0.817554
CDK10,0.975153
MIB1,0.881066
GAL3ST4,0.844813
COPG1,0.965425
ART5,0.939280
CSNK1A1L,0.802088
PIK3C2B,0.778646
HMGCR,0.874839
GALNT7,0.740501
UBR4,0.830192
TNK2,0.984440
LCT,0.997861
ALDH4A1,0.969960
PXDNL,0.776471
POLRMT,0.877630
