GENE,ENVISION
AGL,0.899226
B4GALNT1,0.917567
INMT,0.743038
STK11,0.519837
ATP6V1H,1.000070
H6PD,0.976421
GPLD1,0.969984
UGT1A9,0.940075
ADO,0.865561
SQLE,0.742874
POLQ,0.943993
DCTD,0.904435
DOT1L,0.894393
AOC2,1.021640
KMT2D,0.859629
MAN2A2,0.994501
SUCLG2,0.763930
UBR3,0.860577
PDF,0.953067
TRIP12,0.828220
ATP2B4,0.935076
TYRO3,1.058980
PTPN13,0.983665
CANT1,0.868447
TARS,0.916730
MDH2,0.752854
