GENE,ENVISION
TUSC3,0.857630
BIRC6,0.919493
TNIK,0.739411
MIOX,0.891057
UROD,0.924596
EHMT1,1.011440
CMPK2,0.864771
CYP4F11,0.925061
VARS2,0.804231
TTN,0.978438
TECRL,0.905787
WEE2,0.975553
ERN1,0.974507
NDUFC2,1.007880
PIKFYVE,0.957909
AQP8,0.817768
PIK3C2B,0.994194
GALNT3,0.986365
PTPRT,0.916193
BAAT,1.008400
CTGF,1.013050
RNF144A,0.924028
