GENE,ENVISION
AGK,1.009470
PRKAR2A,0.997117
ALOX12,0.899915
CIT,0.930370
F13A1,0.955807
EP300,0.924945
TPTE,0.856555
CYP4F11,0.960215
GCLC,0.900719
PNPLA2,0.837413
TTN,0.778309
SLC8A1,0.925097
TRPM7,0.797314
SULT1C4,0.662621
WNK4,0.952608
XYLT1,0.876732
ALDH6A1,0.931455
SLC17A8,0.826886
ALDOB,0.962588
SGK3,0.777772
MYLK,0.956596
ATP6V0A4,0.851358
FITM1,0.851026
ANPEP,0.837587
PIGO,0.845160
INSRR,0.975593
