GENE,ENVISION
CERS4,0.964665
ALG3,0.746789
PRKD1,0.981065
PPIP5K1,0.608552
TIAM2,0.942580
CSNK1G1,0.953472
CDC42BPA,0.699426
HS6ST3,0.992730
PIGZ,0.878532
SLC4A8,0.923036
UBR4,0.942116
