GENE,ENVISION
PTK7,0.957089
KAT2A,0.685292
SLC5A1,1.001350
PRPF4,1.014720
PPP1R3A,0.860994
GCNT2,0.812278
PDE3A,1.012370
PLCXD2,0.861226
SYVN1,0.715447
SLC12A6,1.016450
PTPRB,0.946552
ACVR2B,0.868728
LRSAM1,0.964011
KMT2D,0.961867
MTR,0.905842
ACSM2A,0.946332
PHLPP1,0.818564
DUSP10,0.815885
B3GALNT2,1.013550
PIK3R4,0.948985
MYBBP1A,0.976252
B4GALT6,0.930511
MATK,0.975637
