GENE,ENVISION
HERC1,0.802058
TSSK1B,0.852154
UGCG,0.739719
PLCG2,0.869433
CUBN,0.997481
CDK10,0.837071
ACSF3,1.012650
PRKAA2,0.879309
MYLK3,0.918477
TCIRG1,0.979575
PTPRF,0.773180
C1GALT1,0.977898
DYRK2,0.916547
L1CAM,1.016600
GYG2,0.957293
