GENE,ENVISION
SLC6A6,0.973105
MAN2B1,0.751089
GNPTAB,0.884687
BIRC6,0.977734
EPHA3,0.943472
SLC5A5,0.879604
ATP6V0A4,1.008670
SLC12A7,0.940678
NTRK2,0.918094
PIK3CG,1.032480
CYP26B1,0.946524
PNPLA2,1.017800
ABCB1,0.601522
FTCD,0.972528
CES5A,0.924791
TTN,0.830192
EYA2,0.981622
KMT2D,0.910696
SLC13A1,0.885470
CSNK1G1,0.908341
CTDSPL2,0.779727
PPIP5K2,0.963798
MAN1C1,0.997532
WWOX,0.980972
ABCC1,0.963483
