GENE,ENVISION
PTK2,0.944599
GGT5,0.970958
GPAT2,0.919465
POLR3D,0.864769
POLR3C,0.978568
USP29,0.896213
B3GAT3,0.987753
PAM,0.918579
APOB,0.950631
SIK2,0.936038
ACSM3,0.829096
NPAS2,0.746308
SLC4A8,0.974507
C1GALT1,0.950569
MYCBP2,0.816838
WEE2,1.011080
PFAS,0.978242
TTN,0.813133
GALNS,1.010190
PTPRN,0.790414
HEPH,0.996745
EP300,0.919283
ATP2B4,1.016100
SRPK3,0.790414
ALK,0.926295
KL,0.963267
ATP8B1,0.863212
BRAF,0.768553
PTPRO,0.766904
UGT2B28,0.814777
HAS3,0.812159
