GENE,ENVISION
AGPS,0.961681
LAP3,0.867693
PTPRZ1,0.968081
MAPK15,0.849677
SLC25A37,0.859030
SPRYD3,0.768586
ATR,0.855410
NOX4,0.719643
EHMT1,1.024280
UGT1A10,0.975192
PXDNL,0.912561
NDST2,0.844813
SLC12A7,0.955125
AURKC,0.906665
NUAK2,0.900675
SIN3A,0.845399
CPT1A,0.948671
SIRT2,0.862084
HAGHL,1.046050
LPO,0.819109
MAST3,0.838935
SETD2,0.908743
RPS6KA4,0.829801
ACYP1,0.932964
SLC2A5,0.917112
ROCK1,0.883632
KIT,0.715780
NEDD4L,0.939877
BRAF,0.768553
UGT2B28,0.971440
CREBBP,0.924480
