GENE,ENVISION
EPHX1,0.902669
TGM6,0.825697
STK10,0.839334
USP9X,0.896426
POLR3E,0.954255
LOX,0.969899
SHPRH,0.882363
KMT2D,0.906531
XDH,0.999427
DGKH,0.983640
ITPKB,0.690227
ZSWIM2,0.974674
DYRK1A,0.842193
DGKG,0.974596
PHKG1,0.892911
PLCB2,0.899281
ACACB,0.916387
COX4I2,0.590771
AADAC,1.005840
TRIP12,0.810594
EZH2,0.846730
SLC27A3,0.914269
USP37,0.960308
SLC29A4,0.772772
HECW2,0.915665
CLK3,0.906194
SLC1A3,0.960422
