GENE,ENVISION
AOC3,0.764875
AMPD1,0.978670
UGT3A1,1.036740
FKBP4,0.797624
SLC29A4,0.772772
FMO6P,0.927963
BCKDK,0.965235
FAAH2,0.849167
CWC27,0.973010
MGAM,0.767612
PRKACG,0.674696
USP43,0.752940
SLC6A19,0.854418
DCT,0.917079
HSPG2,0.793111
PPEF2,0.793342
LPO,0.935721
AKR7A2,0.964944
CDS1,0.870674
PARP14,0.957618
FARSA,0.982404
DGUOK,0.638518
SLC35D1,0.981827
