GENE,ENVISION
BIRC6,0.927016
AXL,0.819442
SLC10A2,0.996888
NCOA1,0.899381
CERCAM,0.982404
USP42,0.909229
MARK1,0.767635
TRPM6,0.935582
PKM,0.960390
B3GALT1,0.694910
KMT2E,0.977318
SLC26A2,1.011170
AADAC,0.965321
MVD,0.977625
STT3B,0.880584
SLC15A1,1.064720
AMFR,0.981036
GLYCTK,0.897029
RNF103,0.963278
MGAT4C,0.813133
AATK,0.942319
COPB2,0.914636
