GENE,ENVISION
SLC9A4,0.948743
PLCB2,0.941923
SH3RF1,0.993901
ACSS3,0.959159
MGAM,0.861026
EPHA3,0.916154
USP43,1.021730
HEXDC,0.984252
SLC4A7,0.950167
ACLY,0.907427
STARD3,0.988113
TARSL2,0.858084
PAM,0.924137
