GENE,ENVISION
TGM2,0.950973
SLC22A13,0.973232
SGMS2,0.893503
MAPK12,0.818992
KANSL3,0.920973
DGKQ,0.978601
TESK1,0.778607
GUCY1A2,1.024440
DUSP8,0.944192
BMX,0.750386
NCOA2,1.009630
PIGC,0.898238
SLK,0.907050
HGD,0.928727
CHSY1,0.977318
IL4I1,0.906299
FGFR1,0.862876
CRAT,0.877107
DEGS2,1.026960
EIF2AK3,0.916226
ADCY9,0.900950
BMPR2,0.926885
