GENE,ENVISION
CRAT,0.880315
PTPN23,0.843538
ASPG,0.952981
SLC33A1,0.960659
TGM5,0.830757
EPX,0.640990
CLOCK,0.929121
CUBN,0.940751
PDIA6,0.987754
PAM,0.769878
NTRK1,0.928974
PRKCG,1.001410
RBBP6,0.923259
MYO3B,0.935425
TTN,1.004020
DGUOK,0.627793
CYP1B1,0.741119
B4GALT2,1.010860
MTMR2,0.825523
USP36,0.856902
ABCC9,0.986502
