GENE,ENVISION
GCNT4,0.945890
IDO1,0.775044
VARS,0.979320
CUBN,0.877690
UGT3A1,1.026170
RDH16,1.015840
PPP2R2B,1.002050
SYK,0.867574
MAST2,0.843373
ATP11A,0.868045
ABCA1,0.888907
USP31,0.829709
SLC1A7,0.826673
SLC19A2,1.019170
NPC1L1,0.978593
ASL,0.955096
