GENE,ENVISION
CBR1,0.961104
PLK2,0.690871
CARM1,0.848279
SLC5A9,0.957327
INSR,0.898185
DARS2,0.983064
PPWD1,0.810780
CWC27,0.949416
MAOB,0.853664
CHKB,0.816718
PMPCA,0.752854
SLC9A3,0.989657
STK31,0.936626
HS3ST3A1,0.915995
BMP2K,0.935934
ITPKB,0.830283
TTN,0.864275
PFAS,0.863197
SIRT3,0.919594
CSK,0.875816
HERC2,0.900756
SLC26A9,0.906266
ALDH1L1,0.792087
SLC2A4,1.043550
NDUFS1,0.889707
POLRMT,0.933959
CLK4,0.617434
GLS2,0.769878
