GENE,ENVISION
TGM1,0.970699
POLA2,0.852147
USP2,0.967723
P4HA2,0.977365
POLR1A,0.820100
PTK2B,1.001110
GPLD1,0.719288
BHMT2,1.025850
CHD9,0.873887
TTN,0.874375
GALNT3,0.822730
UGGT2,0.807475
DGKG,0.942045
G0S2,0.751971
PTPDC1,0.718768
CES1,0.896455
TPH1,0.869233
NOL9,0.960065
SLK,0.793395
SLC26A8,0.932655
ICMT,0.794876
TNK2,1.012330
SAE1,0.802126
GLB1L,0.860408
LCK,0.799649
