GENE,ENVISION
TGM5,0.927242
FKBP11,0.841575
NUAK2,0.850537
PTPRZ1,0.978288
FKBP6,0.865593
SLC5A6,0.870288
SLC26A9,0.949091
SQLE,0.757477
CYP2U1,1.005980
NCOA1,0.801538
USP42,0.780624
SLC5A12,0.826200
TRPM6,0.759501
AMY2B,0.788174
AQP1,0.950542
WNK3,0.978767
BCAT1,0.821778
CSNK1G3,0.616227
FES,0.910412
SULT1E1,0.938024
GLCE,0.813133
CHSY1,0.857744
PTPN4,0.852901
RBBP6,0.769810
ATP6V1E2,0.826904
PTPRF,0.989482
HSD3B2,0.953433
CYP11B2,0.860861
SLC1A3,0.958953
