GENE,ENVISION
STK19,0.986573
RFWD3,0.968210
PTPN13,0.908040
AMPD2,0.786678
POLD1,0.927217
ATP8B1,0.958985
CHST12,0.859985
SSH2,0.968182
TARS,0.943396
USP35,0.983093
USP11,0.936870
