GENE,ENVISION
EPHX2,0.935860
ACADVL,0.865169
ATM,0.916611
SLC4A7,0.882221
ATR,0.976093
GAL3ST1,0.973988
ADSL,0.806483
SLC25A12,1.015410
PTPN23,0.868434
MGAM,0.868752
RARS,0.876643
CDC42BPB,0.977188
TUT1,0.849129
LYN,0.671089
DGKA,0.952488
HSPG2,0.916634
CAMK2B,0.694018
PIK3C2A,0.984017
USP11,0.728450
PRKCG,0.755472
UBR7,0.836217
NME1,0.806208
CRAT,0.829876
MAPK9,0.909884
LMTK3,0.875075
ADCY1,0.942281
SLC7A11,0.782744
FITM2,0.750145
HAO2,0.897941
