GENE,ENVISION
ATP6V1H,0.784008
QPRT,0.755898
APOB,0.974446
USP34,0.873356
RDH5,0.948567
PDE3A,1.008300
NPC1,1.020310
INPP4A,0.927593
PHKB,1.004570
SLC12A7,0.998525
ALDH18A1,0.938671
ERN1,0.936477
ULK1,0.679863
SLC13A2,0.915613
PARP1,0.923719
CHSY3,0.777494
PIGS,0.983784
MIA3,0.991531
TRIM63,0.719329
RNF19B,0.945053
DUSP7,0.779264
SLCO1C1,0.811927
ACOX3,0.841158
ROCK2,0.800077
USP11,0.981482
PRKACA,0.898655
RNF123,0.955253
ECHDC2,0.666454
ABCC3,0.847144
