GENE,ENVISION
NCOA2,0.769810
LCT,0.959310
GCLM,0.852531
GLA,0.947234
UGT2A3,0.784275
AGXT2,0.972729
PPAT,0.893503
SLC26A4,1.017460
HMGCLL1,0.972443
B3GAT1,0.892483
