GENE,ENVISION
AOX1,0.959309
AOC3,0.832869
ACVR1,0.837754
TRIM33,0.944194
MKNK1,0.863197
RET,0.967068
PTPRZ1,0.932079
UBE3B,0.764378
SLC12A6,1.034150
TTN,0.780497
DYRK1B,0.927873
UGGT2,0.874469
PARP8,0.854455
ATP1B2,0.939316
HERC1,1.002660
ALDH1B1,0.981986
SLC27A4,0.791875
CHSY1,0.979297
ATP4A,0.975936
GSTM3,0.833160
PTPRG,0.863489
ABCA4,1.014290
