GENE,ENVISION
HECTD1,1.022230
EPHA8,0.909851
ENPP6,0.786853
JAK2,1.004280
ACSL1,0.844255
CDK11A,1.010370
RET,0.863182
UEVLD,0.815990
SLCO1B1,0.781312
RBBP6,0.899158
GAK,0.772868
ABCB6,0.828668
ZSWIM2,1.016880
SLC7A1,0.968778
RNF126,0.876154
SLC8A3,0.919286
EIF2AK2,0.708248
PTPRK,0.892938
GAL3ST4,0.911937
GAA,0.810386
