GENE,ENVISION
NAAA,0.822295
CHST6,0.981932
IDI2,1.006430
ENPP2,0.947350
RET,0.823071
XYLT1,0.982871
QARS,0.990515
ABHD6,0.985548
BDH1,0.938553
