GENE,ENVISION
NOS2,0.558467
CUBN,0.874294
RHBG,0.948663
LCAT,1.013900
SLC25A6,1.006990
ACSM1,0.909167
MGAT2,1.019830
PTPRD,0.924078
ATP6V0A2,1.006680
LTK,0.916956
GPX8,0.758012
ALDH3A2,0.968697
NEK11,0.856737
