GENE,ENVISION
USP8,0.922029
PECR,0.913279
WWP1,0.794495
GNPTAB,1.018290
CKMT1A,0.709759
HIPK1,0.858554
POLR3E,0.933740
SLC26A9,0.940821
CHIA,0.979631
UGP2,0.879178
RNF31,0.917480
PHKB,1.017240
NPC1,0.860571
DGKI,1.003960
GUCY1A2,0.802218
TUT1,0.918037
NCOR1,0.908301
DPYSL3,0.991416
MTR,0.841319
SLC24A1,0.766174
GYS1,1.023370
GALNT5,0.913727
PLA2G4F,0.890333
CHST6,0.840853
TREH,0.815990
STK31,0.908429
FUT4,0.929686
GPX5,0.771231
PTPRO,0.987455
PTPRJ,0.792554
