GENE,ENVISION
COLGALT2,0.787877
WWP1,0.794495
GNPTAB,1.018290
SLC7A5,0.841735
POLR3E,0.933740
GALNT5,0.913727
CHIA,0.979631
RNF31,0.917480
PHKB,1.017240
TUT1,0.918037
TYRP1,0.855029
DPYSL3,0.991416
SLC24A1,0.766174
GYS1,1.023370
NMNAT2,0.826570
SLC26A9,0.940821
PLA2G4F,0.890333
CHST6,0.840853
TREH,0.815990
FAAH,0.827404
ACOX2,1.017760
STK31,0.908429
SI,0.796406
GPX5,0.771231
CANT1,1.012660
PTPRO,0.987455
