GENE,ENVISION
NOS2,0.841367
DNMT1,1.024910
GNPTAB,0.860272
CDK10,0.861535
FLAD1,0.994356
SLC2A12,0.875100
AGA,0.866640
SRM,0.940941
RPUSD4,0.982812
PTEN,0.852213
COLGALT1,0.719288
CTSF,0.987287
DBT,0.932231
DGKD,0.969063
ENGASE,0.917131
