GENE,ENVISION
SLC20A2,0.785329
MUT,0.942589
HUWE1,0.926934
PARP9,0.978925
TRHDE,0.847249
SH3RF1,0.820205
HSPG2,0.908527
PARP1,0.970267
PIKFYVE,1.002680
RNF182,0.968652
UBE2L6,0.954109
PTEN,0.839790
POLE,0.895589
POLR3E,0.899522
DUSP18,0.974279
ME3,0.752854
RDH13,0.990123
GCNT2,1.018570
MTMR2,0.974671
