GENE,ENVISION
ULK3,0.795417
DNMT1,0.879944
FNTB,0.866564
DUOX1,0.925400
USP47,0.837027
DDR1,0.971850
CHSY1,0.853689
GYS1,1.012740
TTN,0.719288
MIA3,0.938007
ACO1,0.853043
LYN,0.973694
