GENE,ENVISION
USP6,0.847122
PLK2,0.766044
EGFR,0.648057
GLRX2,0.770466
TNIK,0.882208
BCHE,0.897469
GYG1,0.853689
UGT3A1,1.023520
SLC8A1,0.754690
ATP6V1B2,0.868092
SLC8A2,0.925555
LIMK1,0.793097
WNK3,0.762629
MYLK3,0.853409
SLC2A11,0.801714
ALG11,1.021950
CHST2,0.766773
SLCO1C1,0.911805
LMTK2,0.974610
EIF2AK4,0.988938
RNF103,0.780819
HAO2,0.942369
