GENE,ENVISION
SLC6A9,1.014760
KAT2B,1.041230
SETD1B,0.941901
FBP2,0.810701
USP28,0.856592
NTRK3,0.962972
SLC4A9,0.789721
ROS1,0.985731
UGT1A10,0.970753
TYMP,0.642789
PAM,0.752854
TPTE,0.890937
TTN,0.859176
MTMR7,0.791852
SLC6A12,0.832911
B4GALT3,0.825372
EYA2,0.827390
SIRT6,0.940463
ACACB,0.838733
WNK2,0.856965
SLC13A1,0.980608
CHSY3,0.874839
TPH1,0.777772
MOGAT3,0.787034
SLC15A2,0.772960
USP36,0.978930
PTPRR,0.843794
ABCA4,0.789694
SLC22A8,0.858300
CREBBP,0.671481
SLC8A1,0.889707
