GENE,ENVISION
FMO2,0.842442
SLC4A10,0.907969
KMT2A,0.951271
NEK5,0.958967
ADCY4,0.965010
CPA1,0.655694
RET,0.955810
SORD,0.921468
MARCH4,1.025080
ST8SIA1,0.844997
HSD17B2,0.867870
EP300,0.849887
