GENE,ENVISION
CPT1A,1.020760
TGM2,0.855190
B4GALNT2,1.016890
DHCR7,0.909576
FKBP4,0.720434
MBOAT2,0.920148
PRPF4,1.014720
CERS6,0.867619
PKLR,0.944613
APOB,0.758102
INPPL1,0.888944
ATP8B1,0.942273
NTRK3,0.959865
MYCBP2,0.830556
NNT,0.719785
DAGLA,0.950869
TRIO,0.992169
CUBN,0.926956
MAN2A1,1.007950
NDUFA9,0.993510
REV3L,0.902774
ADCY4,0.568524
DUSP28,0.905594
ABCG5,1.012570
PTPN13,0.904435
SLC2A6,0.769387
RPS6KC1,0.834395
SI,0.905100
MTTP,0.859595
