GENE,ENVISION
LRP2,0.901518
AOX1,0.919552
CPA2,0.826256
PDIA4,0.769810
FITM1,0.819435
MAP3K10,1.019700
CHD9,0.966692
POLR1B,0.872493
USP16,0.979619
ACSBG1,0.951033
CHAT,0.704566
SLC6A12,0.942353
SLC1A4,0.862040
CTBP1,0.927964
PTPRN2,0.914254
UGT1A3,1.052950
