GENE,ENVISION
EPHB2,0.872404
STK32A,0.842785
UROC1,0.971175
CIDEA,0.820878
LATS2,0.891628
DGAT1,0.873056
MAP3K10,0.715068
DUSP5,0.824266
USP29,0.867907
NEU4,1.008090
AASDHPPT,0.754774
TBL1XR1,0.983940
