GENE,ENVISION
TNKS,0.856025
APOB,0.988454
CROT,0.811110
PKN2,0.975117
PGLS,0.958907
DARS2,0.829862
RNF103,0.941491
ACADM,0.899763
UHRF2,0.988899
