GENE,ENVISION
SLC5A1,0.894474
SGPL1,0.830598
ADCY10,0.939909
GUCY2F,0.783160
PLCG2,1.020430
CUBN,0.807937
PAK4,0.965897
USP3,0.786678
MYLK,0.950491
MAP3K10,0.870622
CHD9,0.966692
JAK3,0.963214
BLK,0.962005
UBR3,0.786557
STARD3,0.906287
EP300,0.862777
PYGL,0.948705
LRRK1,0.997576
