GENE,ENVISION
LRP2,0.976569
SLCO1B1,0.912943
SLC10A1,1.004390
APOB,0.969562
KMT2D,0.924974
CDK13,0.849641
AXL,0.770301
LPCAT4,1.016940
PTPRG,0.916347
LIPE,0.998280
SLCO1B3,0.916284
TTN,0.675067
UGT1A4,0.940863
ALG1L,0.755898
TRPM6,0.848821
IP6K1,0.922880
ABCB6,0.824504
