GENE,ENVISION
CYP27B1,1.007780
PECR,0.903035
PRKCB,1.018330
PTPRS,0.827390
ACACB,0.819838
TRIM32,0.784506
EPHA4,0.881066
ALG5,0.854365
NOS1,0.770633
SETD1B,0.934280
TTN,0.863180
MACROD1,1.006570
DCXR,0.600197
SLC19A1,0.943159
RNF20,0.910384
UBR4,0.787101
