GENE,ENVISION
MAP3K10,0.870622
HUWE1,0.896424
LIPE,0.998280
ADCY10,0.785889
BMP1,0.981428
PLOD1,0.947715
SLC26A6,0.919400
AKR1A1,0.826444
TTN,0.961711
MIA3,0.795390
NGLY1,0.701559
USP35,0.793880
BRSK2,0.969200
