GENE,ENVISION
LARS,0.780988
SIRT3,0.970069
CYP11A1,0.912760
DMPK,0.998479
VARS,1.002560
SLC2A4,0.941254
CPT2,0.929882
PLCH2,0.860424
SLC5A2,0.931316
ATP11A,0.918903
NANP,0.912865
PTPRN,0.857415
ACAD11,1.016320
NCOR1,0.784008
