GENE,ENVISION
TGM1,0.834966
NOS2,1.029060
HAL,0.934891
VARS,0.793107
KMT2B,0.879583
CDC25A,0.934816
GLYCTK,0.934846
NUDT10,0.920784
ABCB11,0.938484
ZC3HAV1,0.953646
ABCC3,1.023670
