GENE,ENVISION
LRP2,0.976898
SLC26A11,0.983403
SLC38A1,0.782079
INPP5E,0.691122
PTK6,0.984090
FUT1,1.027000
ENPP3,1.025560
AMDHD2,0.973496
SLC5A5,0.920343
PRKAR1B,0.856433
SPEG,0.780535
DGKE,1.001260
CTSW,1.091040
