GENE,ENVISION
MAP3K8,0.861777
HSD17B11,0.951250
ADCY2,1.003940
MTR,0.832695
DGKQ,0.919373
CPA6,0.817672
ACAA2,1.051210
AMFR,1.006630
DHDH,0.943862
MOGAT3,0.961554
CHAT,0.972910
ALDH1B1,0.891511
ABCC1,1.013720
SSH3,0.753979
