GENE,ENVISION
LRP2,0.916849
NCOA3,0.918619
ULK3,0.906553
KMT2D,0.898371
ACSF3,0.988118
SLC24A2,0.857244
ACSM4,0.819483
AQP8,0.864751
GLUD2,0.985391
SETD1A,0.855075
GUCY1A2,0.835327
TRMT11,0.935588
ME2,0.878918
EPHA10,0.992908
COPB2,1.001470
SLC27A3,0.943504
