GENE,ENVISION
EPHA8,0.971684
EPHA7,0.762970
BIRC6,0.957924
KMT2A,0.896036
SETD1A,0.969100
PLCG1,0.879178
OPLAH,0.981575
NEK7,0.988706
AKR1C1,0.994446
GAL3ST4,0.844813
DGKI,0.833838
TUT1,0.783376
TRPM6,0.773089
PTPRB,0.914496
GBGT1,1.007020
MAN2C1,0.921607
NCOA3,0.797250
CYP4A11,0.862051
GALNT7,0.878240
LMTK2,0.931489
DBH,0.752854
TNK1,0.980158
INPP5D,0.918203
ADH6,0.535428
CYP8B1,0.886065
SLC2A5,0.757477
POLE2,0.932999
MYBBP1A,0.907427
USP22,0.929690
