GENE,ENVISION
MYO3A,0.941465
PLXNB3,0.918210
LOXL2,0.818534
APOB,0.897572
SETMAR,0.836585
UBE2Q1,0.852915
LIMK2,1.013690
NDST3,0.889707
KMT2A,0.934717
PLA2G4F,0.942499
HERC2,0.983886
MOGAT2,0.900434
TTN,0.962698
NR1D1,0.998278
SLC6A13,0.782048
CES5A,0.984377
KAT6A,0.775187
SLC29A4,0.772772
CPS1,0.858964
