GENE,ENVISION
NADK,0.869306
EPHX1,0.848013
ATP6V1A,1.008820
POLQ,0.772500
POLE,0.820964
ATR,0.919599
ODC1,0.861401
NEK4,0.972186
APOB,0.818673
AMN,0.819320
CPA2,0.925340
KDR,0.851502
KMT2D,0.918864
FGFR2,0.863832
NT5DC3,0.878843
ST6GALNAC1,0.835762
CYP4A11,0.982494
HEXA,0.438656
SLC22A12,0.958791
CYP2E1,0.798095
SAE1,0.930955
MYBBP1A,0.918841
RNF123,0.999329
