GENE,ENVISION
NEK6,1.020130
DGKZ,0.758529
GSS,0.942743
BUB1,1.017890
TICRR,0.818125
WNK2,0.817740
NAT1,0.803116
HERC1,0.838088
PTPRF,0.786678
PTPN9,0.972873
MAP4K1,1.019420
ABCB4,0.975464
CLK1,0.998965
