GENE,ENVISION
PTGS2,0.977974
ST6GALNAC4,0.787877
PSKH2,1.009740
ACE,0.934013
SYNJ2,0.832548
