GENE,ENVISION
EHMT1,0.862105
B4GALNT4,0.905559
NEK4,0.860931
MYO3B,0.765266
SH3RF2,0.891374
TM7SF2,0.777834
TRHDE,0.848707
CKM,0.747272
NARS2,0.937338
PDPR,0.907145
PTPRZ1,0.688595
FKBP4,0.816656
PADI3,0.997097
USP11,0.983090
APOB,0.849862
