GENE,ENVISION
DNMT3B,0.945463
ERBB3,0.842188
TSSK1B,0.795028
TAOK1,0.949238
BIRC6,0.713133
CIT,0.987079
CA6,0.846024
SLC24A1,0.990991
CHST1,0.843764
CMA1,0.974753
TTN,0.867072
SLC25A19,0.999503
GFPT1,0.945583
SLC8A1,0.916138
CLK1,0.962663
PTPRJ,0.870439
