GENE,ENVISION
AOC1,0.855992
PPP2R1A,0.500030
TSSK1B,0.795028
UGT3A2,1.025170
BIRC6,0.671631
PRKDC,0.804079
MARCH7,0.828068
BCHE,0.869188
CIT,0.987079
USP25,0.868899
ACSM5,0.950660
RPE,0.968587
MYCBP2,0.903490
NT5C2,0.936155
TTN,0.867072
DNMT3B,0.945463
ERBB3,0.842188
ASH1L,0.914265
KMT2D,0.747835
SLC24A1,0.990991
USP16,0.875265
TAOK1,0.949238
LRP2,0.905676
ADCY5,0.843373
PTPRS,0.786678
ABCG5,0.920091
CA6,0.846024
PTPRJ,0.870439
SDHA,0.595602
CLK1,0.962663
CPS1,0.848479
