GENE,ENVISION
SOAT1,0.913265
GLA,0.863240
HSPG2,0.937007
SLC7A2,1.000560
PRPF4,1.014720
APOB,0.973925
UBE3B,0.817480
AMHR2,0.866256
CYP26B1,0.884079
DGKH,0.972177
TTN,0.743525
TRPM7,0.936307
DAPK3,0.841814
ERN1,0.925052
ZC3HAV1,0.941639
ALDH3B2,0.933192
ART5,0.853144
PIK3C2A,0.973106
TNK2,0.936854
MAST2,0.778646
ACSL4,1.018970
CHD9,0.869794
ABCC9,0.959147
CHPF,0.886245
