GENE,ENVISION
TGM6,0.777973
CHSY3,0.923718
USP6,0.718498
G6PC2,0.781063
PTPRM,0.718314
INSRR,0.932429
PPWD1,0.990820
PHKB,0.845647
ROS1,0.808674
NCOR1,0.983886
APOB,0.972069
SLC11A1,0.983274
MAPKAPK2,0.923406
TTN,0.774087
AQP7,0.859803
ACVRL1,0.989571
MTR,0.633165
HK3,0.964262
HERC1,0.931222
MAST2,0.843373
CHSY1,0.992695
SLC18A1,1.020570
DZIP3,0.795488
MOGS,1.011360
ACSL6,1.016910
KIT,0.951958
KAT6A,0.626447
ABCC3,0.880462
