GENE,ENVISION
MYO3B,0.999031
DARS,0.806023
BIRC6,1.002830
PTPRZ1,0.979272
POLE,0.860942
PPIL3,0.900147
FABP1,0.943106
AADAT,0.593897
CBX1,0.870707
DUSP27,0.914517
PXDNL,1.043180
TTN,0.666213
MAPK4,0.846374
DUSP4,1.010850
DAPK1,0.926089
BUB1,0.778946
TRHDE,0.855463
CUBN,0.794884
SLC13A3,0.981622
ABCB11,0.941511
UBR5,0.973357
ITK,0.882175
LRP2,0.849861
LMTK2,0.921599
GPT2,0.758951
PSAT1,0.889545
POLRMT,0.860686
NEU2,0.829731
SLC19A1,0.920018
