GENE,ENVISION
DUOX1,0.919053
HIPK2,0.831419
POLE,0.984771
SETD1B,1.009880
USP29,0.825316
FUK,0.890520
LPIN1,0.993654
PRPF19,0.931917
RPS6KB1,0.611071
SLC12A4,0.996203
OBSL1,0.936599
FANCL,0.856143
MTMR2,0.861535
NLN,0.912827
ATP10A,0.981590
ACSF3,0.929903
XYLT1,0.922035
GARS,0.972673
TYRO3,0.998323
CSGALNACT1,0.933234
ALK,0.662463
FGA,0.826455
CHD9,0.966692
SLC5A3,0.822165
PLTP,0.860574
DGKE,1.014880
UQCRC2,0.875144
PRKD1,1.025950
