GENE,ENVISION
RPN2,0.843810
GUCY2C,1.014720
CUBN,0.918042
ACSF2,0.839448
RNF41,0.714572
GMPPB,0.814546
FASN,0.948831
ATP1A2,0.704328
SMPD3,0.977899
UGT2B10,0.933537
DUSP27,0.916284
ERN1,0.953956
LDHC,0.891111
