GENE,ENVISION
CLOCK,0.965517
PPP2R3A,0.911268
CKMT1B,0.663037
PLCG2,0.771613
MOCS1,0.801518
OXSM,0.892242
MAP3K5,0.977899
CDC42BPG,0.974088
TTN,0.660299
CDK4,0.892539
ACOT12,1.021150
HSD17B6,0.811917
DAPK1,0.907611
ATM,0.926615
FUT1,0.912308
SLC24A4,0.911244
GALNS,1.010850
LPO,0.855098
GGT6,0.857019
PRKCQ,1.009090
ATP2B3,0.855765
USP37,0.881440
FUT10,0.900014
ADCY8,0.915886
RNF144B,0.987760
PIK3R4,0.912997
HECW2,0.813888
SLC1A6,0.963548
PTPRJ,0.895266
