GENE,ENVISION
NADSYN1,0.866101
SLC17A1,0.922930
SLC29A4,0.939067
CDC7,1.018282
SLC10A2,0.932369
XPO7,0.718498
SDR42E1,1.015510
SLC23A2,0.934438
TTN,0.911403
SLC6A11,0.999277
ACY3,1.007860
GGTLC1,0.954455
GUCY2D,0.999149
HERC1,0.813133
SLC43A2,0.926660
AHCY,0.924945
INPP5F,0.975941
UBE2O,0.839207
GSTM5,1.004880
PTEN,0.833963
SARDH,1.029810
ABCA3,0.978452
COPB2,0.954975
SLC19A2,1.017160
HIBCH,1.020630
