GENE,ENVISION
TGM5,0.897078
ALG5,0.982404
BMPR1A,0.966619
POLE,0.985399
BCHE,0.705365
ATP11A,0.916319
FLT4,1.018990
SAP130,0.869626
CNP,0.834407
LPIN1,0.983251
NDST3,0.918448
ATP8B1,0.790948
SLC47A1,0.911856
ULK4,0.907350
RCL1,0.916644
BCAT1,0.922652
SLC26A7,0.773987
TRIP12,0.924725
IL4I1,0.916268
TBL1X,0.932415
MBOAT2,0.937608
LATS1,0.719785
PLCG1,0.911076
CYP27A1,0.984625
SI,0.941165
