GENE,ENVISION
KMT2C,0.969205
PTPN23,0.858006
SLC8A2,0.910761
USP49,0.846714
MAPK3,1.006060
PTPRT,0.766782
EIF2AK3,0.929740
IL4I1,0.906299
ABCA4,0.921368
PGM2,0.900255
PDE8A,0.855516
HSD17B12,0.958117
MAST2,0.999023
MYO5B,1.086960
ALG11,1.011850
ABCC4,0.992965
SLC17A8,0.842771
CMTR1,0.988412
CHST4,0.832781
CHPF2,0.860162
SMG1,1.001950
