GENE,ENVISION
TAT,1.014930
USP17L2,0.959291
HK1,0.941172
TARS2,0.752854
PRKCH,0.982610
CERS1,0.974394
EPHA4,0.809838
XYLT2,0.915779
ROCK1,0.831921
SLCO2A1,0.934588
SSH2,0.969792
ATR,0.948018
DDR1,0.959002
NMNAT2,0.842271
SLC36A4,0.884116
RNGTT,0.577246
ALDH18A1,0.525055
