GENE,ENVISION
ACSBG1,1.019890
MGAT1,0.872205
AGL,0.785835
DHRS9,0.959963
MAN2A2,0.902412
FARSB,0.904322
DGKH,0.764378
SUCLG1,0.870387
INSRR,0.575334
TRMT1,1.006920
RNF139,0.879558
ACAD10,0.838470
CYP24A1,0.979275
FUT9,0.719288
REG3A,0.872354
