GENE,ENVISION
G6PD,0.911047
SLC6A4,1.012810
USP4,0.976233
AGA,0.821679
CHI3L1,0.741142
UGT1A4,0.928129
NCOR1,0.928049
PTPN23,0.980608
EP300,0.859135
APOB,0.851098
DPYD,0.881367
USP44,0.999336
SLC12A7,0.900456
NEK9,0.936037
ACAT2,0.893168
TRPM7,0.999258
KMT2C,0.852920
KMT2D,0.760232
MPST,0.786359
USP33,0.980013
SETD5,0.899725
CTSV,0.786557
UBR4,0.888688
GM2A,0.736845
ADCY8,0.725484
EIF2AK4,0.759805
TCIRG1,0.868865
NEDD4L,0.849332
MTTP,0.820722
CMTR1,0.915302
HARS2,0.996621
