GENE,ENVISION
TAT,0.548151
CHST12,0.752537
SLC6A7,0.769267
SLC6A6,0.771968
NDST2,0.727329
ATP10A,0.994751
GLDC,0.977802
CTDSPL2,0.867567
CSAD,0.550133
ABHD12,1.013420
USP42,0.913985
MAN1B1,0.924663
PHKA2,0.961732
TTN,0.768778
HELZ2,1.070470
CBR3,0.729954
TRPM7,0.825523
OPLAH,0.903888
TYRO3,0.789360
