GENE,ENVISION
TRPM7,0.913114
TPP1,0.966471
RHBG,0.818744
POLG,0.964116
RNF138,0.902766
PTPN12,0.953455
SLC28A3,0.909263
PHLPP2,0.869306
PTPRN,0.863549
ACAD10,0.774592
FANCL,0.799311
PRKD1,0.955287
CREBBP,0.799131
