GENE,ENVISION
ATP6V0A4,1.014900
DNMT3A,0.839895
HELZ2,0.945825
ABCA3,0.822609
HERC1,0.875995
SYNJ2,0.999404
USP4,0.666107
PIGL,0.918045
PTPRG,0.923522
SLC4A4,0.970236
MAN1C1,1.023220
TTN,0.923352
ACO1,0.902637
PRKG2,0.996656
SDHA,0.615047
ACOT7,1.001590
ATP2B3,0.854838
AQP10,0.990206
USP37,0.895083
