GENE,ENVISION
SLC9A5,0.946458
ALG8,0.990940
FMO1,0.957327
TSSK2,0.918797
TSSK3,0.767475
TGM6,0.928686
ST8SIA4,0.861177
NT5C3A,0.891366
DGKQ,0.821210
PTPRZ1,0.790796
POLD1,0.874294
DGKH,0.894480
MAP4K2,0.820389
POLR3C,0.985950
DGKI,0.838403
TAOK1,0.985486
GGT1,0.896258
FUT8,1.018190
