GENE,ENVISION
HSPG2,1.000800
RET,1.018620
CIT,0.734767
HSD17B7,0.897371
ALG13,0.869199
CDKL5,0.943407
PDE3A,0.852361
GAK,1.007340
UGT2B11,0.746350
DGKB,1.001320
TRPM6,0.827459
TTN,0.691220
ALDH3B2,0.995770
PLCB2,0.857782
GUCY2C,0.712954
WNK2,0.914164
NARS2,0.701405
MYLK2,0.929224
PASK,0.904713
RAG1,0.915686
SULT1A2,0.911845
NAGK,0.915302
MGAT3,0.899692
ENGASE,0.888343
LRP2,0.790721
GGT1,1.049440
ABCC9,0.865237
CDK7,0.897778
AMD1,0.897953
