GENE,ENVISION
PTK6,0.971769
STK11,0.762675
AKT2,0.932413
NOS3,0.875040
PPA2,1.007090
LARS2,0.968703
SHPRH,0.770605
FUK,0.880774
NCOA2,0.777772
APOB,0.826964
TIAM2,0.892946
AMDHD2,0.782862
DGKI,0.877114
TTN,0.563904
DGKB,0.828402
MAPK8,0.968380
PFAS,0.719288
EPHB1,0.918037
SLC14A2,0.817371
ERBB4,1.008640
AQP1,0.548765
SRMS,0.960340
SLCO1C1,0.852092
LARS,0.858410
PPP1CA,0.915022
MOGS,1.004530
RPS6KC1,0.893315
BAAT,0.792847
RBBP6,0.843039
WWOX,0.868412
PPIB,0.975507
