GENE,ENVISION
CTSH,0.816703
LCT,0.990359
AGL,0.908682
NUAK2,0.942957
HSPG2,0.830776
OXSM,0.922350
XDH,0.982850
GPX5,0.802902
RIPK4,0.809740
POLR3A,0.933981
UGT1A4,1.003040
SPEG,0.849342
SLC30A6,0.752854
FKBP8,0.897406
ATP2B4,0.976283
