GENE,ENVISION
EPHX1,1.019130
HEXB,0.762818
ATP2B3,0.841828
GALNT13,0.885086
TRAF7,0.727222
USP47,0.720644
AMN,1.019630
SLC2A8,0.855075
ELOVL3,0.743173
TRMT1,0.926322
SLC1A4,0.958337
ACLY,0.946851
MAPKAPK5,0.929101
SETD2,0.975909
MYLK4,1.063190
ERN2,0.866785
CREBBP,0.841464
MAPK7,0.860462
