GENE,ENVISION
TRIM11,0.812066
ALDH3B1,1.015920
ACVRL1,1.012660
ALK,0.748354
POLQ,0.781582
ACACB,0.557137
PLCD4,0.966424
TPTE,0.801806
ABCA4,0.972745
NDUFA10,0.972986
SSH3,0.904313
ALDH1B1,0.753819
ABCC2,0.983085
ACAD11,0.759570
DERA,0.868774
FUT8,0.965293
