GENE,ENVISION
ASH1L,0.772574
DZIP3,0.840196
GALNT5,0.692889
PLCB2,0.904582
NTRK2,0.941907
SLCO1B3,0.745957
ATP1A4,0.979934
USP36,0.978930
MAP2K5,0.944261
TECRL,1.082610
ATP6V1B1,0.784644
KAT6A,0.972709
ALDH1A2,0.977064
NAGS,0.989155
