GENE,ENVISION
MYO3A,0.851330
MUSK,0.725053
TNIK,0.871783
ASS1,0.970929
CDC7,0.968041
DUSP27,0.812735
ACAA2,1.051210
RNF31,0.834314
PDHA1,0.956724
ADCY5,0.923748
GALNT5,0.945296
SLC25A28,0.869306
SBK1,0.801714
RIOK3,0.960264
PLD6,0.990799
GALNT10,0.719785
BMP1,1.046970
ST8SIA4,0.830507
SLC5A2,0.987606
USP51,1.004330
CAMKK1,0.980511
SLC18A1,1.016100
