GENE,ENVISION
MARCH11,0.978242
PGM2L1,0.976873
HS3ST5,0.949564
SLC2A14,0.946180
UROD,0.793081
POLM,0.929323
UGT1A10,0.933919
TTN,0.701406
DMPK,0.968841
AQP10,1.010840
SULT1C2,0.753911
KMT2A,0.880585
LRP1,0.893503
VNN2,0.921356
SLCO2A1,0.981100
AMFR,0.868199
HERC2,0.819411
MIA3,0.821764
GALNT4,0.796988
SLC15A3,0.980896
PLA2G4F,0.946746
CSNK2A1,0.734446
LRP2,0.860337
ATIC,0.863064
LMTK2,0.972615
SLC16A3,0.879942
MAP3K10,0.663463
FUT5,0.926222
POLRMT,0.932368
KAT6B,0.926971
