GENE,ENVISION
STK32B,0.833266
POLQ,0.922815
HK3,1.021070
MKNK1,0.860622
UGT2A3,0.940769
SLC12A7,0.940678
DHDH,0.776781
POLRMT,0.864586
PRPF4,1.014720
CDIPT,0.911745
