GENE,ENVISION
KANSL3,0.939535
UBE4B,0.760523
WWP2,0.888452
PIKFYVE,0.978856
ASPH,0.773859
PIP5K1A,0.867032
RPAP2,0.857476
EPHA1,0.859914
TTK,0.819327
ABCD1,0.976735
MARCH6,0.869086
ATR,0.993380
UBA3,0.864855
COQ5,0.859162
FASN,1.001450
PPA2,0.779042
