GENE,ENVISION
PPP2R3A,0.900731
STAMBP,0.830641
PTK7,0.814761
INPPL1,0.769706
EPHA7,0.908437
MGAM,0.972871
ATM,0.925263
RET,0.645287
SLC4A2,0.986412
NOS3,0.844491
ANPEP,0.996184
UCP1,0.900581
ABCC4,0.975082
COX7A1,0.956698
GART,1.002010
EHHADH,0.766020
TYR,0.996414
USP37,0.924804
