GENE,ENVISION
ACVR1C,0.754380
DUOX1,0.780252
BIRC6,0.910031
ATM,0.853444
ABCA8,1.019950
L1CAM,1.021800
FLT4,1.006740
NEK4,0.720434
PXDNL,0.934806
CBR4,0.903806
GLDC,0.968007
ASPH,1.013400
SLC5A11,0.780487
MYCBP2,0.702587
DOT1L,0.939349
ERN2,0.972186
PDE3A,0.888764
PRKCH,0.913229
PLK2,0.962510
PIM3,0.796528
GANC,0.895821
PTPRT,0.907174
GLCE,0.754599
UBR5,0.928395
L2HGDH,1.011070
CYP2F1,0.598273
KAT7,0.684214
PPIP5K2,0.766044
SI,0.953316
BRAF,0.778662
ABCA1,0.966924
SLC18A1,0.816772
TYR,0.823129
