GENE,ENVISION
USP8,0.923443
MARCH10,1.012850
SLC2A10,0.976857
SLC5A5,1.007340
GLS,0.871160
DGKZ,0.866074
CDK19,0.925616
USP43,0.867720
PHKB,0.853142
VARS2,0.823848
TTL,0.932845
GOT2,0.940461
SLC26A11,0.898975
EPHB2,0.938894
EXTL1,0.793154
COX4I2,0.927220
LDLR,0.881194
MOGAT3,1.025490
PIGV,1.007300
PRKCQ,1.022260
EP300,0.921238
SLC18A1,0.790570
TYRO3,0.855682
TNK2,0.622307
RPS6KA5,1.003160
CTGF,0.986367
MAP3K13,0.835396
ATP6V1G1,0.793683
TARS,0.825523
MYO5B,0.834042
MAK,0.856204
SLC1A7,0.814173
