GENE,ENVISION
PNLIPRP1,0.679104
PLCB1,0.825523
GALNTL5,0.888018
CKM,0.525213
PGLYRP4,1.003810
HERC1,0.914720
SDR42E1,0.940287
SPTLC3,0.843363
CHAT,0.557787
GNPAT,0.838070
SLC18A1,0.987250
YES1,0.876316
