GENE,ENVISION
ACE,0.879064
CYP2C8,0.597726
PHYKPL,0.947189
USP48,0.784644
CAMK1G,0.979315
SLC17A4,0.935906
NME4,0.877791
USP41,1.012170
SLC36A2,0.972249
QPCT,0.721952
PIGQ,0.786164
ENO2,0.919681
TTN,0.917492
GNPAT,0.933001
F13A1,0.721445
HARS2,0.903521
