GENE,ENVISION
ACE,0.595377
SLC7A6,0.975905
DMGDH,0.970472
GTF3C4,0.728878
NEK5,0.793232
CERS1,0.889326
ABCB1,0.700023
PHKB,1.083480
FHL2,0.764008
PDPR,0.767272
DIO1,1.008060
CYLD,1.003000
ERN1,0.928022
EYA2,0.931237
LIPC,1.020440
VRK3,0.982168
PIGO,0.970539
HERC2,0.850983
USP15,0.945723
RNF25,0.869221
ZADH2,0.763534
CSNK2A1,0.891867
UBR4,0.987291
PTPRS,0.869233
RPS6KA6,0.868019
ARSB,0.764429
AK5,0.950346
SI,0.829745
LPL,0.986442
OXCT1,0.957027
PRKD2,0.862832
