GENE,ENVISION
CYP2C8,0.866852
ATM,0.902210
GUCY2D,1.021290
SLC9A3,0.954901
MOGS,0.889983
EXTL3,0.944946
NAGLU,0.882082
EIF2AK4,0.990819
USP2,0.976718
G6PC2,0.908401
FUT6,0.939857
PTPRD,0.946703
ABCC8,0.927243
MGAT4C,0.836211
FRMPD2,0.918434
MTPAP,0.913706
MAN1A1,0.971525
UBE2W,0.862469
DHCR24,0.969482
