GENE,ENVISION
MYO3A,0.757477
LCT,0.979558
LRP1,0.719785
KMT2D,0.823718
USP45,0.822295
MST1R,0.869448
SLC2A3,0.719288
NME6,0.864265
PTPRG,0.991927
LATS2,0.758813
MAP3K12,0.947877
HUNK,0.766235
SPTLC3,0.908657
SLC4A3,0.919169
ABCC5,1.002450
SLC1A3,0.970757
