GENE,ENVISION
KMT2B,0.853262
GK2,0.871807
BMP1,0.945003
POLQ,0.815467
ABCG8,0.927475
MTHFS,1.024090
ALDH1L1,0.885934
HSPG2,0.847697
SULT1A1,1.007530
GLUD1,0.900026
UGT2B17,0.920046
RPIA,0.934496
PGLYRP4,0.996990
CRLS1,0.782595
SULT4A1,0.859791
