GENE,ENVISION
PHPT1,0.861373
SUCLG2,0.918991
STK32A,0.877550
ADCY7,0.884197
SLC9A2,0.974007
SLC7A6,0.753389
POLG2,0.891268
ACSM2A,0.882571
HERC1,0.998513
TTN,0.766015
MLYCD,0.980432
NCOR1,0.983903
STK35,0.857244
