GENE,ENVISION
CYP2J2,1.005310
PTDSS2,0.932646
UGT3A2,1.017730
RPE65,0.919009
GGT5,0.994841
PRKAA2,0.915373
LATS2,0.791753
FBP2,0.763297
SLC25A13,1.031590
PXDNL,0.969435
TTN,0.875857
ATP1A2,0.640588
FMO3,0.809578
PLCB2,0.921411
KMT2E,0.847415
SLC2A12,1.008870
IMPA1,0.593842
SLC1A5,0.976921
ST6GALNAC6,0.910359
ALDOC,0.701291
LMTK3,0.864973
PFKFB3,0.911167
HIBCH,0.929149
CYLD,0.885768
HECW1,0.980439
MYO5B,1.001680
PTPRJ,1.004590
