GENE,ENVISION
CHIA,0.755898
INPPL1,0.971747
ULK4,0.994466
TRPM7,0.851404
SLC25A1,0.869232
AARS,0.838699
PRPF4B,0.802521
SSH3,0.788303
HERC1,0.905982
NAAA,0.967858
TTN,0.864262
WEE2,0.967563
USP19,0.813133
SUOX,0.976233
CAD,0.860577
