GENE,ENVISION
SLC4A10,0.829594
ILK,0.880356
UGT1A9,0.959941
PPWD1,0.792657
MAN2C1,0.919328
SLC4A8,0.916733
NDUFV1,0.968306
CYP11A1,0.860393
PLA2G12A,0.797640
CDKL3,0.998573
CMAS,0.999210
SRMS,0.979666
ABCA3,0.968600
KMT2B,0.972452
ENTPD3,0.961999
GUCY2F,0.909817
CUBN,0.936710
NUDT5,1.006740
CKMT1A,0.886072
HERC1,0.854838
SLC26A3,0.930072
GALNT8,0.734392
UBR3,0.988543
ATP2B3,0.923612
ATP2B2,0.862469
ENGASE,0.957798
BRSK2,0.965270
FUT5,0.964934
ATP6V0A1,0.979041
