GENE,ENVISION
ADCY6,0.879254
SMG1,0.719643
NME1,0.986570
MAP3K2,0.973511
CERCAM,0.769387
HELZ2,0.926386
ABCC5,0.987374
TRIP12,0.873283
