GENE,ENVISION
POLQ,0.968023
EGFR,1.011510
SLC5A2,0.823093
PTPN23,1.024270
SMG1,0.919220
TFRC,1.000730
FASN,0.897684
CYP27B1,0.962972
HAS1,0.770777
KDR,0.933322
KMT2C,0.720732
FMO4,0.719907
ACSS2,1.010010
BCAT1,0.922652
ABCC4,1.035290
REV3L,0.896499
LCT,0.838747
LMTK2,1.000670
SLC16A2,0.633988
ROCK1,0.728000
DGKD,0.942324
SDHA,0.878132
