GENE,ENVISION
SLC6A2,1.001420
KMT2E,0.901881
TGM6,0.930372
MUT,0.607454
WNK3,0.996343
AK7,0.814071
ACHE,1.019660
CYP27A1,0.830288
ELOVL7,0.950790
PLTP,0.986386
TTN,0.561154
HEPH,0.855814
STARD3,0.961114
HSD17B2,0.817341
SETD2,0.982808
FLT3,0.924666
ABCA8,0.932994
HSD17B7,0.787839
