GENE,ENVISION
AGL,0.764378
BUB1B,0.879988
HUWE1,0.898337
PLCG2,0.972009
SMPD2,0.978594
ALDH1A1,0.960476
SAP130,0.700446
ASAH1,0.979999
ECH1,0.749137
IL4I1,0.818637
SETDB1,0.882363
TARS2,0.827518
SH3RF2,0.779251
YARS2,0.854355
DUSP16,0.953425
CHST4,1.016780
RPS6KA5,0.976510
CDS1,0.964923
PTPN14,0.962748
CAMKK2,1.015100
FUT4,0.929686
PTPRB,0.780973
ABCC4,0.836218
