GENE,ENVISION
DSTYK,0.824887
SLC6A9,0.855211
CTDP1,0.978740
SLCO1B3,0.927697
MARCH6,0.800646
CIT,0.937570
USP22,0.942390
AXL,0.822015
APOB,0.743143
TRHDE,0.953437
ABCB1,0.953208
TTN,0.622451
AMPD1,0.955396
NCOR1,0.968583
EPHB1,0.766123
SLC14A2,0.864391
GUCY2F,0.906878
HK3,0.917312
ABHD6,0.796863
UBR4,0.981409
SLC16A3,0.897608
HUNK,0.880863
