GENE,ENVISION
POLR3D,1.008600
PRKD2,0.989302
TSSK3,0.844195
B3GNT3,0.947697
HK2,0.869411
ALDH1L1,0.921257
HUWE1,0.856025
RNF180,0.908702
MAN2A1,0.999903
SETDB1,0.976027
PLCG2,0.905152
CTSZ,0.769960
USP16,0.752854
FES,0.872933
WWOX,0.974240
CYP1B1,0.965897
TESK1,0.779435
FLT3,0.851330
TAOK2,0.860263
PHKG1,0.824179
