GENE,ENVISION
NCOA6,0.904403
SCARF2,0.929810
TTC3,0.746613
PDPR,0.857985
PLOD1,1.009670
SLC7A11,0.910569
ALDH6A1,0.912335
CDC42BPG,0.834558
FKBP3,1.007300
STK39,0.944665
CMTR1,0.871543
SLC27A3,0.911140
