GENE,ENVISION
PPP2R1A,0.967614
BBOX1,0.862412
TRIM32,0.927352
MAN1B1,0.873385
SLC5A2,0.858010
NEK9,0.843168
GART,0.974507
SLC25A10,0.843216
GCLM,0.781566
APOB,0.817762
DNMT1,1.019390
CDK17,0.718498
USP42,0.975503
COPG2,0.993131
SLC47A2,0.845570
DYRK1B,0.956465
PIP4K2C,0.900149
CPT1B,0.997053
FNTA,0.962244
KMT2E,0.793406
SLC7A9,1.020100
GIF,0.684494
TRIP12,0.916599
DUSP12,0.916535
ADCY1,0.983531
PTPN13,0.962104
CA1,0.585362
AARS,0.887162
ABCC4,0.986316
COQ6,1.014730
AMY1A,0.985594
