GENE,ENVISION
CDK12,0.888000
MET,1.113730
FGFR4,1.006680
EPHA4,0.867317
TTN,0.874375
