GENE,ENVISION
LRP2,0.963936
TGM1,0.839420
CREBBP,0.839837
PARP8,0.981409
ALK,0.792928
GALNT10,0.824613
PTEN,0.806863
CDC25C,1.009440
AXL,0.975905
ATP4A,0.926255
MARK1,0.777772
PTPRF,0.925559
SLC5A10,1.005480
PRKAR2B,0.880418
MGAT5,0.868111
GLRX,0.815467
AKR1B1,0.873985
TRPM7,0.820541
CARNS1,0.928706
ABCA3,0.943283
