GENE,ENVISION
AGL,0.860861
RFC5,0.953116
EPHA5,0.830613
EPHA3,0.894990
INSRR,0.772854
USP26,1.017790
NCOR1,0.917085
HKDC1,0.867651
SLC28A3,0.862921
MAPK4,0.835223
GAA,0.947613
TGFBR1,0.660903
MYLK3,0.967522
SULT1A2,0.746629
UBA6,0.972740
ALG10,0.925289
SLC15A3,0.996754
ALDOC,0.999037
USP35,0.800857
DZIP3,0.798241
TPTE2,0.990845
LHPP,0.970983
TYMP,0.623860
FTCD,0.853763
FGGY,0.959424
SLC19A2,0.871820
