GENE,ENVISION
COX5A,0.940352
SLC22A5,1.005900
FTMT,0.970004
SC5D,0.877769
POLR3E,0.996883
SLC5A9,0.824051
BCR,0.968055
NEK4,0.783333
APOB,0.875000
SIK2,0.769810
FAH,0.923954
TTN,0.843373
IL4I1,0.906299
EYA1,0.847861
FGA,0.544207
TGS1,1.015660
FGFR4,0.950294
GALNT7,0.974801
ABCG5,0.934718
ALDH1L1,0.934770
AMN,0.978229
ADCY8,0.943601
MYLK,0.860305
MSRA,0.959562
MELK,0.846743
SETD1B,0.852256
HUNK,0.851482
AATK,0.842535
