GENE,ENVISION
COLGALT2,0.977227
AOC3,0.866730
POLG,0.916771
GLUL,0.660555
UGT1A4,0.841929
ROS1,0.937929
MAP3K9,0.982744
SMG1,0.917549
DPYD,0.798981
CDK12,0.769810
GLDC,1.011190
PLOD1,0.935119
PIK3CD,0.921688
GUCY1A2,0.928206
GAK,0.983251
TTN,0.485571
ZSWIM2,0.981109
TUT1,0.816968
LRAT,0.857457
FMO3,0.844365
SUCLG2,0.907995
CTSZ,0.903266
GNPAT,0.944935
APOB,0.828499
CHST2,0.904543
RPS6KA6,0.771492
PTPN13,0.965032
SLC17A6,0.987532
SLC22A13,1.020830
ELOVL2,0.929311
HS6ST2,0.984020
ABCA8,0.859718
