GENE,ENVISION
EPHX2,0.943821
SLC6A7,0.828966
CLYBL,0.955752
HSPG2,0.878038
CD36,0.992961
PGLYRP3,0.797961
SLCO1B3,0.905092
GAL3ST1,0.747689
DPEP1,0.609976
SLC10A2,1.002350
SLC28A3,0.843558
MGAM,0.913665
GLIPR1,0.878901
MGAT5B,0.813133
DUSP7,0.972638
DAGLA,0.881721
ACACB,0.757886
GLTP,0.888957
STK4,0.885328
SLC26A9,0.956810
ALG13,0.930704
IP6K3,0.932775
HSD17B2,0.989444
SLC43A1,0.847972
SLC7A10,0.852202
ASNS,0.990443
MAP3K10,0.855265
ANPEP,1.019990
NSD1,0.834947
AATK,0.876479
