GENE,ENVISION
ADCY4,0.561111
ERBB3,0.863066
B3GNT6,0.982226
HAL,0.848417
SH3RF3,0.767443
HERC2,0.912558
STK33,0.982495
PDE3A,0.874118
NTRK3,0.956656
VARS2,0.976027
GMDS,0.937569
TTN,0.848707
HECW2,0.842193
FAR2,0.949617
MTMR7,0.923402
RNMT,0.843024
