GENE,ENVISION
ACER2,0.922709
AOC3,0.772500
FAAH,0.564457
ADCY1,0.834407
WNK2,0.876830
IDH1,0.707796
UGT2A3,0.998741
DCLK2,0.768921
BMPR1B,0.975002
MARCH6,0.945845
ACOT7,0.913339
GCDH,0.751537
PTPRR,0.856204
