GENE,ENVISION
ATM,0.998166
PPOX,0.556649
B3GNTL1,0.960972
PFKP,0.997095
SLC12A4,0.953187
POLD4,0.838567
TTN,0.856204
GLT8D1,0.837517
FGA,0.881319
CA5A,0.937157
CARS,0.964653
REV3L,0.898838
SLC15A2,0.960540
PTPN5,0.768182
ENGASE,0.779132
ADCY3,0.835642
ACOX3,0.961760
GSTM4,0.863559
CYLD,0.944644
BCKDHA,0.853005
CTBP1,0.905917
CPS1,0.716056
