GENE,ENVISION
LRP2,0.932364
CERS4,0.793702
MOS,0.923718
PIK3CG,1.016590
PGLS,0.884626
EPHA1,0.983097
GSTA3,1.006330
AMDHD2,0.870948
GC,1.007580
TTN,0.977807
FASN,0.777880
UBR2,0.989619
ATP2B2,0.901001
SRPK1,0.865737
FUCA1,1.006050
ACSS2,0.981073
HS6ST1,0.998525
