GENE,ENVISION
ALG8,0.893295
SLC2A11,0.906023
CHI3L1,0.733258
NCOA6,0.937353
PPP1R3A,0.947006
SLC36A4,1.008060
NTRK3,0.963980
GUCY1A2,0.817394
TTN,0.792561
TARS2,0.838475
PARP9,0.779802
CDC25A,0.708907
AMFR,0.988085
PIGS,0.856592
MERTK,0.769342
SBK1,0.734528
AGXT,0.627384
AK4,0.914803
ATP1A4,0.698789
ABCC4,1.013100
SPEG,0.790184
KAT6A,0.713017
