GENE,ENVISION
EPHX2,0.985952
WNK3,0.788952
ADCY6,0.885107
AKR1A1,0.902423
ADHFE1,0.984771
SGSH,0.853304
STAMBPL1,0.755898
CFTR,0.893969
KDR,0.970918
