GENE,ENVISION
ALG8,1.012890
PPP2R3A,1.006330
DHCR7,0.968450
SLC4A5,1.004580
BCHE,0.662029
PRPF4,1.014720
RCHY1,0.936275
LRRK1,0.770409
INPP4A,0.786086
NT5C1B,0.970886
CHEK1,0.571792
TTN,0.824812
KMT2E,0.830011
ACACB,0.970259
ATP10A,0.960071
CHUK,1.021930
PADI2,0.936307
CNDP1,0.961333
ALDH4A1,0.947661
ST8SIA5,0.771371
GSTP1,0.756923
MAP3K13,0.776534
PDK4,0.839270
ABCA1,0.847859
