GENE,ENVISION
ATM,0.822503
UGT1A10,0.761981
NDUFS1,0.987455
TRIM33,0.786273
GRK7,0.794248
DGKQ,0.740915
MIB1,0.926485
GSTA2,0.841092
TYRO3,0.849706
DSTYK,0.780185
CYP24A1,0.914236
TTN,0.902764
EP300,0.841234
ALOX12B,0.831423
RNF20,0.993753
DGKD,0.881036
