GENE,ENVISION
PPIP5K2,0.843770
PTPRS,0.976080
TICRR,0.861002
ACOX3,0.961606
DUOX2,0.968820
DHRS2,0.813436
HERC1,0.935609
SLC6A19,1.015520
TTN,0.826335
MIA3,0.965337
HIBADH,0.958629
PTPRN,0.860793
TPST2,0.785387
DAPK2,0.702179
