GENE,ENVISION
CHST11,0.867823
HERC1,0.935609
PTPRS,0.976080
TICRR,0.861002
SLC22A16,0.908623
ACOX3,0.961606
DHRS2,0.813436
PDPR,0.909104
CYP2E1,0.928145
PPIP5K2,0.843770
SLC6A19,1.015520
TTN,0.826335
MIA3,0.965337
HIBADH,0.958629
TPST2,0.785387
DAPK2,0.702179
