GENE,ENVISION
MYO3A,0.904532
ACADVL,0.979066
DUOX1,0.873944
PDE3A,0.814998
FKBP6,1.012730
USP9Y,0.950121
PDHX,0.974219
SMG1,0.981232
ASMT,0.956096
LHPP,0.838851
DNMT1,1.014040
ASPH,1.002470
PC,1.025450
SLC34A3,0.767915
GAA,0.961512
AMY2A,0.836900
SETMAR,0.570582
MTHFR,1.005010
SLC25A1,0.825523
PLCD3,0.789112
USP32,0.869233
ABCG8,0.895600
AK5,0.764378
TCIRG1,0.976193
ANGPTL4,0.842972
MGAT4C,0.949104
AATK,0.886856
CH25H,0.976634
