GENE,ENVISION
TNKS,0.921501
HS3ST3B1,0.997733
CHPF2,0.867446
STAMBP,0.982269
MOCS1,0.989341
HSD17B6,0.779914
FLT4,0.952568
LPIN2,0.900947
CDK12,0.769810
PDE1B,1.004570
SIAE,0.817509
FIG4,0.885530
SLC12A7,0.940678
TTN,0.758633
NANS,0.967428
PFAS,0.854365
SIN3A,0.789861
DAGLA,0.869158
DPAGT1,0.954528
TTC3,0.775187
CYP2A13,0.985857
UBA2,0.840120
STS,0.938574
ST6GALNAC5,0.874695
ATP2B2,0.864237
POLR2I,0.979640
TNK2,0.673997
BMP1,1.008400
CDKL5,0.856204
ATP6V0A1,0.850034
