GENE,ENVISION
NDUFB9,1.005760
STK10,0.914585
GTF3C4,0.848752
ACAD10,0.794204
ADPRH,0.829127
SLC52A2,0.917979
CDK12,0.837659
SLC36A4,0.963919
AMDHD1,0.839394
TTN,0.785424
DGKG,1.035250
CTDSPL,0.875026
GUCY2C,1.023790
PDIA4,0.810871
PRKAR1A,0.884887
PTPN1,1.023310
USP34,0.802521
GARS,0.908051
BRSK2,0.889793
LRP1,0.922886
ALK,0.964459
SLC16A3,1.030990
COPB1,1.000040
RNF217,0.779125
PFKFB3,0.790414
