GENE,ENVISION
KARS,0.778592
AARS,1.014200
POLQ,0.752031
TGDS,0.971759
ALOX15,1.005510
OARD1,0.884111
DGAT1,1.012560
PAICS,0.869232
ACAT2,0.968911
SLC12A1,0.974599
TTN,0.881180
TRPM7,0.984420
MTMR3,0.984955
DPAGT1,0.953866
GPI,0.912175
LIPG,0.912507
MAN2A2,0.835763
DUOX1,0.778646
PHLPP1,0.842144
DBH,0.978891
BRSK2,0.952495
PFKFB2,0.913909
CHD9,1.011180
SLC35B2,0.910083
CDK7,0.936031
PSKH2,0.968038
