GENE,ENVISION
AOX1,0.900460
PTK2,0.653536
TBL1XR1,0.897591
CA5B,0.895319
SYK,0.605829
MTHFS,0.536143
SLC17A6,0.793648
CA13,0.922426
ZADH2,0.918889
GRK1,0.675740
PPIP5K2,0.791193
EZH2,0.868930
SLC5A5,0.932363
CAMK2B,0.605114
POLRMT,0.924269
COX7C,0.997477
CREBBP,0.620284
