GENE,ENVISION
EHMT1,0.968837
CA9,0.988128
PTPRS,1.033150
ATP4A,0.845783
PDPR,0.909104
NDST4,0.834643
TPH2,0.813133
CTSF,0.888164
CPS1,0.916148
CHSY3,1.031120
CHST8,0.970169
SLC4A7,0.861203
BCKDHB,0.660442
SLC26A6,0.951901
GLT6D1,0.998397
BLVRA,0.790408
DAPK2,0.850563
