GENE,ENVISION
DSTYK,1.000540
NUAK2,0.819676
UGT3A1,0.713927
CARS2,0.983610
MOCS1,0.881769
SETD1B,1.003300
SLC4A1,0.946486
CIT,0.933809
APOA5,0.895032
CYP2U1,0.874596
SMG1,1.005907
PDE3A,0.849272
BMP2K,0.994846
MAP3K4,0.853559
TTN,0.820642
YES1,0.955328
SLC8A3,0.854838
ACY3,0.946497
CYP39A1,0.910619
GUCY2C,0.882023
CYP2A7,0.955443
SLC26A7,0.946088
PHLPP2,0.819676
GALNT5,0.957594
GLCE,0.793664
UBE2O,0.861416
B3GALNT1,0.910204
SLC16A1,1.013780
ADCY9,0.991394
ALDH2,0.962895
CLK1,0.962995
