GENE,ENVISION
TRIM11,1.000800
MLKL,1.042530
PMPCA,0.852756
PIKFYVE,0.871680
PRPF19,0.891036
CPT2,0.670698
CDK11A,0.867052
SLC2A11,0.945790
CAT,0.961394
CES1,0.752854
POLE,0.991074
GMDS,0.913228
MIA3,0.912149
AURKC,0.842743
DHCR7,1.016510
FUCA1,0.979961
SLC19A1,0.864200
