GENE,ENVISION
LRP1,0.989153
PIKFYVE,0.952560
MTHFR,0.957136
ACOX1,0.964517
H6PD,0.849898
LATS2,0.810794
AKR1A1,0.820914
CYP4F2,0.977473
MAPKAPK3,0.791852
TAOK3,0.992082
