GENE,ENVISION
RPN1,0.719643
RFWD3,1.007210
SLC7A9,0.851876
CHPF2,0.964882
PLCG2,0.948778
POLM,0.787877
IARS2,0.807178
MELK,0.856204
HKDC1,0.920148
FARSB,0.868274
SLC12A7,0.778772
TTN,0.957281
ALDH3B2,1.005530
ADCY7,0.595943
GGT2,0.950474
SLC20A1,0.992672
HERC4,0.888991
SLC15A2,0.781275
CHD9,0.944823
TAOK3,0.766755
SLC41A2,0.935929
SLC17A8,0.909608
SLC11A1,0.981091
EIF2AK4,0.979723
CBS,1.004310
SI,0.976615
SPEG,0.870885
RNF216,0.945022
