GENE,ENVISION
ST3GAL3,0.936513
DPYSL3,0.787101
B4GALNT2,0.834439
MGAT1,0.872205
CHIT1,0.768053
ALG1,0.957274
EPHA1,0.763470
CPS1,0.780165
CYP26B1,0.904595
FKBP5,0.830857
LDLR,0.899340
GLYAT,0.879001
TTN,0.856204
MGAT4C,0.836211
NSD1,0.901396
USP25,0.854838
PDE8A,0.843373
