GENE,ENVISION
TNK2,0.542167
SLC24A1,0.914360
SLC6A13,0.940817
INSR,0.941087
MARCH6,0.786744
OXCT1,0.971463
SLC8A1,0.889707
POLN,0.999992
IP6K3,0.966996
ST6GALNAC2,0.919771
