GENE,ENVISION
ALDH3B2,0.767743
EPHA7,0.846533
P4HA2,0.977365
AKR1A1,0.948235
B3GAT2,0.882130
USP47,0.881614
BUB1B,0.977519
CPA6,0.807874
DHRS3,0.923038
XDH,1.018670
FHL2,0.877495
TPTE,1.023850
ITPKB,0.830283
CES5A,0.934648
TTN,1.007570
DGKB,1.003510
DGKA,1.020140
DGKG,0.792036
IRAK4,0.930444
ERBB3,0.972428
UCK1,0.856793
CYP4V2,0.820333
PADI2,0.814173
USP34,0.894906
TAOK2,0.824103
STK17A,0.975408
DYRK1B,0.911190
ABCC11,0.852246
SLC3A2,0.967593
TYMP,0.916188
POLRMT,1.025160
