GENE,ENVISION
AOC1,0.938830
MTFMT,0.776659
PTRH1,0.793143
B4GALNT2,0.961048
MOGS,1.010380
FLT3,0.864913
HERC1,0.780643
ALDH1B1,0.745632
RNF8,0.927489
MTMR7,0.902764
SLC47A2,0.807434
DYRK1B,0.989663
GLDC,0.828121
MAN1A2,0.802521
