GENE,ENVISION
SMG1,0.943511
TTC3,0.729514
CARS,0.863197
CTSB,0.627798
AARS,0.868045
EPHA10,0.835939
CTDP1,0.959782
FKBP5,0.980583
CDC42BPG,0.911330
DUSP8,0.785925
NDUFS6,0.980158
IKBKE,0.832024
CDK5,0.790077
