GENE,ENVISION
PDHA2,0.986012
WNK2,0.787213
NAT1,0.938818
RNF180,0.978778
PGM1,1.069620
CHPT1,0.886666
A4GALT,0.800673
SHPRH,0.979210
PRPF4,1.014720
KDR,0.826068
PHYH,0.940581
