GENE,ENVISION
COLGALT1,0.904758
TRIM33,0.777772
RET,0.863182
POLG,0.958390
POLE,0.719785
SLC25A13,0.849676
NCOA1,0.829705
MET,1.011830
SLC5A10,0.946351
JAK3,0.845349
TUT1,0.932475
RNF139,0.990263
MCEE,0.780225
PIGA,0.788458
AQP4,0.886101
DAGLB,0.985453
ENPP7,0.734392
ASPG,0.811442
EPHA10,0.860577
ACMSD,0.815717
LRP2,0.790467
FUT6,1.024540
BRAF,0.768553
MATK,0.916691
