GENE,ENVISION
PTPRN2,0.983243
STK32B,0.838083
NDUFV1,0.843703
NOS3,0.935969
PARP9,0.905941
RALBP1,0.989482
ADCY3,0.862567
PARP14,0.847061
POLR1A,0.941635
ACE,0.936508
ACSBG2,0.930569
TECRL,1.008180
POLRMT,0.970252
MGAT1,0.872205
ATP2B2,0.885671
GLS2,0.965909
TYRP1,0.882001
