GENE,ENVISION
MAP4K1,1.002580
ALDH3B2,0.752031
USP48,0.872579
TTC3,1.040890
STK11,0.888998
ACSM4,0.980339
PGM1,0.868462
BMPR1B,1.007510
ATP6V0A1,0.832991
HELZ2,0.964153
RNF123,0.927691
TTN,0.769878
