GENE,ENVISION
PECR,0.898480
GTF2F1,0.963475
WWP1,0.835084
ST8SIA5,0.926617
FABP12,0.818854
PPP2R2A,1.005870
ENPP3,1.025560
USP43,0.992367
CTSG,0.903853
P4HA2,0.925430
CES3,0.815832
DGKI,0.796669
TTN,0.799217
PPWD1,0.854960
INPP5D,0.992737
AKR7A2,0.896070
HLTF,0.928517
CREBBP,0.641306
ATP6V1B2,0.918449
