GENE,ENVISION
SLC7A2,0.972764
LCT,0.910814
MYO3B,0.742435
TGM6,0.875512
GLUD2,0.655712
UAP1L1,0.955190
SLC9A8,0.944678
USP47,0.918849
COPG1,1.004210
MAP3K6,0.720434
SI,0.943886
PFKP,0.893503
YARS2,0.925139
PIGS,0.855516
ATR,0.717764
HELZ2,0.791624
SLC24A2,0.992150
SLC8A1,0.786678
CLK1,0.845278
TRIO,0.838671
B4GALT7,0.953144
