GENE,ENVISION
ASPG,0.946219
PPP1R3A,0.976375
EPHA8,0.741966
BIRC6,0.856316
GLDC,0.998851
TLK2,0.766123
ATP8B1,0.827243
MPST,0.950550
MARCH7,0.908374
CYP24A1,0.977312
HS3ST3B1,0.997733
EPHA10,0.983425
DGKB,0.857511
WEE1,0.597317
ACO2,0.966950
FUCA2,0.852756
CHST6,1.025823
