GENE,ENVISION
HSPG2,0.853689
MED1,0.855238
ATR,0.925270
CYP4F2,0.977473
RNF31,0.997476
USP48,0.766123
SLC28A1,0.846013
SLC34A2,0.790796
MYCBP2,0.896523
ASRGL1,0.970465
AASDH,0.761115
AUH,1.016330
MYLK2,1.033400
ACSM2A,0.787709
SLCO2A1,0.719329
CHST9,1.021310
RAG1,1.067060
ALDH1L1,0.793079
PTPRB,0.990650
DECR2,0.778468
CYP11B1,1.029650
UBE2T,0.778088
