GENE,ENVISION
EHMT1,0.992332
HS3ST5,0.872169
GALNT15,0.860143
SH3RF2,0.809409
ACE,0.824749
PHKA1,0.854179
EPHA5,0.960295
SLC2A4,0.919352
SLC7A3,0.953661
GSTM5,0.937916
CPS1,0.961925
STK31,1.007150
USP41,1.012170
MOGAT2,0.894017
SGMS2,0.927340
DDR1,0.743453
ACOT11,0.941875
PASK,1.042900
FUK,0.956142
HSPG2,0.767788
SLC6A14,0.968315
