GENE,ENVISION
UBE2H,0.865299
UBE3A,0.978313
CYP2D6,0.828153
TALDO1,0.885583
AMPD2,0.860577
PKN2,0.766904
MAST2,0.974378
ADCY7,0.553847
SLC25A10,1.051480
CLK1,0.879039
POLM,0.999771
MTPAP,0.956957
PIP4K2B,0.946985
