GENE,ENVISION
MAP3K10,0.975125
MET,0.964634
ABL2,0.927532
TAOK2,0.725824
PTK6,0.830840
