GENE,ENVISION
UGT2A3,0.780580
SLC4A7,0.812162
CYP4F2,0.911440
EHMT2,0.806795
XDH,0.983933
MAPK3,0.963640
SIAE,0.818744
TTN,1.005820
SLC47A2,0.917529
HMGCS1,0.752854
KMT2A,0.779838
DNMT3A,0.851970
PIGO,0.864354
CYBB,0.854197
ALG11,0.966983
SLC27A1,0.879674
RPS6KA2,0.768499
ALK,0.901996
ABCG8,0.906342
DYRK3,0.732887
ACSL4,0.951886
CDK3,0.783648
ABCC9,0.953153
GCSH,0.937072
