GENE,ENVISION
CYBB,0.970122
ATP6V0A4,0.962626
CYP1B1,0.897766
INPPL1,0.972852
PTK7,0.982727
EIF2AK1,0.809231
ACAD8,0.902795
TRHDE,0.982293
RORA,0.893585
XDH,0.834363
FHL2,0.937776
USP13,1.032380
FKBP6,0.906785
TTN,0.720931
RPS6KA4,1.014600
PTGIS,0.892393
MTPAP,0.951349
PSKH2,0.995523
MDH2,0.850387
