GENE,ENVISION
ICK,1.009160
STK32B,0.786678
ACADS,0.543019
ADCY2,0.958607
GLDC,0.877162
ADCY9,0.720931
EHMT1,1.026020
MAP3K10,0.902361
NDUFS8,0.865856
CDC42BPG,0.707796
ABCC8,0.862664
UGT2B11,1.022200
GGT5,0.816840
UGT1A4,1.001470
PTPRN2,0.977872
ROR1,0.903169
