GENE,ENVISION
TRMT11,0.782266
ADCY1,0.989184
PPP1R3A,0.976915
HKDC1,0.974208
CMPK2,1.013200
CHSY3,0.948048
PGLYRP2,0.766082
SLC4A7,0.851208
TTN,0.925690
UBR2,0.925602
SARS,0.939872
GFPT2,0.909318
MOGS,1.003420
LATS1,0.778646
BRAF,0.768553
