GENE,ENVISION
SLC25A19,0.982852
B4GALNT3,0.936965
ALDH1B1,0.960221
ATR,0.966903
INSRR,0.711501
SLC5A6,0.867755
FUK,0.791187
USP20,0.858231
CAMK1,0.830869
UBE3A,1.013050
MAP3K6,0.963725
FLT3,0.826102
RARS,0.912349
TTN,0.775711
GBA2,0.917037
MAN2C1,0.809409
XYLT2,1.011220
USP30,0.791852
TRIT1,1.018180
ADCY1,1.019960
GSTM4,0.907696
SLC2A2,0.966600
FTCD,0.754580
CYP26A1,0.923205
OXCT2,0.985576
MYO5B,0.910342
