GENE,ENVISION
NDUFA6,0.800279
SLC4A10,0.999944
PPP2R1B,0.856236
STK31,0.778210
FRK,0.940953
MASTL,0.985999
FUT11,0.978449
RNF20,0.792906
PLCH2,0.977097
UGDH,0.735517
TTN,0.857905
LOX,1.013380
MDM2,0.807799
MAP3K15,0.983610
