GENE,ENVISION
MSMO1,0.841007
KMT2A,0.815885
CHST14,0.829444
POLQ,0.806096
PIKFYVE,0.966914
ALDH6A1,0.781502
MYLK3,0.988706
NOS2,0.721376
ABCA4,0.740842
SLC29A4,0.945253
ABCC9,0.844616
MGRN1,0.976590
BDH1,0.989210
