GENE,ENVISION
NCOA2,0.949032
RPN1,0.754690
COPA,0.968628
ALAD,0.758027
MUT,0.918458
WNK3,0.877063
RAD9A,0.796632
HUWE1,0.754934
USP40,0.886740
CHKA,0.976378
PIK3C2B,0.781713
HELZ2,0.838774
DUSP5,0.884615
HLCS,0.959600
SRPK1,0.918936
HIBCH,0.904141
ENGASE,0.791876
