GENE,ENVISION
EARS2,0.782862
NAGLU,0.764266
MST1R,0.916639
USP10,0.978066
CYP2E1,1.007220
MPI,1.006720
CYP26B1,1.013200
TNIK,0.868105
SPEG,0.784685
ACOT11,0.687649
PHKB,0.992647
