GENE,ENVISION
LIAS,0.983218
EARS2,0.782862
DLD,0.788482
COMTD1,0.786522
ROCK1,0.997365
RCL1,0.843999
EPHA2,0.918326
TGM5,1.096660
CYP26B1,1.013200
NAGLU,0.764266
ZC3HAV1,0.780240
PHKB,0.992647
ACOT11,0.687649
GALNT7,0.822993
MPI,1.006720
USP36,0.875431
USP20,0.791193
