GENE,ENVISION
TRIO,0.873086
CPT1B,0.853281
BMP1,0.957015
SIRT5,0.819930
AHCYL2,0.995925
CHD9,0.966692
BIRC6,0.910627
MTHFD1L,0.810574
SLC22A18,0.753095
WNK4,0.962664
ENPP1,0.835432
SLC25A20,0.829160
GAK,0.784502
INSRR,0.562203
MAP3K3,0.950330
MVD,0.807235
CAT,1.017110
BDH2,0.989317
USP36,0.978930
