GENE,ENVISION
SLC6A3,1.019300
PECR,0.797612
HECTD1,0.896799
PLK2,0.785219
HS3ST5,0.810235
LATS2,1.011650
MIOX,0.907206
NCOR1,0.979259
CERS6,0.902063
MTHFD2L,1.001270
EHMT2,0.861416
TTN,0.625958
DHCR24,0.975781
KMT2B,0.897662
KCNJ11,0.637683
EXTL1,0.975616
ATP1B2,0.866707
PARP1,0.935266
PIK3C2A,1.003300
UBR1,0.924681
UBR4,0.793046
CYP1A1,0.921276
SLC41A2,0.975298
GALK2,0.827999
SLC16A7,0.961212
ATP6V0A4,1.017510
PTPRF,0.774192
SREBF1,0.985214
SLC19A2,0.961902
FUT8,0.898557
