GENE,ENVISION
GNS,0.923642
ATM,0.825243
EGFR,1.011510
PLCB2,0.785244
SLC7A1,0.889450
MAPK14,0.980458
SETD1B,0.746629
MLKL,0.943629
ENO3,0.923280
PIGT,0.933352
NEURL1B,0.903661
CDK13,0.976782
ACAT2,0.802067
TTN,0.869900
SIRT1,0.983782
DLD,0.992316
ATP10A,0.911845
TGS1,0.937678
SLC26A4,1.014420
SLC26A9,0.825936
UBR1,0.944359
SLC27A3,0.915936
ENGASE,0.807623
SLC2A9,0.936706
LGMN,0.976176
PTPN13,0.858319
RPS6KC1,0.834990
TPTE2,0.829404
PTPRD,1.007980
STK36,0.991850
PTPRN,0.913406
