GENE,ENVISION
STYK1,0.902597
BIRC6,0.927935
PRKCSH,0.907777
MARCH1,0.719785
AWAT1,0.935327
DPYD,0.936178
OLAH,0.992474
DCXR,0.885405
SLC6A18,0.997730
ABCB4,0.839778
PFAS,0.719288
KMT2D,0.856067
SLC25A22,0.998778
TNFRSF21,0.899124
FRMPD2,0.990146
ATP2B2,0.930710
FGFR2,0.856865
SLC20A1,0.797565
DDR2,1.007890
RPAP2,0.948925
KIT,1.017530
MAP3K11,0.904006
SLC22A6,0.840170
ABCC8,0.796095
ABCC4,0.986316
