GENE,ENVISION
USP10,0.939616
KAT8,0.975722
PLA2G4C,0.843373
PRKAR1A,0.922698
TUSC3,0.769448
F13B,0.954407
EXTL3,0.892907
SETD1B,0.865213
MYCBP2,0.913221
NMRK1,0.769342
PTEN,0.827099
USP30,0.789083
ALDH6A1,0.931455
STYK1,0.827489
NT5C1B,1.007740
USP29,0.831660
ABCA1,0.983717
SLC26A8,0.859756
TPTE,0.933153
AMT,0.963057
TTN,0.997301
