GENE,ENVISION
GBGT1,0.816770
RNF167,0.913942
RPS6KA5,0.972547
GCNT2,1.018570
BIRC6,0.967811
UAP1,0.954554
COX4I1,0.903825
PTEN,0.840688
NDUFS2,0.857756
USP16,0.902925
ST6GALNAC1,0.780626
SLC6A4,1.021390
HSD17B4,0.990784
PTPN7,1.021880
COASY,1.016840
