GENE,ENVISION
SLC6A2,0.936860
EPX,1.015920
WWP1,0.870885
NUAK2,0.825018
ATM,0.764147
MAT1A,0.883097
HIPK2,0.935311
POLR3E,0.971102
ACADL,0.936323
NCOA2,0.860484
APOB,0.812296
CMPK2,0.976630
ABCB1,1.005840
TTN,0.780989
ACOT11,0.994003
CBLC,0.999031
HUWE1,0.931504
TSSK2,0.828855
PLD6,0.785442
GC,0.763778
NMT1,0.950045
ALG13,0.925278
ADCY5,0.974812
PTPRU,0.919761
PARP14,0.991963
SLC29A4,0.772772
ATP1A2,0.956618
MYBBP1A,0.997467
NEU2,1.044520
