GENE,ENVISION
PTK7,0.855516
SLC2A10,0.992119
SETD1A,0.949780
ACSBG2,0.855171
SLC4A2,0.889170
BCR,0.890624
EP300,0.849486
NCOA6,0.843486
ERBB4,0.479098
SDR16C5,1.010440
USP19,0.991819
PC,0.808906
PDPR,0.871160
TTN,0.914351
ACOT13,0.972767
B3GALT2,0.931183
IRAK1,0.918385
GYS1,0.986035
GPT,0.558825
ST6GALNAC5,0.970644
QARS,0.829455
GSTO1,0.824481
SLC2A9,0.821795
AARS,0.936419
FUCA1,0.965432
