GENE,ENVISION
CRAT,0.961466
KMT2B,0.927745
ASH1L,0.907108
DNMT3A,0.901509
EPHB4,0.928307
CBLC,0.842479
ACSS2,0.881802
NAT1,0.756351
EPHA4,0.913150
RBBP6,0.752427
AK4,0.734212
CARS2,0.850483
VARS2,0.824433
ITPKC,0.768598
MYCBP2,0.905138
ALG12,0.927330
MVK,0.858950
CDS2,0.763152
PAK2,0.687828
