GENE,ENVISION
TNK2,0.916528
LCT,1.018210
TRMU,0.960741
HERC2,0.994800
LPIN1,0.993654
PRPF4B,0.862674
SLC17A6,1.014690
MKNK1,0.833131
PIK3CD,0.983491
PLCG2,0.665209
SLC6A18,0.907433
SLC4A1,0.948606
PIK3R2,0.894624
PTPN3,0.789083
MYO5B,0.785296
