GENE,ENVISION
NADK,0.974513
LARS,0.987455
TRIO,0.787101
NDUFA5,0.882635
NCOA6,0.860708
KMT2D,0.953533
PTPN13,0.856329
PLCB2,0.730633
ETNPPL,0.813445
HERC1,0.724848
SI,1.019650
MED1,1.001060
TTN,1.035990
ABCD1,0.797087
PTPRT,0.710431
KAT6A,0.864075
SLC25A27,0.852180
