GENE,ENVISION
ALDOA,0.881769
PTK2B,1.003080
NOX5,1.005260
ALOX12,0.986064
ACAD10,0.860175
USP25,0.854838
INPP4B,0.853718
MAP3K5,0.992751
TECRL,0.967144
MTMR2,1.005950
PRKCI,1.023440
EXT2,0.956570
ACSM2B,0.965707
PIK3C2A,0.978906
USP30,0.923970
USP34,0.875892
LRP2,0.934723
ADCY5,0.786678
CHST13,0.729017
B3GALNT2,0.701873
PTPN13,0.979651
PTPRF,0.940722
NKTR,0.766123
PTPRO,0.883909
