GENE,ENVISION
ERBB2,0.607737
DNMT1,1.024260
TARS2,1.014180
SUV39H1,0.767788
AQP1,0.638065
AK3,0.853048
CDKL4,0.965032
UGT3A1,0.984823
QPCT,0.594969
DHCR7,0.788038
PLCH2,0.908006
SLC26A1,0.975659
ABCB1,0.819509
SLC35B2,0.852563
ITPKB,0.802582
HEPH,0.837567
MTPAP,1.007300
EZH2,0.869045
CPA5,0.595792
HS3ST3B1,0.848228
