GENE,ENVISION
KAT8,0.509557
SLC6A8,0.827249
LPIN1,0.754377
TPST1,0.943337
ADSSL1,0.898690
DNAJC6,0.731408
SLC3A1,0.961624
RDH14,0.957594
ARAF,1.009380
DMPK,0.813766
DGKB,0.942827
KAT6A,0.799515
SQLE,0.906549
GAA,0.954730
