GENE,ENVISION
EHMT1,0.936895
SIRT2,0.904280
HMGCS2,0.965127
UROC1,1.021970
CAMK1G,0.819310
DUOX1,0.949203
IDH2,0.533612
P4HB,0.692527
B4GALNT2,0.857928
ALG6,0.942912
GUCY2F,0.863486
USP6,0.904680
KIT,0.873170
HERC1,1.003500
MAP3K10,0.852105
PTPDC1,0.985707
MAK,0.811927
SLC6A14,0.913948
ATP1B4,0.963893
SETDB2,0.910069
MAP3K15,0.922200
