GENE,ENVISION
SLC6A3,0.973712
LIMK2,0.966980
UGT3A1,0.956691
LDHAL6A,0.879743
SETD1A,0.911077
INSR,0.940128
MED1,0.927544
MAP2K4,0.839891
PTPN21,0.864901
MAPK4,0.864764
JAK1,0.946995
SLC8A3,0.783333
BRAF,0.768553
PDHA2,0.945147
ALDH3B2,0.874808
PIGC,0.856204
STT3A,0.943542
LRP2,0.648505
DZIP3,0.820427
POLE,0.837084
PDK1,0.835084
PTPRB,0.962067
ALDH5A1,0.534816
