GENE,ENVISION
SLC4A10,0.811058
POLG2,0.921954
USP24,0.787101
SDR16C5,0.929147
MGAM,0.889094
GK2,0.909928
DGKI,0.983581
JAK2,0.972160
TTN,0.819892
DIO3,0.970583
DUSP5,0.777880
SLC12A1,0.956107
JAK3,0.967420
ALDH3B1,0.792587
CTSA,0.739801
ABCB11,0.969899
CDK20,0.857831
ALG10,1.012050
AKR7A2,1.019560
RPS6KA5,0.887909
SLC22A12,0.809289
RBBP6,0.870536
AATK,0.995438
PPARA,0.897042
