GENE,ENVISION
KCNJ11,0.961296
A4GALT,0.977768
EPHB4,0.645237
TGM7,1.012000
DUOX1,0.769552
CDK13,0.849641
GGT5,0.961548
LIPC,1.015250
RPS6KB2,0.767551
CHD9,0.849001
HIPK1,0.782044
ETNK2,0.978670
USP28,0.825523
DYRK1A,0.912185
SLC18A2,0.978644
DGKE,0.940533
NEU2,0.879134
CAD,0.972050
