GENE,ENVISION
B4GALNT4,0.783160
CROT,0.728472
HSPG2,0.914622
RET,0.842256
POLR3F,0.964669
AKT3,0.706945
ABL2,0.867774
SLC52A2,0.976694
NCOA6,0.865484
ASPA,0.944860
INPPL1,0.884051
UPP1,0.758012
TTN,0.886152
SLC35A2,0.917330
KMT2B,0.802537
KMT2D,0.874242
ATP10A,0.879963
ADCY6,0.890918
HERC2,0.860942
CRAT,0.702542
RPS6KA2,1.015940
LRP1,0.872081
SLC3A2,0.890400
KL,0.988592
PLTP,1.013440
HACE1,0.853192
CPS1,0.780934
