GENE,ENVISION
SIRT3,0.987465
POLA2,0.769810
ASH1L,0.918590
LIPF,0.668036
CTSC,1.039490
ST6GALNAC2,0.950451
