GENE,ENVISION
EHMT1,1.005650
FASTK,0.930147
ACVR1,0.878180
RFWD3,0.856450
ARSB,0.961054
ALDH1L1,0.964695
PLCH2,0.868820
SLC35C1,0.827164
TKT,0.802487
PADI2,0.922881
USP28,0.754690
UBR4,0.885468
CHST2,0.778646
DGKD,0.930504
PRKD3,0.943163
