GENE,ENVISION
GAMT,0.985804
TGM7,0.916246
SLC7A2,0.958070
RET,1.009020
CTDP1,0.978553
SETD1A,0.944391
PNLIPRP3,0.936868
TPTE,0.960165
TTN,0.984833
TUT1,0.783160
GPCPD1,0.868267
ASH1L,0.820729
CYP4Z1,1.056550
WNK4,0.947495
REV3L,0.828246
CDK20,0.858906
ATP2B2,0.856027
ROCK1,0.665276
RAG1,0.833272
HECW1,0.864741
ABCC4,0.836218
UGT2B28,0.909826
CFTR,1.006280
