GENE,ENVISION
PDHA2,0.952647
CA9,1.002000
DUOX2,0.779256
INPPL1,0.822002
PXDNL,0.941301
PTPN13,0.719329
PARP14,0.847545
KMT2D,0.812058
SDR42E1,0.865802
SLCO2A1,0.823089
IKBKB,0.969307
IMPA1,0.910974
ABCB1,1.010440
MAST3,0.780541
USP16,0.865781
MYCBP2,0.974628
MTRR,0.964648
GALNT1,0.879707
