GENE,ENVISION
COLGALT2,0.992595
SLC4A10,0.952965
SLC6A8,0.908632
UGT2A3,0.867897
AKT1,0.959386
FAXDC2,0.859334
OPLAH,0.856204
DUSP27,0.792203
EP300,0.795882
NSF,0.985255
MARK1,0.864262
SLC47A1,0.804744
ACVRL1,0.603204
EXT2,0.848631
UBE2E1,0.831776
GGT1,0.857456
BPNT1,1.023330
SETD2,0.992479
USP34,0.855073
CHST11,0.919334
SLC20A1,0.797565
ADH7,0.774686
ZNRF2,0.977207
ADCY8,0.765655
GLUD2,1.049716
TCIRG1,1.026310
NDUFS1,0.810780
COPB1,0.772116
STARD3,1.007630
