GENE,ENVISION
SLC4A10,0.883913
TNK1,0.820950
PTPN21,0.890570
SH3RF3,0.911749
FMO5,0.766096
MTHFR,0.912093
USP43,0.860330
CUBN,0.917011
SLC23A2,0.949410
SMARCD3,0.942825
HELZ2,0.950695
MYBBP1A,0.752031
FGFR2,0.880290
USP35,0.976432
CHST14,0.911947
