GENE,ENVISION
SLC9A5,0.781677
SLC5A5,0.982326
PTPN13,0.855682
AMHR2,1.015430
ATP1B2,1.020260
ACSM2A,0.947320
PRPF19,0.768190
ENGASE,0.990003
ABCB6,0.902862
GNPTAB,0.809008
ALDOA,0.851589
TRIM63,0.874620
CHEK2,0.885347
PKM,0.680064
