GENE,ENVISION
STK32B,0.827477
CKB,0.868529
METTL3,0.844282
BRSK1,0.777155
NUDT9,0.938955
PLCB2,0.848418
ACACB,0.888713
AK7,0.981401
BMP2K,0.865923
FGFR3,1.004650
MAN1B1,1.021700
MBOAT1,0.824396
ITPKB,0.830283
TTN,0.935683
GUCY1A2,0.963715
COPB1,0.975894
GALM,0.866133
ATP2B4,0.935076
GLCE,0.891120
GPAA1,0.977937
