GENE,ENVISION
ENTPD6,0.719329
LRP1,0.959028
GNPNAT1,0.896523
UBE2O,0.829022
VARS,0.854838
VRK2,0.907016
FKBP8,0.935724
CHPF2,0.971695
PGLS,0.923617
EIF2AK4,0.848089
XDH,0.855643
MAPK14,0.808258
MOCS1,0.794231
BCKDHA,0.831558
NDUFA9,0.786080
SLC7A1,1.010660
PFAS,0.821390
PHYH,1.013700
