GENE,ENVISION
AOX1,0.912195
ALAD,0.567454
INPP5E,0.937505
B3GALNT1,0.862157
CUBN,0.952939
QPCT,0.972415
SLC22A16,0.852724
DLAT,1.010490
SLC29A3,0.918094
SYNJ2,0.920476
TRPM6,0.967590
GALNT1,0.943413
SLC43A1,0.851197
DGKE,1.035960
