GENE,ENVISION
SETD1A,0.775584
TTC3,0.752031
SLC16A1,0.910987
SLC24A4,0.814173
SLC2A14,1.013410
PTPRG,0.870885
SLC22A5,1.011250
MAP3K15,0.912979
NDUFB7,0.795128
COPB1,1.009780
ST6GALNAC6,0.847581
TRIP12,0.903557
PFAS,0.985641
