GENE,ENVISION
B4GALNT2,0.843699
SLC12A5,0.996781
BRSK2,0.944348
PPP1R3A,0.923164
NEK1,0.996170
SLC25A18,0.846995
IDH2,0.684880
ACACB,0.696014
SLC4A5,0.955125
MGAT2,1.011550
SSH2,0.916671
TTN,0.967529
SYNJ2,0.879146
ABCC4,0.967618
FLT4,0.855329
CHST6,0.985541
OPLAH,0.980342
B4GALNT1,0.804855
