GENE,ENVISION
NOX1,0.783160
LBR,0.785042
FHIT,0.714568
SLC7A7,1.022150
FGFR2,0.870295
POLR3A,1.057360
EPHA1,0.959936
DHCR7,0.784980
GYS1,0.965703
PLA2G7,0.946112
STK33,0.982495
MARCH1,0.810821
DIO1,0.814899
MAPK4,0.972595
ABCA1,0.864654
HEPH,0.779316
CHSY1,0.910772
SETD5,1.021280
SLC25A11,0.985712
SCARF2,0.752854
