GENE,ENVISION
ERBB2,0.724186
IARS,0.969830
WWP2,0.789861
DMPK,0.942288
SLC6A4,0.953903
WNK2,0.810866
CA1,0.886696
SLC37A1,0.973817
XDH,0.920057
MARK4,0.869030
PC,0.895569
GPLD1,0.969984
TTN,0.799511
ACADSB,0.918026
NAGA,1.012220
AURKA,0.839417
SLC5A3,0.840287
MAPK7,0.870561
CREBBP,0.914080
AMD1,0.719996
