GENE,ENVISION
ADCY4,0.555912
LRP2,0.795546
DNMT1,1.025390
PTPRS,0.747768
FNTB,0.935485
BARD1,0.720088
INPP5J,0.978346
ST6GAL1,0.947391
XDH,0.836234
CBS,0.651938
AMFR,0.885775
SACM1L,0.978141
SLC27A5,1.049950
TBL1X,0.998477
CYP11B1,0.751587
ELOVL7,0.904706
SUCLA2,0.957233
TTN,0.851026
