GENE,ENVISION
WNK1,1.005450
ATM,0.975386
GPHN,0.996343
PIK3CG,0.937215
