GENE,ENVISION
BIRC6,0.834605
EPHA5,0.946235
HSPG2,0.984930
MAP3K6,0.878947
TNFRSF21,0.864216
