GENE,ENVISION
TARS2,0.757477
ADCY3,0.983423
TRIB3,0.812315
PTPN14,0.767155
MAP3K10,0.860408
PTEN,0.882331
EPHB1,0.852901
PRKACA,0.882417
MYCBP2,0.753461
USP14,0.992071
USP28,0.967711
DYRK1A,0.982558
GMPR2,0.883461
GOT1,0.920400
FUK,0.796568
