GENE,ENVISION
RIOK3,0.820748
EPHX2,0.846266
LBR,0.843082
RFWD3,0.982386
SLC2A13,0.854838
EPHA3,0.881089
MYLK,0.851330
BMPR1A,0.843511
RNF133,0.797574
ULK1,0.845962
UGT2B11,0.990312
NSD1,0.973143
SLC6A12,0.783632
NANS,0.801956
USP18,0.725270
PTPN5,0.851808
