GENE,ENVISION
CA1,0.711250
CYP1A2,0.691424
PTPRT,0.841918
PRKCA,0.905274
RTCA,0.941517
KCNJ8,0.663151
FADS3,0.977310
FLT4,0.952568
AICDA,0.816195
POLR1A,0.988020
HELZ2,0.803910
USP25,0.915020
TRIM63,0.809656
UBE2T,1.005020
