GENE,ENVISION
FABP6,0.949771
TRIO,0.907305
JAK2,0.936600
NDUFA2,0.793063
LPIN3,0.798896
PPM1D,0.876704
MGLL,0.766741
WARS,1.001430
PLCG1,0.912614
SLC2A10,0.819687
HIPK3,0.847803
TPI1,0.757592
STK33,0.868651
RRM2B,0.796634
PDE7A,0.836695
SLC26A9,0.976728
USP32,0.972607
TNKS2,0.920897
PTPRM,0.765365
