GENE,ENVISION
TRIO,0.982037
LRSAM1,0.961094
KMT2D,0.748289
CHD9,0.863482
ACAD9,1.014080
ACSM3,0.970640
AARS,0.770409
MBOAT1,0.868899
SLC4A4,0.855992
BRPF1,0.840804
RPIA,0.960007
ZC3HAV1,0.958590
CBS,1.030560
SMYD3,0.802058
LATS1,1.006610
MTMR2,0.764008
SLC27A3,0.971998
UBR4,0.931624
