GENE,ENVISION
COLGALT2,0.881446
FKBP14,0.829877
UBE3A,0.863499
CHPF2,0.967317
CIT,0.935511
ACAD10,0.938198
RAF1,0.848423
MARK4,0.841969
CERS5,0.921979
SDR16C5,0.984290
UBE3B,0.820205
USP34,0.977717
DGKQ,0.897834
DPYS,0.903819
PLA2G7,0.949290
CDC42BPG,0.707796
TTN,0.953539
B4GALT2,1.054850
FDFT1,0.972898
B4GALT7,1.004880
ERBB2,0.938353
GANC,0.978764
ALG14,0.744925
DUSP1,0.861675
HLCS,0.820944
MAP3K10,0.982808
PTEN,0.873367
PTPRM,0.939341
