GENE,ENVISION
MAPK8,0.850503
YES1,0.862469
TTN,0.638227
MAP3K4,0.940369
INPP4B,0.944534
