GENE,ENVISION
PPP2R1A,0.915630
RPS6KA4,0.670904
CUBN,0.944090
SETD1A,0.710695
STK31,0.832141
SLC4A1,0.806813
ABCC9,0.986502
GPT,0.708207
PRPF4,1.014720
