GENE,ENVISION
AOC1,0.828266
HDAC3,0.921528
KMT2D,0.881077
SAP130,0.947393
FYN,0.956256
NEK8,0.960180
ALG5,0.831051
FIG4,0.990389
FUT4,0.983042
CYP2E1,0.972310
PHOSPHO1,0.995709
SSH1,0.916517
F13A1,0.921850
YES1,0.982280
TTN,0.885770
