GENE,ENVISION
CYP19A1,0.688822
HAL,1.009140
UBE2O,0.831962
EARS2,0.882964
VARS,0.576529
PIK3CD,0.900246
PIP5K1A,0.854364
MKNK1,0.843363
MAP3K6,0.786853
UGT2A1,0.843469
MAPKAPK2,0.993482
CHST8,0.824726
SI,0.844519
SLC4A1,0.949893
ANPEP,0.967676
SLC8A1,0.940475
DGKG,0.937418
BRAF,0.768553
