GENE,ENVISION
RPS6KC1,0.823566
GNPTAB,0.987780
RPE65,0.684980
HUWE1,0.830609
MYLIP,0.864730
POLR3B,0.807957
NOX4,0.837708
ADCY10,0.951964
CYP4F2,0.950010
NCOA6,0.816874
TKTL1,0.856329
LIMK2,1.011140
DGKI,0.982744
TTN,0.825015
SLC47A2,0.873583
MYCBP2,0.589770
PLCB1,0.846184
WNK1,0.997555
LRP1,0.823711
ILKAP,0.899484
STK17A,0.920734
GALNT15,0.875630
SLC2A4,0.788138
PIK3R4,0.811058
STARD3,0.961114
PTPRM,0.818162
