GENE,ENVISION
SMG1,0.868111
TLK2,1.044460
MAP3K2,1.013190
STK10,0.840309
DNMT1,0.962940
CAMK2B,0.709785
CUBN,0.831275
TTN,0.462641
