GENE,ENVISION
AGL,0.915499
DARS,0.746665
NDUFB2,0.782789
CKMT1B,0.956398
PLCG2,1.003710
GCAT,0.731830
B3GNT7,0.928056
SLC9A2,0.982262
MGAM,0.997179
NTRK3,0.918425
POLD1,0.857707
TTN,0.818461
HAS1,0.979338
TTC3,0.783258
PIGQ,1.002120
DLAT,0.927708
UCP1,0.845642
SLC41A2,0.761508
ADCY8,0.783264
BRAF,0.768553
NEU4,0.779914
GFPT1,0.945583
PXDN,0.762927
