GENE,ENVISION
VARS,0.793107
RPAP2,0.973099
CA6,0.771188
CIT,0.905531
FKBP9,0.896464
PKLR,0.734563
GPAM,1.003180
TPTE,0.802997
DHRS4,0.925301
ACAA2,0.872859
SLC12A7,0.940678
CHST2,0.963606
KMT2B,0.857443
NOS2,0.961437
SLC7A11,0.860577
ACSM2A,0.866583
CAMK2B,0.708775
UBA6,0.910174
ABCB11,0.988592
HEPH,0.811110
ATP2B3,0.964135
DCLK2,0.758101
FUT10,0.976273
SLC16A3,1.033880
MST1R,0.533724
MYLK,0.853055
PTEN,0.857747
PTPRB,1.000650
CANT1,0.902137
SGSH,0.853304
UGT2B28,0.972186
ABCA8,0.984049
