GENE,ENVISION
EHMT1,0.929169
GALNT12,1.001070
ALK,0.967590
ACSS1,0.941621
PLCL2,1.033040
XYLT1,0.962119
PNCK,0.787491
ATP1A4,0.669006
ATR,0.931220
TTN,0.934618
MIA3,0.922114
SLC5A8,0.941424
SLC5A9,0.801333
PPAT,0.825523
ROR1,0.988404
SLC40A1,0.783319
