GENE,ENVISION
MYO3A,0.825190
UROC1,0.865789
ERBB4,0.793437
PFKP,0.757647
MGAT4C,0.843373
MINPP1,0.861095
ECHDC2,0.948310
