GENE,ENVISION
CDC42BPB,0.909908
KMT2A,0.815643
INPP5E,0.913115
TRHDE,0.889126
ETNPPL,0.837742
TTN,0.864262
MERTK,0.875289
PLCL1,0.956533
GAD2,0.722769
