GENE,ENVISION
FMO2,0.782862
HECTD3,0.861416
ASH1L,0.969913
AHCYL2,0.922506
SLC17A4,0.981827
MAP3K10,0.859606
CDC42BPG,0.783900
NEU4,0.728661
