GENE,ENVISION
ABCG8,0.847526
PAN2,0.863167
ATP11A,0.842237
