GENE,ENVISION
USP26,0.940607
DUOX2,0.986921
PRKD1,0.966616
