GENE,ENVISION
SIRT3,0.942075
LRP1,0.842732
TAOK2,0.874839
CYB5R1,0.971900
CARM1,0.857156
TIPARP,0.822217
NT5C1B,0.878209
GALNT2,0.846478
ACSBG1,0.897021
