GENE,ENVISION
NCOA2,0.931592
GGTLC1,0.838965
MARK1,0.874009
