GENE,ENVISION
MYO3A,0.936560
XPO7,0.802521
TECR,0.860447
SLC12A5,0.899765
CES5A,1.007830
HERC4,0.893503
ATR,0.895261
