GENE,ENVISION
MTMR7,0.814173
SLC25A2,0.792588
SDR9C7,0.805155
SSH3,0.952692
