GENE,ENVISION
BHMT2,1.004250
MST1R,0.983755
PDK4,0.903056
CERCAM,0.776904
