GENE,ENVISION
GDPD2,0.722100
ATP1A4,1.003120
SRPK1,0.848673
