GENE,ENVISION
PLXNB3,1.002590
HSPG2,0.856204
LPPR4,0.968638
SSH2,0.805044
SLC8A2,0.897742
CNDP2,0.903980
