GENE,ENVISION
HIPK2,1.002020
ACY3,0.752526
DZIP3,0.981265
