GENE,ENVISION
PJA1,0.783628
ABCA3,0.873958
HECW2,0.978153
