GENE,ENVISION
SLC5A8,0.758731
A4GALT,0.985574
HEPH,0.913318
BRSK1,0.865063
REG3A,0.872927
