GENE,ENVISION
POLM,0.791187
ATM,0.878655
ELP3,0.796912
PANK4,0.993371
SH3RF3,0.778385
