GENE,ENVISION
USP17L2,0.858539
HEPH,0.935737
ACVR1,0.842163
TPSD1,0.813193
SLC17A4,0.821937
BIRC6,0.804899
ART5,0.769387
SLK,0.885016
RDH13,0.968768
SLC6A19,0.837161
HECW1,0.975468
TNS2,0.913735
SLC28A3,0.870385
SLC27A4,0.953174
AWAT1,1.014200
GUCY2D,1.018930
