GENE,ENVISION
LRP2,0.831689
TARS2,0.982404
EXT2,1.005290
PEAK1,0.934881
LPIN3,0.979563
HS3ST3A1,0.768322
PIK3R5,0.860290
AZIN2,0.809906
CARM1,0.979195
MAST1,0.858722
SLC22A6,0.750338
NEK5,0.821010
RFWD3,0.809775
USP7,0.768298
LRRK1,1.006660
