GENE,ENVISION
KYNU,0.778638
PLD1,0.948128
BRSK1,0.861177
PEAK1,0.858887
LCLAT1,0.945819
SLC4A7,0.758012
SLC23A2,0.790320
TTN,0.852492
USP15,0.869232
SLC8A2,0.924612
SETD2,0.785358
