GENE,ENVISION
SLC27A4,0.897842
MAST1,0.880792
GLYAT,0.945030
SLC9A2,0.840245
ABCC11,0.844511
