GENE,ENVISION
MYO3A,0.874758
GALNT15,0.976047
PLCB4,0.948574
CYP2A13,0.730724
USP44,0.962479
ENPP2,0.788406
GGT6,1.007220
TTN,0.716016
RNF216,0.936657
