GENE,ENVISION
LRP1,0.747768
RFWD2,0.719643
TGM7,0.922720
ACACA,0.993282
EIF2AK3,0.603101
UGT2A1,1.026000
PARP2,0.720434
PIGQ,0.861515
CYP39A1,0.879536
SLC5A7,0.814141
ATP6V0D2,1.014800
