GENE,ENVISION
LRP2,0.882436
PCK2,0.764378
CEPT1,0.800646
DCLK2,0.842271
TTN,1.006360
GALNT2,0.862786
