GENE,ENVISION
SLC27A6,0.794761
OXSM,0.830580
