GENE,ENVISION
KMT2C,0.771231
ASH1L,0.565626
SLC2A8,0.977567
SLC2A14,0.818692
UGT2A3,0.894976
PIK3R5,0.746350
ATP1A4,0.626294
RNF138,0.917240
ATP2B2,0.941910
