GENE,ENVISION
PGAP1,0.863197
TSSK1B,0.919117
CHD9,0.796554
SLC12A7,0.998525
DYRK1A,0.839152
HAO2,0.911975
