GENE,ENVISION
ITK,0.824645
ABCC8,0.819514
MERTK,0.915623
USP28,0.868177
UBR3,0.985426
TRPM6,0.772898
SLC39A7,0.771459
