GENE,ENVISION
KMT2B,0.971646
MAN2C1,0.873281
