GENE,ENVISION
STK32C,0.869232
DAGLA,0.926185
PIM2,0.861763
TTN,0.813195
MLKL,1.007960
SLC18A3,1.008380
EYA3,0.860577
ABCC11,0.971141
