GENE,ENVISION
PAK6,0.984771
ALG5,0.982404
SLC23A2,0.883525
ANKRD1,0.864262
G6PC2,0.998465
