GENE,ENVISION
PLA2G4F,0.877571
HS6ST2,0.772755
PRKDC,0.779036
