GENE,ENVISION
OCRL,0.920849
PECR,0.759619
PEAK1,0.843102
