GENE,ENVISION
ADCY4,0.924373
SLC13A3,0.978513
ATP2B2,0.767178
TTN,0.790414
