GENE,ENVISION
COLGALT2,0.983179
RPS6KA6,0.767821
ADCY1,0.860154
BRSK1,0.785902
TRAF7,0.893991
DUOX1,0.985975
PGLYRP4,0.970984
NSDHL,1.014290
TECRL,0.990080
SLC18A2,0.977692
DOT1L,0.754922
