GENE,ENVISION
PPIAL4A,0.900419
MAP3K1,0.754167
KYNU,0.547677
SMG1,0.822127
PPP1R3B,1.003910
