GENE,ENVISION
POMT1,0.802932
PLK3,0.850891
SLC2A12,0.758012
GALNT6,1.021060
