GENE,ENVISION
AOC3,0.770560
PLCB3,0.921744
NCOA6,0.893536
CYP2A13,0.903013
PPIAL4A,0.785835
POLR1D,0.776279
ATP6V0A1,0.983250
