GENE,ENVISION
SLC12A5,1.089800
KARS,0.844137
MKRN3,0.977679
SLC6A14,0.982114
DUSP12,0.850015
