GENE,ENVISION
USP13,0.895849
SLC7A5,0.979239
KMT2E,0.852487
AGMAT,0.822599
