GENE,ENVISION
KMT2B,0.838944
SULT4A1,0.810780
CHST14,0.981727
SLC38A2,1.003500
USP40,0.978559
FTMT,0.907191
NUDT12,0.847925
MDH1B,0.780580
SLC29A3,0.984021
USP24,0.718498
USP34,0.976310
SLCO1C1,1.004690
