GENE,ENVISION
ACER2,0.856976
IARS2,0.947717
SBK1,0.839509
ST3GAL4,1.007320
SLC7A7,0.924032
MAT1A,0.707664
USP9X,0.810954
POLE,0.836906
MARK1,0.865199
GFPT1,0.943472
USP32,0.745842
DUSP6,0.661664
AQP10,0.947658
ZC3HAV1,0.649347
