GENE,ENVISION
RNF216,0.847730
INPP5F,0.864682
