GENE,ENVISION
AOX1,0.849159
LIPG,0.844509
PRKG2,0.941479
USP43,0.850101
MIA3,0.781826
GTF3C4,1.008180
UBR3,0.881066
PXDN,0.866101
