GENE,ENVISION
LRP1,0.766044
FAM65A,0.851697
HIPK2,0.855398
PPT2,1.003340
NEDD4L,0.898023
MDH1B,0.910394
PLB1,0.726505
SLC13A2,0.928022
