GENE,ENVISION
ST6GALNAC2,0.955786
UBE3A,0.993379
TTN,0.760407
AKR1C1,0.978578
