GENE,ENVISION
STK32C,0.942932
PTK2,0.943673
KMT2E,0.936154
OLAH,0.908619
DHRS2,0.753233
TTN,0.917130
FABP9,0.844813
