GENE,ENVISION
UBE3B,0.766044
SLC25A11,1.055710
