GENE,ENVISION
PANK3,1.020100
PNCK,0.864448
UGT3A2,0.979534
SLC17A6,1.012630
POLE,0.847405
MED1,0.769810
ATR,0.976256
TTN,0.711191
MGAT4C,0.742154
SLC15A2,0.842883
POLR3B,0.855414
FUT8,0.716567
POLK,0.849521
RNF20,0.788647
CSGALNACT1,0.996980
