GENE,ENVISION
LARS,1.008810
CREBBP,0.911529
ZCCHC11,0.822716
UBE2O,0.969289
TRHDE,0.814761
XPO6,0.745842
HKDC1,0.911796
PDIA2,0.936732
PGLYRP2,0.791624
SARS2,0.646264
ELOVL5,0.766082
UAP1L1,0.967649
SFXN3,0.922249
ADCY10,0.937701
DGKB,0.950167
FADS3,0.858722
ST3GAL2,0.736086
ROR2,0.973751
CINP,0.941658
