GENE,ENVISION
SLC4A10,0.789066
RPS6KA6,0.591905
AOX1,0.975904
WNK1,0.977376
SIAE,0.852982
PHKB,0.880557
SYVN1,0.977097
FUT5,1.009040
HERC3,0.936921
TTN,0.890791
SLK,0.966517
UBR2,0.982229
CHST2,0.835420
SULT2A1,0.910753
