GENE,ENVISION
TBK1,0.920522
ERBB4,0.981355
PIKFYVE,0.807148
ATM,0.923748
PTPN14,0.759110
RHAG,0.918543
HMGCLL1,0.770511
