GENE,ENVISION
HEPH,0.980842
TRIM33,0.770409
ASPH,0.786232
CAMK2A,0.797636
PPP2R2C,0.870521
CDKL2,0.882578
YARS2,0.966874
AGPAT4,0.931021
CYLD,0.921234
TTN,0.911903
GUCY1B3,0.978625
DYRK1A,0.823304
USP16,0.995501
DUSP22,0.916253
USP33,0.896582
ACAD10,0.963282
