GENE,ENVISION
ABCA3,0.909027
PIGG,0.796594
MAP3K3,0.874922
STT3B,0.999525
SLC36A1,0.992006
USP13,0.920011
HECW1,0.908745
CDC42BPB,0.872122
UGT2B28,1.007340
SPEG,0.858006
DUSP16,0.777880
ZC3HAV1,0.855824
