GENE,ENVISION
ATP2B3,0.825700
TTN,0.903256
