GENE,ENVISION
SLC6A3,0.833666
ART4,0.837419
