GENE,ENVISION
AK3,0.951322
ACSS2,0.688373
EPT1,0.919349
CTDP1,0.984968
MED1,0.754599
NEU4,0.975204
