GENE,ENVISION
HS3ST3B1,0.856204
LRP1,0.895989
B4GALNT3,0.854432
USP13,0.947469
SLC25A2,0.826790
BARD1,1.012870
SLC22A13,1.023120
PRKAA1,0.864899
GDPD2,0.941202
MDH1B,0.915111
ADHFE1,0.745842
CDK13,0.784714
COQ5,0.949609
PNPLA8,0.850477
AKR1C1,0.795213
SLC29A2,0.909015
