GENE,ENVISION
SLC17A4,0.938581
DOLPP1,0.942349
DOT1L,0.847580
HERC1,1.008050
DAGLA,0.972232
