GENE,ENVISION
LRP2,0.867611
OCRL,0.959472
PLCB2,0.816405
MTHFD1L,0.859706
WNK3,0.855814
SUCLA2,0.825523
RPS6KC1,0.974401
ADHFE1,0.856472
MLKL,0.947496
HEPH,0.869958
ALG13,0.829645
AMHR2,0.838643
RNF20,0.838634
ZC3HAV1,0.965744
