GENE,ENVISION
HUWE1,0.885647
USP24,0.796912
CYB5R1,0.863197
SLC9A2,0.934985
BIRC6,0.835572
SLC17A7,0.869704
STK11,0.320387
KAT5,0.961869
SLCO2A1,1.007880
NTRK3,0.817938
SLC12A5,0.816156
PIGQ,0.727114
MGAT3,0.795488
TTN,0.755898
AUH,0.897813
USP32,0.921501
ATP2B2,0.769009
