GENE,ENVISION
TPTE2,0.847394
MAP3K10,0.925272
MYLK,0.982429
