GENE,ENVISION
SLC9A7,0.858410
TTN,0.942338
HS6ST3,0.999682
