GENE,ENVISION
PCYOX1,0.982673
MARCH10,0.844836
ADCY2,0.959751
LPIN1,0.928187
