GENE,ENVISION
MYO3A,0.872633
ALG9,0.802058
ALK,0.981139
LPIN1,0.974648
HUWE1,0.905384
MGLL,0.979912
GPAT2,0.742435
MAN2A1,0.882881
DPYSL3,0.843039
SLC35B2,0.972460
TTN,0.917274
TPSD1,0.980514
SPEG,0.771365
NPC1L1,0.802461
GAD2,0.895001
UBR4,0.758766
