GENE,ENVISION
SLCO1B1,1.111550
EHMT2,0.912673
SLC38A1,0.947087
FKBP10,0.811110
DGKD,0.976432
ALG2,0.921828
AFMID,0.979935
KAT5,0.959386
MAP3K4,0.938959
DPYS,0.908353
POLE,0.830192
NOX5,0.965279
TTN,0.934118
DGKH,0.741008
PTPRO,0.858722
ACOT11,0.929855
SETD5,0.833995
MTMR2,0.910449
MCCC1,0.771843
FABP9,0.998504
