GENE,ENVISION
SLC14A2,0.877608
CHIT1,0.602277
GK2,0.876616
USP42,0.831484
PLCH1,0.972917
PNPLA7,0.843919
SLC5A11,0.782412
PLB1,1.004440
USP34,0.786481
CHST6,1.014270
