GENE,ENVISION
PAN2,0.948563
ATP8A1,0.936407
UGT3A1,0.908269
NEK1,0.957347
UBE3B,0.745842
PPP2R3A,0.974376
MYLK2,1.022570
DAPK2,0.832333
WNK1,0.910601
SSH2,0.980977
SETD2,0.932952
RNF20,0.940585
