GENE,ENVISION
SLC9A4,0.857379
CYP2S1,0.825851
