GENE,ENVISION
ABCA4,0.834448
RPS6KC1,0.865998
STK38L,0.882208
