GENE,ENVISION
MINK1,0.861177
CDK19,0.814260
PGS1,0.881095
