GENE,ENVISION
SLC9A7,0.709904
ABCA4,0.902080
MAST2,0.972191
GPLD1,1.005770
HAO1,0.889269
DOT1L,0.916141
