GENE,ENVISION
HECTD3,0.864262
GMPPA,0.833131
LPCAT3,0.768623
