GENE,ENVISION
ITPK1,0.901601
ADCY1,0.857430
XPO7,0.882208
SLC24A4,0.922708
MERTK,0.984290
UBR4,0.914251
