GENE,ENVISION
RPS6KA1,0.697920
EARS2,0.983217
NDUFB9,0.922870
UBE3B,0.875026
PTPN14,0.903980
PLCL1,0.907028
DPYS,0.651689
SLC12A4,0.764128
PLCE1,1.022440
MARK1,0.777703
QTRT1,0.969903
MOGAT2,0.837230
NNT,0.887162
SPTLC3,0.729708
ACSBG1,0.846781
