GENE,ENVISION
MYO3A,0.753157
RPS6KA6,0.741090
KAT2A,0.879588
