GENE,ENVISION
SCD5,1.048770
PASK,0.965352
DHRS9,0.968213
