GENE,ENVISION
UBA2,0.937446
RDH10,0.831248
PAPL,1.005600
