GENE,ENVISION
LATS2,0.864817
AWAT1,0.830918
NTRK2,0.855330
