GENE,ENVISION
MARCH9,0.889707
TTN,0.798241
G6PC3,0.940980
