GENE,ENVISION
HIPK3,0.872626
PPWD1,1.017270
CBLL1,0.860907
UXS1,0.862960
