GENE,ENVISION
CYP8B1,1.026130
MYO3B,0.750770
WARS2,0.970881
MAPK11,0.850592
SLC5A7,0.853409
