GENE,ENVISION
CDK12,0.934618
SLC13A2,0.983891
