GENE,ENVISION
PLCB3,0.602619
TRIM32,0.951836
PLCXD2,0.860289
NUDT12,0.856292
CLCF1,0.972923
MGAT5,0.767072
ATP11A,0.850793
