GENE,ENVISION
NAGPA,0.795194
GNPTAB,0.798927
ATM,0.979536
NUDT5,0.922484
PDE3B,0.858006
SLCO1B3,0.929067
SLC12A6,0.828008
PAPOLG,0.909447
SRPK3,0.935583
DUSP27,0.894671
