GENE,ENVISION
HSPG2,0.977327
SLC2A12,0.890440
PPIL2,0.940475
DPAGT1,0.979241
PLCE1,0.778375
ADCY10,0.883081
GRHL1,0.942932
NEK8,0.857869
AMDHD1,0.947554
RNF139,0.978601
MTMR14,0.864876
AADAT,0.926743
HERC4,0.817480
SRPK2,0.812159
GSTO2,0.869449
SDSL,0.859892
LGMN,0.860504
PTPN11,0.765609
MBOAT1,0.721932
ELOVL6,0.869232
MAP3K12,0.963363
RNF128,0.978619
