GENE,ENVISION
SLC13A1,0.876822
TRIP12,0.862547
B3GAT1,0.785458
TST,0.949813
ECH1,0.943441
