GENE,ENVISION
DAGLA,0.926399
SLC6A20,0.983838
GALNT10,0.779504
ATP1B4,0.985286
NGLY1,0.787570
EYA3,0.897760
ABCC11,1.033580
