GENE,ENVISION
DNMT3A,0.732995
SLCO2A1,0.839795
PHKB,0.987772
TNIK,0.766123
POLR3GL,0.967299
PXDN,0.863197
