GENE,ENVISION
USP31,0.793563
ABCC8,1.020700
TTN,0.909470
MOGAT3,0.896612
