GENE,ENVISION
GCNT4,0.981812
NCOA6,0.849706
PLA2G7,0.980949
