GENE,ENVISION
PTDSS2,0.980714
EPHA7,0.796912
UGT2A3,0.930579
PRKDC,0.855428
SLC4A7,0.773388
BHMT2,0.601036
PLIN2,1.007410
NCOA3,0.849706
MIB1,0.875622
ST3GAL6,0.856592
PLXNB3,0.847216
PARP4,0.934992
TPH2,0.855398
GUK1,0.901401
SMYD3,0.861416
HEPH,0.789005
DHCR7,1.007620
EHHADH,0.921568
ROR2,0.962989
KAT8,0.603399
PTPRS,0.842732
FAR2,0.770409
KAT6A,0.851876
