GENE,ENVISION
NOX1,0.782148
SIRT7,0.868484
HERC1,0.823764
PDZD4,0.965445
ABCC8,0.920285
TTN,0.745842
ATR,0.755317
PTPRN,0.756985
THNSL1,0.768595
