GENE,ENVISION
MYO3A,0.933684
DUOX2,0.846054
SLC5A8,0.948060
B3GNT7,0.985566
SMG1,0.718498
NTRK3,0.832567
PIK3R4,0.896081
NT5C1B,0.877353
TTN,0.836438
ST3GAL2,0.950514
ASH1L,0.788026
PIKFYVE,0.986929
CDC42BPA,1.016470
PLCD4,0.790467
MERTK,1.000710
SLC26A7,0.986652
PDE10A,0.763152
MAST1,0.918988
SLC17A6,0.869805
MSRA,0.887958
STK31,0.789587
ATP1A4,0.785126
HECW1,0.709191
