GENE,ENVISION
TLK2,0.862469
CMPK2,0.957892
ST8SIA4,0.764008
PRKAA1,0.837273
ABAT,0.885788
ST6GALNAC1,0.872414
USP20,0.825523
