GENE,ENVISION
SLC9A4,0.778646
MIB1,0.862106
PDE3B,0.978938
