GENE,ENVISION
MTR,0.913727
PTPN11,0.954273
