GENE,ENVISION
UBE4A,0.915953
PIGT,0.863474
HELZ2,0.992784
