GENE,ENVISION
DAGLA,0.937680
MARCH10,0.896253
CA9,0.955619
ART5,0.969467
RPE65,0.939503
HUWE1,0.860598
UEVLD,0.961951
TGS1,0.982035
ACSBG2,1.012980
PLIN4,0.875428
