GENE,ENVISION
GGTLC2,0.820209
GALNT12,0.898110
MAP3K15,0.983937
GLYCTK,0.821015
MKRN3,0.799765
SGMS2,0.981100
PLIN4,0.902077
GALNT3,0.762927
TAOK2,0.857157
TTN,0.895054
