GENE,ENVISION
ENPP2,0.968265
HELZ2,0.785521
MARK2,0.876043
TAOK3,0.933358
