GENE,ENVISION
EP300,0.809697
CERCAM,0.844170
SIK2,0.913174
