GENE,ENVISION
HUWE1,0.912347
CYP46A1,0.964370
NOX3,0.977248
ALG9,0.940625
SLC5A5,0.888055
