GENE,ENVISION
NCOA2,0.864314
PFKFB3,0.877003
ACAT2,0.542144
POLR3E,0.925807
SMARCD3,0.787101
CHDH,0.787877
PTPRH,0.917351
