GENE,ENVISION
MARCH5,1.005700
USP34,0.777866
