GENE,ENVISION
CYP4A11,0.926486
PLD3,0.985883
PIKFYVE,0.796738
RPS6KC1,0.885067
NEK9,0.814398
PNPO,0.957296
MOCS1,0.810858
ATP6V0A1,0.974541
LPCAT3,0.810821
PIGW,0.753176
SLC25A10,0.761580
CHST3,0.966240
ABCC11,1.002540
SLCO1C1,0.755898
