GENE,ENVISION
LRP2,0.830953
LARS,0.902891
DNMT3A,0.814173
PLCB4,0.908156
HS3ST2,0.843135
PPP1R3A,0.812666
SLC38A4,0.928436
RPE65,0.521188
SLC24A4,0.857184
SLC34A1,0.854784
PSAT1,0.500654
TECRL,0.833687
PLA2G4C,0.779936
ACSS2,0.957928
ACSF2,1.019950
THNSL1,0.981891
GGT7,0.782131
