GENE,ENVISION
UGT3A2,0.979651
POLR1B,1.003060
LRP1,0.843770
MAPKAPK3,0.922886
ADCY1,0.900265
