GENE,ENVISION
CHST12,0.852979
MASTL,1.005520
CDK15,0.882052
MAST2,0.843373
TTN,0.920481
SLCO1C1,0.787877
