GENE,ENVISION
SLC22A16,0.958594
SLC51A,0.786853
WNK1,0.855075
