GENE,ENVISION
GDA,0.854838
PIK3C3,0.840118
TTN,0.755141
ERBB4,0.910546
