GENE,ENVISION
CYP8B1,0.966152
MED1,0.977596
TTN,1.001020
DCLK2,0.906613
