GENE,ENVISION
SARS2,0.884573
SLC13A1,0.836553
NLN,0.931858
