GENE,ENVISION
AOX1,0.861679
MCAT,1.002100
TLK1,0.839152
DHRS9,0.954685
ACSS3,0.819950
GTF3C4,0.946500
CDK17,0.856469
SLC25A18,0.994986
POLR3F,0.961820
ELOVL4,0.709904
COPG2,0.871756
GGT7,0.990977
UBR2,0.883421
DYRK1A,0.715605
PPP3CA,0.812837
LPIN2,0.802370
