GENE,ENVISION
KAT6B,0.746881
ROCK1,0.621598
CREBBP,0.922248
