GENE,ENVISION
GNPTAB,0.963067
GFPT1,0.887332
OTUD5,0.919820
EYA1,0.817292
PLD1,1.018070
