GENE,ENVISION
ATP2B2,0.869045
UROC1,1.011340
