GENE,ENVISION
KAT8,0.960167
PARP8,0.766904
DPYSL3,0.768298
SGK223,0.849532
RHCG,1.005960
MKNK2,1.010390
AAK1,0.869793
SLC29A4,0.864199
TTN,0.779643
GAL3ST1,0.865595
SGK3,0.786678
EYA1,0.788758
DYRK4,0.914265
