GENE,ENVISION
B4GALNT4,0.790627
FKBP14,0.917872
EHMT2,0.987958
MAN2C1,0.904769
ERBB4,0.848414
SLC25A2,0.966195
GPAT2,0.959710
MLK4,0.783985
MYLK3,0.796554
CDC14A,0.882823
PIGS,0.984569
TTN,0.810488
GALNT7,0.820674
UBR7,0.858006
TESK2,0.815467
