GENE,ENVISION
NCOA3,0.855718
MOCS1,0.791176
ATR,0.901010
NEU2,0.980668
MAP3K5,0.882205
