GENE,ENVISION
PAN2,0.861416
LPIN3,0.794446
XPO6,1.010910
DAK,0.984098
MARCH2,0.943447
DUSP5,0.947435
CDK15,0.890849
