GENE,ENVISION
MYO3A,0.864913
CERK,0.904319
PPP1R3A,0.912930
PTPN14,0.861535
