GENE,ENVISION
HERC3,0.719643
PHLPP2,0.787499
PADI3,0.767440
SLC22A13,0.956063
GGT7,0.872301
