GENE,ENVISION
CAMK2D,0.770334
ABCA4,0.877949
AARS2,0.993826
USP9X,0.856589
