GENE,ENVISION
CHD9,0.952233
PIK3C3,0.764008
