GENE,ENVISION
GALNTL5,0.939081
ERBB4,1.013490
PDE3A,0.970436
TIAM2,0.876216
TTN,0.868355
LDHD,0.979009
USP26,0.996550
UGGT2,0.769893
PLCD3,0.915128
