GENE,ENVISION
KMT2B,0.921670
TPH2,0.869662
EHMT2,0.791193
COPG1,0.797523
