GENE,ENVISION
TNKS2,0.934810
PDE4D,0.832090
SLC35A2,0.770304
