GENE,ENVISION
CREBBP,0.801136
NEK5,0.863997
MED1,0.889330
PSKH2,1.003450
ZSWIM2,0.863657
