GENE,ENVISION
PLCB1,0.719643
CYP24A1,0.978681
RPS6KA6,0.975637
AASS,0.828526
UBE3C,0.719643
MST1R,0.915820
CERCAM,0.743696
MAN2A1,0.861811
RPS6KB2,0.530779
PPAT,0.979980
TTN,0.904701
HELZ2,0.938120
UGGT2,0.937243
PDE10A,0.920404
DHCR24,0.954386
