GENE,ENVISION
KMT2B,0.730346
PFKFB3,0.826557
ELOVL5,0.889886
BHMT,0.848004
VRK3,0.797389
