GENE,ENVISION
PLIN4,0.788650
USP44,0.981284
SLC32A1,0.906966
PLCXD2,0.776919
RNF182,0.969903
CTSZ,0.992071
PDZD4,1.006910
TTN,0.591874
STK36,0.982404
PLA2G4F,0.868424
NTRK3,0.912222
SHPRH,0.994872
SLC4A8,0.803616
