GENE,ENVISION
DNMT3A,0.786086
DPYD,0.578722
LPCAT3,0.829235
CTDSPL2,0.833225
ASPH,0.951215
PLCL1,1.020180
FARSA,0.982176
CPT1B,1.002650
DMGDH,0.923424
FAR2,0.733444
SLC5A5,0.856559
SGPP2,0.866130
TTN,0.991819
