GENE,ENVISION
NCOA2,0.792561
ZCCHC11,0.853963
PARP16,0.982210
ATP8A1,0.806023
SUV420H1,0.910250
CHD9,0.837541
HERC3,0.777772
PLCH1,0.998504
TTN,0.721622
SLC6A13,0.816246
ENGASE,0.822073
NPC1L1,0.974962
CNDP2,0.874886
DUSP27,0.909025
