GENE,ENVISION
SLC12A6,1.035890
TARS2,0.982123
PTPRS,0.770645
PDK2,0.782676
