GENE,ENVISION
POLN,0.815837
POLE,0.719785
PHKB,0.873768
SGK223,0.978928
SSH1,0.926081
