GENE,ENVISION
TIAM2,0.728139
MAPKAPK3,0.766904
FGGY,0.917549
