GENE,ENVISION
LRP2,0.958070
ABCG2,1.033560
MTMR14,0.865594
LPIN2,0.975514
PIKFYVE,0.901460
GAL3ST2,0.940092
NTRK3,1.019060
PPIL3,0.875892
GLT8D1,0.915958
USP26,0.791094
CYP2S1,1.066040
HEPH,0.975669
DUSP22,0.864948
USP24,0.843039
