GENE,ENVISION
LRP2,0.881089
PDP1,0.835825
TTN,0.911020
HECW1,0.991416
