GENE,ENVISION
MYLK,0.760518
ACSM2B,0.778328
ACSM2A,0.777889
UGT2A1,0.906528
USP34,0.903888
FUCA2,0.855550
PTPRH,0.877903
