GENE,ENVISION
TRIM11,0.832826
TNK2,0.932847
ATP2B2,0.900102
NCOA1,0.981660
CHD9,0.942981
BIRC6,0.909586
MYLK,0.824881
MAP2K1,0.874287
CTDP1,1.024240
ABCA4,0.973968
SRMS,0.856025
USP43,0.960097
USP15,0.996762
DYRK1A,0.852901
SPEG,0.817589
CHIA,0.792396
SIN3A,0.925602
