GENE,ENVISION
PTPRN2,0.990003
HS3ST5,0.872169
LMTK2,0.949985
PPAPDC2,0.944758
SLC24A2,0.987525
SLC12A5,0.789066
PLCH1,0.970843
TTN,0.924059
ELOVL5,0.986354
SLC47A1,0.750462
LARS2,0.922021
HAS1,0.835849
CAMK1D,0.792229
