GENE,ENVISION
MARCH10,0.967514
ALG9,0.975807
SH3RF2,0.983750
B4GALNT2,0.998319
INPP5F,0.968600
PDE1C,0.971216
SLC13A1,0.823306
SUV39H2,0.873959
SLC13A4,0.962369
CAMK2A,0.740705
PFKFB4,0.861416
SLC17A8,0.962893
AMPD3,0.735682
PPIL2,0.857880
ACER1,0.806136
TTN,0.964743
AK7,0.974894
SPEG,0.896531
ENGASE,0.977425
PPP1R3C,0.825121
