GENE,ENVISION
USP24,0.768190
PARP4,0.858315
EPT1,0.944135
SETD2,0.901264
SQLE,0.803979
FUT9,0.787037
