GENE,ENVISION
CAMKK1,1.008180
SLC24A3,0.777772
SLC13A2,0.952984
SLK,0.917354
