GENE,ENVISION
KMT2A,0.799050
UBR1,0.873058
ENPP7,0.785794
UGT3A1,0.955186
SLC34A3,0.984169
USP32,0.767598
PAPD4,0.982404
PPWD1,0.781397
ST6GALNAC6,0.964433
TRIP12,0.873356
USP35,0.760985
FUT9,0.862110
