GENE,ENVISION
MYO3A,0.977432
HS3ST5,0.631139
ADCY2,0.642860
RPS6KC1,0.918195
USP9X,0.718498
AKR1C1,0.908976
TAOK2,0.786020
