GENE,ENVISION
ACSF3,1.007320
B3GALT1,0.919661
B4GALNT2,1.013790
ROR2,0.899142
