GENE,ENVISION
PTPRN2,0.905103
TSSK6,0.880442
SRMS,0.831291
C1GALT1,0.742509
NOX3,1.006360
HSD3B7,0.995252
TTN,0.998309
MYBBP1A,0.864548
