GENE,ENVISION
PAN2,0.944968
GAD2,0.840931
ABCC11,1.019670
