GENE,ENVISION
SLC41A2,0.956698
ADCY2,0.979433
ERBB4,0.896094
PPM1K,0.911029
AGXT2,0.941811
SLC12A4,0.982399
MCAT,0.797387
DGKB,1.002940
ACAD10,0.922938
NTRK3,0.855485
DUSP10,0.873673
