GENE,ENVISION
CYP4X1,1.016480
PLCXD2,0.912827
LRP1,0.835084
