GENE,ENVISION
PGM2L1,0.912481
ADCY2,0.729094
RBBP6,0.850129
PSAT1,0.942946
CHPT1,1.021370
MAP3K14,0.807296
DYRK4,0.985487
GNE,0.950066
