GENE,ENVISION
BIRC6,0.858937
LRP1,0.834942
RDH10,0.897249
ABCA3,0.722226
SLC12A4,0.892174
