GENE,ENVISION
SLC26A8,1.041480
HSPG2,0.892796
NCOA6,0.771341
