GENE,ENVISION
KAT8,0.944852
LOXL2,0.822477
CDK16,0.854525
MAPK7,0.840988
SLC38A2,0.796095
