GENE,ENVISION
DNMT3B,0.990185
SLC12A5,0.852321
PCYT2,0.919998
RNF123,0.958383
DDR1,0.905080
SLCO1B1,0.681313
OCRL,0.820662
TTN,0.770678
AURKC,0.975302
SLC25A28,0.766044
AASDH,0.916926
AWAT2,0.903697
