GENE,ENVISION
SLC6A3,0.939002
POLR1D,0.911368
LRP1,0.860622
LMTK2,1.005190
CSGALNACT2,0.999779
ACSF2,0.839897
DUOX2,0.932363
MST1R,0.797147
WNK4,1.008770
MAST1,0.913512
BMPR2,0.992355
TTN,0.974374
PLA2G12B,0.774769
NOL9,0.757242
GALNT6,0.886071
SLC18A2,0.897988
ST6GALNAC3,0.936106
