GENE,ENVISION
DPYD,0.831143
SLC13A5,0.754694
NEDD4L,0.879178
ATP2B2,0.858173
SHPRH,0.984026
SIN3A,0.826580
