GENE,ENVISION
GUCY1A3,0.992194
GGT6,0.960972
SETMAR,0.914601
