GENE,ENVISION
HERC1,0.987454
BIRC6,0.793381
HIPK1,0.900419
PLCD4,0.976550
TTN,0.953993
