GENE,ENVISION
SLC9A4,0.874758
ART4,0.982888
PGLYRP3,0.823419
MARCH7,0.976483
MAP3K15,0.861376
UBR2,0.989640
GALNT6,0.878019
SETD5,0.791678
