GENE,ENVISION
B4GALNT4,0.997405
VARS2,0.875082
EP300,0.822804
RFWD2,0.833902
MYO5B,0.814071
