GENE,ENVISION
STYK1,0.986469
HUWE1,0.661241
UGT2A3,0.991686
FTMT,0.804998
POLR3B,0.875892
ADCY10,0.911189
USP24,0.916358
POLK,0.988428
GUCY1A3,0.758177
CDC42BPG,0.794403
NNT,0.825523
SLC6A14,0.795146
TRHDE,0.779666
MTR,0.862609
WNK3,0.781698
SLC24A4,0.902965
ACSM2A,0.563327
EP300,0.795882
ROR2,0.841266
PLD4,0.736644
SLC22A12,0.848358
ABCA4,1.024150
SLC5A11,0.914161
MYBBP1A,0.843309
PDE4C,0.851026
