GENE,ENVISION
ATP2B2,0.766044
ABCC11,0.863806
