GENE,ENVISION
PLCB1,0.812667
NHLRC1,0.853091
MAP3K9,1.001670
ALK,0.954569
PTPN12,0.903115
PARP14,0.942987
CYP4F8,0.971122
MKRN3,0.977231
TGS1,0.753878
TTN,0.830548
HIF1AN,1.006010
DGKB,0.854817
DOT1L,0.943583
