GENE,ENVISION
LRP2,0.735261
PLCZ1,1.014420
LDHAL6B,0.851704
PLCL2,0.804690
USP42,0.724476
