GENE,ENVISION
EP300,0.787763
TRIM33,0.875026
QPCT,0.999217
CSNK1G3,0.859268
DGKH,0.978758
SLC8A2,0.835084
