GENE,ENVISION
SLCO1B1,0.830285
COQ5,0.842010
AGPAT5,1.075900
