GENE,ENVISION
ABCC11,1.025030
ZSWIM2,1.014540
SLC5A7,0.778682
