GENE,ENVISION
SLC20A2,0.775442
KDSR,0.784366
LRP1,0.861416
TRAF7,1.016570
CHD9,0.890379
USP43,0.920401
TIAM2,0.737006
MAP3K14,0.855976
RNF138,0.769267
KAT6B,0.845846
SETD2,0.759354
UBR4,0.862469
