GENE,ENVISION
CYB5D1,0.861301
FUT5,1.010610
RNF133,0.610806
