GENE,ENVISION
PLD6,0.861841
AK7,0.944995
USP32,0.841650
SLC5A6,0.735380
SPHK1,0.840000
