GENE,ENVISION
AASS,0.794354
SLC29A4,0.972638
TTN,0.824498
PHEX,0.966642
