GENE,ENVISION
MARCH10,0.955670
HS3ST4,0.971475
SCARF2,0.778646
WWP1,0.895335
MIB1,0.939873
NTRK2,0.909877
HELZ2,0.707650
SLC25A13,0.874438
HAS1,0.726960
