GENE,ENVISION
GNPTAB,0.944318
TSSK1B,0.936224
FUT5,1.008460
ADCY2,0.557795
