GENE,ENVISION
SRMS,0.897307
ATR,0.923669
CHST4,0.833005
