GENE,ENVISION
MAP3K1,0.825523
USP29,0.884305
