GENE,ENVISION
SLC5A12,0.840050
SLC25A3,1.052370
PRKCE,1.008650
SLC35B4,1.101720
