GENE,ENVISION
EPHA7,0.739411
ACAD10,0.905289
HSD17B11,0.922710
LGMN,1.009240
