GENE,ENVISION
PIGK,1.016030
RIPK1,1.000430
AMFR,0.988537
ATP1A4,0.945715
HELZ2,0.998905
A4GALT,0.961713
