GENE,ENVISION
DNMT3B,1.013360
AASS,0.784421
PDIA5,0.905078
SLC22A6,0.977746
TTN,0.599492
TRPM6,0.866709
PAK7,0.900452
PDE4D,0.701024
TOPORS,0.840173
