GENE,ENVISION
RNF19A,0.983615
NEK5,0.985449
KMT2E,0.800717
PIGV,0.857901
PLCL1,0.930212
