GENE,ENVISION
GUCY1A3,0.985993
USP34,1.000660
ST3GAL1,0.893152
FRMPD2,0.746629
