GENE,ENVISION
ALG13,0.976080
SMURF2,0.842271
MGAT3,0.824239
