GENE,ENVISION
HIPK2,0.813836
TNIK,0.880418
TTN,0.867123
NEK1,1.006580
