GENE,ENVISION
DAGLA,0.972073
USP17L2,0.957511
B3GALNT2,0.871603
ASAH2,0.951108
DUOX1,0.884792
NARS2,0.791996
ASPH,0.840523
CARM1,0.756246
TIAM2,0.966143
NSD1,0.824369
UGT2B28,0.767369
LDHAL6B,0.899539
USP24,0.787101
USP34,0.876491
