GENE,ENVISION
SARS2,0.859068
KMT2A,0.762674
SLC3A1,0.974558
STK11,0.778374
PLCB2,0.873405
MDH1B,0.832650
MYO3B,0.976092
USP29,0.949473
