GENE,ENVISION
AANAT,0.969779
EZH2,0.802521
MAP3K14,0.906911
ADCY1,1.025740
ERBB4,0.776652
