GENE,ENVISION
TRHDE,0.918543
SLC28A3,0.980560
SLC2A14,0.923299
CTSF,0.948652
NOX5,0.856218
WNK4,0.858577
MTRR,0.794832
