GENE,ENVISION
SLC41A1,0.948036
KCNJ8,0.874001
ADCY2,0.939627
AASS,0.955468
SLC2A14,0.951361
PARP12,0.748968
SLC27A1,0.987047
UBR4,0.718498
