GENE,ENVISION
TRPM6,0.851697
DAGLB,1.022770
TLK2,0.858388
BRAP,0.958038
