GENE,ENVISION
SLC12A5,0.830554
ASH1L,0.777880
HECTD1,0.906361
PNCK,0.970940
PEAK1,0.948687
ACSS3,0.848091
FAAH2,0.835940
GUCY1A3,0.794148
RNF130,0.747768
NAPRT,0.799167
CDC42BPG,0.903257
FRMPD2,0.958893
USP24,0.880418
PRKD1,0.925959
PTPRH,1.003750
