GENE,ENVISION
PLCZ1,0.952641
DPEP3,0.975989
PLCB4,0.868930
TTN,0.845932
GLB1L,0.627773
