GENE,ENVISION
PDE1B,0.922061
CHIT1,0.876150
COASY,0.892744
ETNK1,0.844341
USP42,0.866957
