GENE,ENVISION
PTPRS,0.836168
PARP9,1.000510
SLC22A18,0.986571
ALG3,0.943044
UHMK1,0.896528
CDKL2,0.964492
LPCAT2,0.976590
TTN,0.851766
TOPORS,0.958137
