GENE,ENVISION
SIRT3,1.005170
PLCB4,0.867317
MTMR3,0.825533
BIRC6,0.823726
ROR2,0.993378
CYLD,0.925282
SETDB2,0.819138
PIP4K2B,0.956667
USP33,0.755045
USP34,0.763827
HIBCH,0.881117
FUT9,0.998847
SLC39A7,0.950606
