GENE,ENVISION
MAT1A,0.525002
PON3,1.005130
