GENE,ENVISION
RIOK2,0.782562
GALNTL5,0.815116
TSSK1B,0.827562
FMO1,0.944903
AGK,0.997722
ABCG5,0.928546
ERBB4,0.999776
PIGV,0.769387
RAD18,0.827123
CSAD,0.830243
MAP3K4,0.930631
PSKH2,0.932954
PADI1,0.778622
TPH2,0.772039
PLIN4,0.782404
HECW2,0.877362
HAO2,0.788905
PTPRK,0.842732
PDE10A,0.875026
SULT2A1,0.968279
