GENE,ENVISION
PISD,0.936913
ENPP2,0.667608
SLCO1B3,0.833784
MAP3K15,0.914348
QTRT1,0.701800
CLK4,0.978218
