GENE,ENVISION
KARS,0.979006
ASH1L,0.863993
ACVR1,1.011070
PPP1R3A,0.812801
NDST4,0.972652
USP10,0.778646
PRKDC,0.901093
CES3,0.789546
MED1,0.741912
MAP3K15,0.964605
PLA2G4C,0.752854
SLC17A8,0.825522
PDE11A,0.843999
USP33,0.928206
GALNT6,0.845662
UGP2,0.719785
PIP4K2B,0.801186
