GENE,ENVISION
KMT2C,0.856204
PHYKPL,0.862917
SMG1,0.905954
CDK12,0.925497
MST1R,0.914624
MAP3K4,0.773356
PDK1,0.846269
TTN,0.853179
MERTK,0.849706
COPG1,0.827825
EHHADH,0.998328
CREBBP,0.845907
