GENE,ENVISION
USP7,0.768298
LPPR4,0.949661
ADHFE1,0.860577
POLL,0.959803
SLC25A13,0.924996
NCOA2,0.991338
ST3GAL5,0.925911
NTRK2,0.848122
TTN,0.502637
DGKB,0.997709
PLCB1,0.862933
FMO1,0.999520
PLCB4,0.891577
B3GALT1,0.873472
ERBB4,0.633966
ENPP2,0.813873
PIGQ,0.756688
CES3,0.774174
CSGALNACT2,0.933291
RNF20,0.906159
ABCC11,0.914422
CHST8,0.984290
SLC17A1,0.973532
ACSL5,0.840288
STK36,0.899607
