GENE,ENVISION
RPS6KA1,0.926233
MAP3K1,0.914940
GK2,0.871807
PDP1,0.719785
PLCB3,0.714074
DUOX2,1.040370
HEPH,0.914173
MINPP1,0.855848
FUT9,0.888535
