GENE,ENVISION
MAP4K3,0.860295
TNKS2,0.896528
STYK1,0.898090
BIRC6,0.909194
MYLK,0.852657
MGAT5B,0.955120
TTN,0.869306
SLC13A1,0.993833
PAPOLG,0.859268
TMLHE,0.785142
