GENE,ENVISION
PLCB1,0.801605
ZSWIM2,0.845202
TSTA3,0.986646
BIRC6,0.788920
EIF2AK3,0.862786
CHD9,0.752031
HECW1,0.857244
MARK2,0.666712
