GENE,ENVISION
B4GALNT4,0.851573
SMPD3,0.972347
PRDX1,1.004660
DYRK4,0.981205
SLC25A19,0.967989
PI4K2A,0.985379
ACAD11,0.774399
GAL3ST4,0.835971
USP21,0.951049
OGDH,0.820195
MDH1B,0.975158
TIAM2,0.860501
TTN,0.782112
IRAK3,0.962489
PLCB4,0.917922
XYLT1,0.892430
HEPH,0.983597
USP34,0.909925
EIF2AK1,0.852092
ETNPPL,0.904173
ACOX2,0.961296
PDZD4,0.967079
