GENE,ENVISION
ABCG8,0.995448
CYP4F3,0.899961
PLCB2,0.786853
BARD1,0.993766
IKBKE,0.926764
