GENE,ENVISION
DPYSL3,0.868111
SLC17A6,0.967995
HECW1,0.858722
SLC5A5,0.927631
PDE11A,0.854525
CDK10,0.859981
BDH1,0.922565
