GENE,ENVISION
DUSP6,0.910262
GK2,0.856204
RBBP6,0.796363
ROCK1,0.742820
