GENE,ENVISION
DPYSL2,0.920278
SLC14A2,0.906326
ACAD8,0.773707
HS2ST1,0.741208
ATM,0.893040
MAP3K5,0.779014
HECW2,0.824955
RNF128,0.931802
GAL3ST3,0.970292
MCCC1,0.998064
