GENE,ENVISION
SULT2A1,0.837690
ATM,0.754009
CDC42BPA,0.751133
TTN,0.924333
