GENE,ENVISION
MYO3A,0.900258
LGALS13,0.746665
GRHL1,0.767635
B3GNT2,1.017370
PLCB1,0.787101
PCYOX1,1.014980
HIGD2A,0.984311
USP29,0.773825
SLC17A7,0.856399
AK3,0.992889
AKT3,1.010210
CES5A,0.851433
TTN,0.822002
STK36,0.763280
ACSS2,0.973265
RNF19A,0.921972
SRPK2,0.982754
SLC4A8,0.827879
LMTK2,1.012170
