GENE,ENVISION
KAT6A,0.660251
USP29,0.920441
ENTPD8,0.923089
