GENE,ENVISION
SLC12A5,0.763184
HGD,0.779404
HIBCH,0.900241
BCO1,1.023090
