GENE,ENVISION
RIOK2,0.950913
NEK5,0.819093
INPP5F,0.846128
UAP1,0.953345
SLC4A5,0.977387
TTN,0.647401
RNF139,0.875550
