GENE,ENVISION
STK39,0.817845
USP33,0.755141
PDE3A,1.003700
QPCT,0.942143
ALG1,0.998235
