GENE,ENVISION
PLCB1,0.967586
COL4A3BP,0.869032
LPIN1,0.888488
HIF1AN,0.900774
ALG5,0.971675
HIPK2,0.861535
FUT5,1.012050
TTN,1.064150
ECHDC2,0.984406
