GENE,ENVISION
GALNT6,0.958730
SLC30A6,0.920148
SPTLC3,0.951149
ENGASE,0.714651
SLK,0.774622
