GENE,ENVISION
NSDHL,0.857845
UGT3A2,0.963780
CROT,0.752854
UGT3A1,1.022130
KAT2B,0.547361
PRKDC,0.900255
MKRN3,0.926399
POLR3B,0.875892
ADHFE1,0.996049
PAN2,0.789861
VARS2,0.948854
GRK7,0.776985
ASPH,0.759327
AMPD3,0.993762
SLC12A7,0.781025
HMGCLL1,0.856204
IL4I1,0.772165
PIGG,0.866402
AUH,0.873033
MYLK3,0.866130
SLC26A8,0.935704
STT3B,0.769009
ATP2B2,0.862933
MTFMT,0.991659
GALNT10,1.004590
SLC22A16,0.761015
FUT5,0.875277
CYLD,0.877754
NEU1,0.981428
