GENE,ENVISION
SLC27A4,1.021280
SIRT1,0.827294
SLC23A2,0.939174
DGKD,0.990054
SIK2,0.962182
