GENE,ENVISION
MGAT2,1.021030
DNMT3A,0.976418
PLCB4,0.782647
