GENE,ENVISION
USP33,0.859359
USP15,0.768586
