GENE,ENVISION
XYLT2,1.014780
RALBP1,0.821427
SGK223,0.947242
UGT2A3,0.857347
HUWE1,0.932834
AK7,0.950483
SLC4A4,0.926368
ABCA4,0.983782
SSH2,0.859985
MAP3K15,0.823858
PHEX,0.691050
CNDP1,0.527320
SLC6A14,0.793187
