GENE,ENVISION
SLC2A9,0.900239
HSPG2,0.854424
SLC12A5,0.707650
SMPD3,0.748568
SLC25A13,0.859306
COQ3,0.942371
