GENE,ENVISION
LRP2,0.902368
UGT1A10,0.833714
WNK2,0.945031
RNF182,0.886101
PTPRO,0.817507
ACAD10,0.848678
