GENE,ENVISION
CYP2A13,0.762196
UBE4A,1.003130
MST1R,0.686940
NPC1L1,0.818590
ADCY1,0.662218
