GENE,ENVISION
TSSK2,0.882632
PLCZ1,0.977800
EP300,0.764378
SSH2,0.803445
SACM1L,0.794085
