GENE,ENVISION
SLC9A4,1.059200
HACE1,0.925230
SLC9A2,0.759019
ATM,0.802984
BIRC6,0.816087
UCK2,0.757331
CAMK2A,0.854424
SLC52A2,0.794878
SLC41A2,0.781235
SLC17A7,0.953584
PRKD1,0.852934
