GENE,ENVISION
SLC9A5,0.838776
ASH1L,0.904841
PLD1,1.024030
CNDP1,0.851318
SFXN3,0.855448
ME3,0.942204
SLC35A3,0.860524
SLC26A8,0.949573
DOT1L,0.976090
USP35,0.825069
GALNT2,0.668578
SLC14A2,0.976557
