GENE,ENVISION
PTPRK,0.815362
MINPP1,0.920009
TRMT1L,1.014650
AMHR2,0.736688
USP43,0.879134
