GENE,ENVISION
DAGLB,0.919445
RGL1,0.901868
KL,0.849581
ENTPD4,0.893503
ATP2B2,0.747768
SLC46A1,1.007900
