GENE,ENVISION
PTPN13,0.866076
MECR,0.976158
STK11,0.931477
