GENE,ENVISION
GALNT2,0.887324
NCOA3,0.828159
HECTD1,0.783333
PLCB4,1.001550
LMTK2,0.904487
HS2ST1,0.971931
PLA2G7,0.938582
PDK4,0.871299
SLC5A8,0.769881
TRPM6,0.810249
PRKD1,0.927033
UHRF2,0.798323
