GENE,ENVISION
FLAD1,0.851697
TECR,0.818651
ABCA4,0.982001
SLC12A1,0.791079
STK38,0.963516
AASDHPPT,0.752720
