GENE,ENVISION
CERS3,0.825220
SLC38A2,0.946748
HSPG2,0.835971
SLC7A10,0.839006
NTRK3,1.026150
SARDH,0.773043
ATR,0.994727
NOX4,0.967245
GNE,1.006230
GALNT8,0.914049
SBK1,0.805451
HAS1,0.762927
MCCC1,0.875917
