GENE,ENVISION
SLC7A5,0.908525
PTPRO,0.912495
PADI3,0.982400
MOGAT2,0.801467
TECRL,0.945111
SLC18A3,0.870280
IRAK3,0.923805
