GENE,ENVISION
KMT2A,0.926660
TNKS2,0.803613
UGT1A8,0.975050
USP9X,0.867712
GNE,0.968249
