GENE,ENVISION
PGM2L1,0.840245
PARP15,0.911477
PIGT,0.850430
SLC5A7,1.040850
