GENE,ENVISION
EXTL1,0.973063
FUT9,0.863197
TTN,0.778646
NT5C1A,0.967092
SGMS2,0.955302
