GENE,ENVISION
PGAP1,0.910415
GALNT8,0.986126
SLC4A8,0.983335
HS6ST2,0.877331
CCBL2,0.851796
