GENE,ENVISION
SLC4A5,1.005180
CDKL4,0.901542
CA9,0.586854
CSGALNACT1,0.840245
PTPN23,0.863895
