GENE,ENVISION
HIPK3,0.792561
SGK223,0.769387
UBE3B,0.770409
GLTP,0.869086
PDE3A,0.904970
PRKAA1,0.971112
MKRN1,0.843197
KAT6A,0.869922
HERC1,0.812533
WNK3,0.765392
STK39,0.837211
ACOT12,0.968340
NPC1L1,0.836176
MCCC1,1.020730
