GENE,ENVISION
GSTO2,0.815467
PIGG,0.922709
MAP3K5,0.769723
GGT6,0.830918
TTN,0.863630
MARCH3,0.976290
ALG13,0.870182
