GENE,ENVISION
LGALS13,0.766044
SLC38A4,0.955798
ABCG2,1.003220
STYK1,0.925918
CAMK1,0.819287
GMPPA,0.787213
RBBP6,0.816346
FKBP4,0.772227
NAPRT,0.912893
SLC35B2,0.776718
ATR,0.994875
UBR2,0.850747
ZCCHC6,0.823705
TESK2,0.753821
