GENE,ENVISION
HS3ST4,0.796568
PDE3A,0.751529
GPAT2,0.848354
TTN,0.974948
