GENE,ENVISION
FAR1,1.009560
NOX5,0.991787
SHPRH,0.908458
ADHFE1,0.954332
