GENE,ENVISION
SLC22A4,1.015120
BIRC6,0.879774
SSH2,0.820876
