GENE,ENVISION
PHKB,1.007410
TRHDE,0.755898
USP34,0.881066
MAP3K1,0.864144
MYLK2,0.658648
PLCL1,0.784653
MGAT3,0.795488
ATP11C,0.942932
TTN,0.903517
PIGX,0.963938
TRPM7,0.767635
SLC22A8,0.964180
TYRO3,0.910256
