GENE,ENVISION
B3GALT5,1.066670
LRP1,0.818594
UXS1,0.924560
PNPT1,0.857831
PEAK1,0.921411
CDK11A,0.897780
TTN,0.820824
CDK10,0.825922
GALNT3,0.804982
