GENE,ENVISION
RHCG,0.877861
COQ7,1.010060
CPA6,1.007110
TBK1,1.011610
MAP3K4,0.947209
