GENE,ENVISION
RIOK2,0.835458
SMURF1,0.976748
OGDH,0.938520
RNF216,0.838515
DSTYK,0.886107
AK7,0.977940
MAP3K5,0.618319
RPUSD4,0.806082
SLCO3A1,0.981091
DPAGT1,0.795226
ATR,0.981139
GLT8D1,0.698019
CYP24A1,1.073700
MYO5B,0.959079
DCLK2,0.871160
CREBBP,0.739107
