GENE,ENVISION
STK31,0.719329
SLC27A1,0.840162
PIGG,0.970991
