GENE,ENVISION
KMT2C,0.934326
LBR,1.013990
SLC2A9,0.760773
NEK1,0.896342
MARS2,0.942725
PHKB,1.100760
TUT1,0.901104
ATR,0.891788
SLC26A8,0.929472
POLM,0.975576
SETD5,1.000110
