GENE,ENVISION
SPTLC3,0.975441
DUOX2,0.753215
ATP2B3,0.786678
CYP46A1,0.864980
PKMYT1,0.794495
PIGS,0.909817
TTN,0.881759
USP26,0.753232
NLK,0.899240
ATP2B2,0.792236
HAS1,0.781526
DUSP27,0.812801
