GENE,ENVISION
FAM65A,0.789108
ACSF2,0.817827
MBOAT1,0.945499
ACAT2,0.701920
MGAT5B,1.011010
TTN,0.792561
TST,0.728318
DUSP22,0.874009
RNF123,0.969033
PAK6,0.937492
