GENE,ENVISION
GK2,0.775158
RNF19B,1.008710
KMT2E,0.940594
