GENE,ENVISION
AOX1,0.861389
STK32A,0.984600
TICRR,1.001160
GCNT2,1.019550
HSPG2,0.906326
CTSF,0.854181
HECW1,0.807296
ATR,0.817450
CDC42BPA,0.906762
APOA5,0.975763
PAK7,0.859429
RARS2,0.908571
