GENE,ENVISION
LRP2,0.743173
SUV420H1,0.912940
KCNJ8,0.861833
INPP5D,0.964838
SLC25A3,1.019630
PARP15,1.013000
NDST4,0.831989
SLCO3A1,0.847697
RNF20,0.912990
SLCO1B1,1.005670
PDP1,0.784147
TPH2,0.861373
PLCH1,0.977469
USP32,0.940475
TTN,1.016790
PADI6,0.945826
HGD,0.900396
PARP4,0.802491
TRPM6,1.013220
