GENE,ENVISION
UBE3A,1.019320
SLC13A3,0.757707
HSPG2,0.942204
SLC6A19,0.876724
GSTK1,0.928606
CREBBP,0.874130
CA14,0.980930
