GENE,ENVISION
ATM,0.916907
SLC22A11,0.860864
UGT2A3,0.822525
GLT8D2,0.857157
PRKDC,0.743696
