GENE,ENVISION
MUL1,0.914711
USP4,0.946552
GALNT2,0.987543
