GENE,ENVISION
GGTLC1,1.039720
SLC10A2,0.982136
OGDH,0.861251
ST3GAL5,1.041540
EPHA7,0.769009
MARS2,0.766018
PTPN14,0.991693
PARP4,0.794205
TTN,0.915043
SLC5A7,0.771850
RNF185,0.942020
ACOT4,0.982324
MKNK2,0.886836
PADI4,0.894735
