GENE,ENVISION
PIGB,0.999644
SLC32A1,0.920630
DUOX2,0.846234
BAAT,0.862648
RBBP6,0.915170
PRKDC,0.788952
DCTPP1,0.899067
TTN,0.965407
SLC27A4,0.920610
TNKS2,0.842531
PTPRK,0.906651
PXDN,0.916606
