GENE,ENVISION
MAN2C1,0.781390
WWP1,0.912424
SLC24A4,0.755919
PADI2,0.742435
CHST7,0.875839
SLC26A7,0.876265
ST6GALNAC1,0.784008
SIN3A,0.741008
