GENE,ENVISION
MYO3B,1.008360
CYP4A11,0.955143
SLC38A3,0.858053
HSPG2,0.856472
SLC22A13,0.813191
SACM1L,0.879972
POLN,1.010200
RNF31,0.863216
