GENE,ENVISION
HIPK2,0.911967
PLCL1,0.886562
PI4KB,1.003070
TTN,0.660581
