GENE,ENVISION
ZCCHC11,0.803902
GALNT13,1.029230
B3GNT2,0.947430
AK5,0.973495
PGLYRP3,0.843323
STK31,0.946485
SLC12A7,0.936285
MGAT3,0.878670
PPA2,0.994518
USP15,0.859427
SLC27A6,0.798487
SPTLC3,0.765392
USP21,0.992728
B3GALT1,0.865322
