GENE,ENVISION
GALNTL5,0.991426
B3GNT5,0.986420
PLCB2,0.732029
UGT8,0.900988
BIRC6,0.822536
PPP2R3A,0.982051
CNDP1,0.787970
