GENE,ENVISION
SLC10A2,0.833015
UAP1,0.872024
