GENE,ENVISION
HECTD2,0.896191
ABCB6,0.965730
MGAT4C,0.910698
