GENE,ENVISION
ENPP6,0.849706
SMG1,0.813133
COASY,0.964495
FAR1,0.914613
