GENE,ENVISION
MMAA,0.878814
KAT2B,0.795852
SLC36A2,0.870437
