GENE,ENVISION
RPS6KA6,1.021040
GALNT10,0.822522
HSPG2,0.752854
GPAT2,0.813133
MAST1,0.880054
MED1,0.743157
PLCE1,0.911899
MAPK6,0.899913
PXDN,0.778646
