GENE,ENVISION
KANSL3,0.822000
HS3ST5,0.619913
YARS2,0.978975
ABCA4,0.730740
EBP,0.947220
SLC18A3,0.990553
SETD2,0.911713
RNF20,0.919018
AASDHPPT,0.882028
