GENE,ENVISION
LRP2,0.896195
PGM2L1,0.787213
HACD3,0.947910
SMG1,0.908908
INPP5F,0.899966
ENPP6,0.904939
PARP4,0.772227
RNF41,0.761115
PSAT1,0.811911
MARCH4,0.827753
EYA3,0.869662
MGAT4C,0.833236
USP24,0.852204
ABHD6,0.955157
USP21,0.945585
UBR4,0.983463
