GENE,ENVISION
KANSL3,0.952118
NUDT12,0.794784
TNNI3K,0.769614
MANSC1,0.906320
