GENE,ENVISION
LRP2,0.963711
GALNTL5,1.010340
AOC3,0.969236
PCYT2,0.809095
PIKFYVE,0.975530
ACAD9,0.965449
KMT2B,0.841960
WNK1,0.977400
SLC24A2,0.919298
USP10,0.777872
DCLK2,0.939902
GALE,0.958410
MAP3K12,0.828692
TTN,0.911411
MARCH2,0.975942
ATP2B3,0.979670
AGXT2,0.942210
RNF20,0.824320
