GENE,ENVISION
GALNTL5,0.856150
QPRT,0.838238
MYO3B,0.851026
SMG1,0.842732
B4GALNT1,0.815472
MAST1,0.870128
MTR,0.757618
DMGDH,0.822705
SLC7A11,0.765266
PRKAA1,0.950397
CYP4F22,0.992280
CSNK1G2,0.811668
PDE1C,0.789847
CDC42BPA,0.776863
HEPH,0.831563
NLN,0.736105
TTN,0.813133
