GENE,ENVISION
PNPT1,0.849362
SLC13A3,0.849613
CYP27A1,0.864132
TTN,1.074067
SLC4A9,0.824757
PXDN,0.843373
