GENE,ENVISION
B3GNT4,0.957476
HACE1,1.007370
USP48,0.852701
DDR2,0.962936
MARCH2,0.975426
GK2,0.807026
UHMK1,0.910686
SLC24A3,0.978358
CPT1B,0.863301
TTN,0.848789
ATP6V0A2,0.819221
IKBKE,0.868552
HEPH,0.804686
MTPAP,0.973847
SAP130,0.847942
