GENE,ENVISION
FMO1,0.998871
LIPT1,1.009060
PPAPDC3,0.854037
ENPP2,0.748776
GALNT11,0.815045
ALG6,1.007480
UBE2E2,0.751735
DPYS,0.937016
PARP4,0.863993
CDK12,0.926914
GGTLC2,0.927979
PLCE1,0.991253
TTN,0.754860
NT5C1A,0.730550
MGAT5B,0.787339
ABCC8,0.976185
CTDP1,0.997413
ETNPPL,0.953593
USP16,1.007300
HECW1,0.990917
