GENE,ENVISION
LATS2,0.907139
GPLD1,0.752836
TTN,0.628215
PGLYRP2,0.770678
