GENE,ENVISION
MYO3A,0.977400
NCOA3,0.914606
RPS6KC1,0.917857
TMX3,0.731231
