GENE,ENVISION
OCRL,0.942371
KCNJ8,0.648557
TSSK3,0.941244
WWP1,0.860942
TGM7,0.916283
PIKFYVE,0.907085
MAT1A,0.920289
SLC24A3,0.861416
GLT8D1,0.983628
KAT6A,0.811110
SLC25A13,0.940187
