GENE,ENVISION
B3GALNT2,0.830717
EIF2AK3,0.987337
FAR1,0.825523
ATHL1,0.951563
SETD2,0.917480
GAD2,0.745118
