GENE,ENVISION
SLC2A7,0.988468
MYLK,0.982059
MOK,0.776970
GDA,0.984026
ABCA4,0.962443
SLC5A5,0.950611
HELZ2,0.938664
EPHA10,0.780622
