GENE,ENVISION
CWC27,0.810100
SLC13A3,0.723651
STK11,0.605313
EIF2AK4,0.861518
B4GALT6,0.793938
