GENE,ENVISION
MAP3K3,0.944551
ZCCHC11,0.762927
STK11,0.756290
SLC12A1,0.858087
GTF3C4,0.964494
