GENE,ENVISION
FASTK,0.739621
ACER3,0.900025
SLC22A9,0.938883
