GENE,ENVISION
CDK10,0.854838
PHKB,0.987244
