GENE,ENVISION
NME3,0.977981
HECTD1,0.945392
SMURF2,0.945845
ADCY2,0.905760
PIKFYVE,0.784795
IPMK,0.984636
PTPN14,0.938006
TXN2,0.866130
PIK3R4,0.914890
TTN,0.833131
TRPM7,0.843770
USP24,0.855073
