GENE,ENVISION
ACER2,0.856519
USP7,0.821845
ELOVL5,0.857184
LPCAT2,0.911812
USP33,0.857157
UBR4,0.635244
