GENE,ENVISION
MAP3K10,0.838224
AMDHD1,0.859359
TRPM6,0.767743
BHMT2,1.006440
PLCB4,0.867218
