GENE,ENVISION
NEK1,0.866842
USP34,0.864972
SLC35B2,0.944673
TTN,0.641562
ACSBG2,0.839243
PPP3CA,0.667078
STT3B,0.919605
PIGZ,0.955124
RNF123,0.892835
