GENE,ENVISION
SLC23A1,0.944874
POLE,0.789861
USP9X,0.929052
PRDX1,0.902276
