GENE,ENVISION
TRHDE,0.901500
PPP1R3A,0.788833
PTPN13,0.908874
PLCL1,0.983024
USP9X,0.787101
MGAT4A,0.881066
TTN,0.717755
HECW2,0.869306
ACE2,0.842062
CYP4F3,0.929372
