GENE,ENVISION
ELOVL6,1.006470
SLC22A13,0.891207
