GENE,ENVISION
PGAP1,0.866101
USP20,0.752854
