GENE,ENVISION
SMURF1,0.549510
PI4KB,0.919600
PDIA6,0.993913
GDPD2,0.912499
USP9X,0.999680
USP44,0.962919
