GENE,ENVISION
HS3ST5,0.864972
ACER1,0.939282
HECW2,0.973265
MAP3K5,0.815700
STK36,0.973265
CYBRD1,0.829331
BSCL2,0.812454
