GENE,ENVISION
PHEX,0.989322
ACMSD,0.787884
SLC7A8,0.955996
TTN,0.941923
