GENE,ENVISION
PHEX,0.827523
PTPN13,0.822295
PIP5K1A,0.813133
PIK3R5,0.773341
TTN,0.914469
SETD2,0.807977
