GENE,ENVISION
PXYLP1,0.686793
PGM2L1,0.810780
AASS,0.846890
ACSS3,0.987287
PARP9,0.915166
FAM65A,0.978066
SLC2A7,0.981268
UBE3C,0.871160
ATM,0.909545
MST1R,0.937499
DDR2,1.000740
TNIK,0.885468
SLC22A7,0.884715
ME3,0.768623
RNF133,0.997176
CHST5,0.816460
SLC6A14,0.909127
