GENE,ENVISION
DOT1L,0.894649
PDP1,0.823962
WNK1,0.935771
TTN,0.835389
