GENE,ENVISION
FUT11,0.729514
HECTD1,0.869045
WNK2,0.803445
PRKDC,0.916284
SLCO3A1,0.857831
RARS2,0.777995
STK38L,0.787101
CNDP2,0.970740
RNF19A,0.932563
