GENE,ENVISION
DUOX2,0.937398
KMT2B,0.852705
B3GNT7,0.796554
UBE3A,0.796392
UGT3A2,0.973221
A4GNT,0.978238
HSPG2,0.856592
PRPF4B,0.829645
RNF130,0.745842
CDK12,0.900162
PIK3R5,0.940998
ELOVL5,0.868146
RDH10,1.042280
TTN,0.769333
ATP6V0A2,0.970647
MTRR,1.004430
RRM2B,0.727886
NPC1L1,0.907610
