GENE,ENVISION
ACSS1,0.980010
PLK2,0.825523
PIPOX,0.835932
