GENE,ENVISION
SLC10A2,0.869870
FMO1,0.851963
STRA6,0.907850
KAT2B,0.775540
NDUFA9,0.912190
PAK2,0.632812
SLC43A2,0.970997
IRAK4,0.785255
