GENE,ENVISION
KMT2C,0.833536
CDK12,0.936688
POLK,0.845867
SLC27A3,0.993127
