GENE,ENVISION
TNK2,0.789168
UCKL1,0.858648
MAP3K5,0.947295
MOCS1,1.018950
STK33,0.964559
MARK2,0.807657
SLC27A4,1.008320
PHKB,0.980388
MTMR3,0.813446
USP51,0.823224
