GENE,ENVISION
ST6GALNAC1,0.883924
SLC26A9,0.995206
TIAM2,0.790539
PDPR,0.997278
PPCS,0.977153
