GENE,ENVISION
PPP2R3B,0.924699
USP24,0.882208
ABCC8,0.784707
MGAT3,0.876650
CDC42BPB,0.981924
