GENE,ENVISION
RPS6KA6,0.968659
PPAPDC1A,0.864972
PIGO,0.640298
MOK,0.858292
PPP2R2B,0.881126
GALNT1,0.929052
