GENE,ENVISION
ABCC8,0.839352
TTN,0.971900
MAP3K4,0.970785
TXNRD1,0.755141
