GENE,ENVISION
TGM3,0.894708
PLCB4,0.795250
RALBP1,0.940028
USP42,0.855892
CYP4F8,0.941038
GCNT1,0.986762
