GENE,ENVISION
NCOA2,0.755898
DAGLA,0.940735
FAM65A,0.919241
KMT2B,0.851291
PCYT2,0.918384
TTN,0.867469
PHOSPHO1,0.786027
ABCC11,0.982269
