GENE,ENVISION
TECRL,1.006730
HS3ST3A1,0.985532
TTN,0.864972
QPCT,0.535637
PLD1,0.787361
