GENE,ENVISION
MINK1,0.868111
SPCS2,0.883148
MARCH10,0.676569
ALG2,0.940905
BIRC6,0.945329
USP4,0.808002
CERK,0.949366
PARP2,0.837400
USP9X,0.906785
AKT3,0.892927
DGKB,0.875156
GBA2,0.841388
SLC15A4,0.883423
TXNRD1,0.847803
