GENE,ENVISION
UGT3A2,0.982864
ATM,0.698860
AK5,0.901656
PADI1,0.961615
PDE7B,0.723608
TTN,0.863197
CHDH,1.001560
HAS1,0.802430
