GENE,ENVISION
RNF14,0.911231
MAP3K5,0.909861
ACSM5,0.984167
UBR4,0.766904
