GENE,ENVISION
SLC7A5,1.047160
AGXT2,0.858261
MARCH4,0.894554
ATP11C,0.883181
POLR3C,0.968628
SHPRH,0.743696
DUSP27,0.931780
LRRK1,0.769342
OARD1,0.927268
USP44,0.962714
GRK1,0.957386
BCO1,0.874438
PLA2G4D,1.012970
EYA3,0.913408
BARD1,0.958155
MTR,0.514066
DUSP19,0.751650
SLC26A7,0.931860
PRKDC,0.942464
IP6K2,0.883210
ABCC11,0.849365
ACOX2,1.014550
STK31,0.993657
