GENE,ENVISION
LPIN3,1.007730
SLC7A9,0.997512
