GENE,ENVISION
SMURF1,0.689574
HECTD2,0.871160
SIN3A,0.934666
GALNT13,0.982294
SLC2A7,0.934355
UPRT,0.941834
ACSM2B,0.683213
RHAG,0.869220
CYP39A1,0.910619
FUCA2,0.802777
CHDH,0.974586
MVK,0.941988
FUT9,0.919554
GPHN,0.861251
