GENE,ENVISION
NEK6,0.787232
KARS,0.871083
LRP1,0.709904
UBE3B,0.862050
GALNT10,0.719643
CYB5R1,0.816453
DDR2,0.792018
RAD9A,0.950897
MKNK1,0.926760
SLC7A8,1.044140
SLC23A1,0.627781
PDP1,0.804014
MGAT2,1.016600
SARDH,0.815394
ALG1,1.014190
RNF25,0.816356
PLCB4,0.876316
PDE11A,0.830415
ATP2B2,0.928227
IP6K1,0.785098
SLC25A10,0.900761
