GENE,ENVISION
SLC13A4,0.873328
TTN,0.923939
