GENE,ENVISION
CHST9,1.012700
EZH2,0.855406
TRMT1L,0.834072
GLT8D1,0.912614
