GENE,ENVISION
SMURF1,0.642944
STK32B,0.778443
UGT2A1,0.932579
RDH5,0.940644
BHMT,0.732093
PTK7,0.977673
RPS6KA1,0.837801
PPCDC,0.752257
UCK2,0.862530
PIKFYVE,0.837018
PTK2B,0.924768
FGGY,0.975896
PCK2,0.895481
KAT6B,0.568041
POLH,0.706651
USP35,0.855742
ABCC2,0.983633
GALNT3,0.873385
