GENE,ENVISION
LRP2,0.735261
PLD4,0.949602
PIGB,0.744925
LRP1,0.919500
WNK2,0.975392
SLC5A12,0.955282
KAT6A,0.778817
PRKD1,0.992087
