GENE,ENVISION
NCOA3,0.996751
B3GNT7,0.741185
SLC28A3,0.884571
PARP14,0.958654
IPMK,0.968649
SLC6A19,0.961014
USP9X,0.866693
MOCS1,0.850462
TGM3,0.995976
SLC13A3,0.951349
ACY3,0.893283
PPCS,0.901738
SLCO1C1,0.976939
