GENE,ENVISION
HS3ST5,0.979678
UGT3A1,0.923909
CSGALNACT2,0.858410
