GENE,ENVISION
KANSL3,0.955009
MAP4K2,0.719785
TRHDE,0.914169
ENPP2,0.903388
PGLYRP4,0.866475
CYP2S1,0.977579
