GENE,ENVISION
SLC4A10,0.816005
PNLIPRP3,0.845791
DAGLB,1.027040
LPIN2,1.020380
CAMK1G,0.977488
INPP5A,0.999893
CHD9,0.758012
RDH13,0.975894
HAGHL,0.917727
NMRK1,0.949697
PTPRJ,0.911928
TNIK,0.835104
HECW1,0.824955
SSH2,0.974070
TTN,0.856842
FRMPD2,0.928692
PJA1,0.766015
IRAK3,0.897679
PDE10A,0.874009
ROR1,0.875249
USP37,0.860049
