GENE,ENVISION
RPS6KA1,0.932878
ART3,0.879408
GALNT13,0.899559
ASAH2,0.937966
PGM2L1,0.820964
ACSM5,0.956823
NT5C3A,0.880635
BMP2K,0.849706
ACSM2B,0.929805
ACSM2A,0.929805
FUT5,0.977412
TTN,0.767475
USP29,0.896647
CCNB1IP1,0.954139
GRHL1,0.978406
B4GALT6,0.932472
GBGT1,0.719914
TSSK3,0.767768
