GENE,ENVISION
PXYLP1,1.013230
PLCB1,0.868111
RPS6KA6,0.940391
WNK2,0.786853
SLC36A4,0.875836
CTSF,0.839673
PDPR,0.863167
SETD1B,0.855484
