GENE,ENVISION
USP10,0.846661
CYP4F8,0.852512
ART3,1.021550
SLC2A12,0.981100
UBR4,0.747768
