GENE,ENVISION
KMT2A,0.935938
PARP14,0.902360
POLK,0.964786
TTN,0.719288
PRKG2,0.857782
