GENE,ENVISION
SLC1A5,0.846101
CAMK1D,0.874633
PGS1,0.834449
EIF2AK4,0.853689
CYP26B1,1.013330
SDR9C7,0.793664
PLCE1,0.876626
TTN,0.733608
PIK3R5,0.947646
pk,0.960552
GALNT13,0.997859
