GENE,ENVISION
GLTP,0.912571
DERA,0.853729
CAMK1D,0.783338
PAK2,0.754797
