GENE,ENVISION
PDE4D,0.784830
TTN,0.835881
PTPN14,0.981446
