GENE,ENVISION
PTPRN2,1.086930
SLC20A1,0.820514
PARP8,0.762093
MKRN3,0.828765
C1GALT1,0.820462
ATP11C,0.825523
DMGDH,0.862036
RNF126,0.997955
