GENE,ENVISION
RNF138,0.948624
PLB1,0.942825
