GENE,ENVISION
UGT3A2,0.805870
SLC26A9,0.940044
AOC3,0.950421
SSH3,0.927341
