GENE,ENVISION
CHST11,1.008650
SLC10A2,0.959933
PANK3,0.891871
NCOA6,0.978906
ASPH,0.910917
CAMK4,0.722107
SYVN1,0.868316
TNIK,0.787101
RNF31,0.790078
DUSP27,0.912956
