GENE,ENVISION
MAN1B1,0.790796
RPS6KB2,0.945643
MOGAT2,0.878135
UBLCP1,0.718498
GAL3ST4,0.821868
