GENE,ENVISION
IARS2,0.758477
GALNT15,0.823999
ADCY2,0.956698
WWP1,0.861373
PLCZ1,0.842584
GK2,0.803819
CDK11A,0.707592
STK11,0.540046
GPLD1,0.956530
TTN,0.986464
SLC35D1,0.967263
LRP1,0.825523
HAS2,0.865875
