GENE,ENVISION
SGK3,0.861535
CAMK1D,0.918368
ERBB4,1.035220
LCLAT1,0.841700
MOGS,0.958950
SLC2A12,0.983767
SLC25A22,0.960919
SLC18A3,0.904067
