GENE,ENVISION
CYP4F8,0.965652
TBK1,1.013690
PHKB,0.992063
