GENE,ENVISION
PRPF4B,0.991035
HGD,0.937093
TRMT1L,1.018240
PRKD2,0.854525
HEPH,0.984026
