GENE,ENVISION
ADCY1,0.833288
KMT2E,0.910723
SLC25A22,0.855597
CYLD,0.779758
TTN,0.867527
EP300,0.795882
PTPRJ,0.908656
