GENE,ENVISION
LRP2,0.843072
DGKB,0.827809
CDC42BPB,0.969626
