GENE,ENVISION
SLC6A3,1.014140
CHD9,0.826876
ALK,0.969215
UBE2O,0.874378
UXS1,0.976304
SLC2A7,0.938299
PKN2,0.869233
ABCG8,0.911122
STYK1,0.930425
MYLIP,0.810780
GALNT8,0.845511
PNPLA8,0.835332
DUSP10,0.611689
