GENE,ENVISION
LRP2,0.946722
PTPN21,0.856204
EPHA7,0.817886
PDE3A,0.874782
SORD,0.834791
PLA2G4F,0.899515
FUT9,0.787037
DUSP27,0.998372
