GENE,ENVISION
ACSF2,0.859601
PLA2G3,0.961566
SRPK3,0.790414
