GENE,ENVISION
LIPG,0.912507
ADCY2,0.820783
TLK2,0.931252
EXTL1,0.783985
SLC24A4,0.986361
MTHFD1L,0.759735
TTN,0.872259
USP29,1.017030
SLC25A18,0.942506
TRPM7,0.868950
VRK3,0.924925
ACSS1,0.847740
PXDN,0.762494
