GENE,ENVISION
ADCY2,0.862755
CYP2A13,0.954401
PGLYRP2,0.967854
SLC23A2,0.908440
TTN,0.768623
FAR2,0.862536
SLC43A2,0.990442
