GENE,ENVISION
MYO3A,0.764335
INPP5A,0.970207
NCOA1,0.751029
PIKFYVE,0.909366
SLC36A4,0.941199
FIG4,0.992496
TTN,0.865310
MCAT,0.557524
GALNT5,0.856811
UHRF1,0.811110
ABHD5,0.724212
