GENE,ENVISION
OCRL,0.801763
DAK,1.011830
TARS2,0.950313
PTPRS,0.965788
TNKS2,0.861251
WNK1,0.983767
KAT2B,0.566595
MAP3K4,0.981785
AGXT2,0.976076
PLCH1,0.780535
TTN,0.750770
ZSWIM2,0.786747
NNT,0.825523
AASDH,0.859938
NOX4,0.924438
