GENE,ENVISION
PADI3,0.975607
GBA2,0.861854
CSGALNACT1,0.974216
