GENE,ENVISION
CYP3A43,0.923792
PLD1,0.986269
LIPG,1.010950
BARD1,1.000970
NARS2,0.790946
SLC7A10,1.034670
TTN,0.856204
AWAT1,0.963440
