GENE,ENVISION
OCRL,0.972288
ZCCHC11,0.860354
SH3RF3,0.964661
BARD1,1.006300
ROCK1,0.786162
PNLIPRP3,0.979552
PFKP,0.854838
SLC29A4,0.947742
USP29,0.864329
UBR3,0.832240
SLC26A9,0.885850
SLC8A2,0.755919
SLC35A2,0.930653
