GENE,ENVISION
USP4,0.626122
SLC2A12,0.766480
POLR3B,0.815582
DYRK4,0.855075
UPB1,0.734396
NCOA1,0.978242
TRHDE,0.856204
ACSM1,1.029780
PRODH2,0.944979
NDST4,1.010480
USP40,0.824816
SDR42E1,1.007860
RNF133,0.933251
TTN,0.914114
SLC14A1,0.986077
GALNT5,0.914326
DUSP16,0.786853
TAOK2,0.856145
GALNT14,0.888924
ABCA4,0.716152
CHPF,0.935383
PTPRJ,0.902025
