GENE,ENVISION
ST3GAL3,0.792844
LRP2,1.018060
SLC6A19,0.967821
HERC1,0.831964
