GENE,ENVISION
PTPN11,0.933422
LPPR4,0.843803
