GENE,ENVISION
ITPK1,0.827478
EXT2,0.942557
GCNT2,1.019510
PARP4,0.766059
PDPR,0.890379
ETFDH,0.886640
SLC4A4,0.764663
TIAM2,0.558582
RDH12,0.958064
DYRK1A,0.865254
RNF19B,0.978694
SLC43A2,0.875493
PHKG1,0.883324
