GENE,ENVISION
SLC4A10,0.894146
LRP1,0.719643
SLC6A7,0.842366
INPP5E,0.866125
TECR,0.955989
STK35,0.973092
CAMKK2,0.827282
MAP3K9,0.836540
TTN,0.918988
CTPS2,0.945059
SETD5,0.859646
PDK4,0.868188
