GENE,ENVISION
UGT8,0.946716
SLC22A7,0.814683
DPEP2,0.810278
