GENE,ENVISION
LRP2,0.899188
MAP3K9,0.767443
ADCY2,0.853973
UAP1,1.016270
FARSB,0.752854
SLC12A1,0.797152
PIGV,0.837801
IRAK3,0.982457
