GENE,ENVISION
MTFMT,0.769881
COLGALT1,0.984085
SMG1,0.999636
LPIN1,0.850589
SLC22A16,1.081950
PARP14,0.933525
SUV39H2,0.876316
CDC14A,0.888940
SLC32A1,0.826585
SSH2,0.814095
SLC35A1,0.803689
HS6ST2,0.982475
SLC17A7,0.873915
CROT,0.916532
THNSL1,0.981622
TTN,0.935857
