GENE,ENVISION
KMT2C,0.977642
HAO1,0.958757
GCDH,0.727388
