GENE,ENVISION
CHST11,1.000900
PPP1R1B,0.831941
SMG1,0.860942
ST3GAL6,0.856204
SLC22A18,0.832710
PPP2R3A,0.988670
PRKCE,1.001270
PARP10,0.974337
PADI3,0.914173
SLC22A10,0.877248
CHDH,0.810600
SLC8A2,0.842570
SLC39A7,0.868287
