GENE,ENVISION
USP45,0.979215
PADI4,0.794745
