GENE,ENVISION
HAS1,0.822234
BARD1,1.003830
MAP3K15,0.984978
GAL3ST4,0.953319
MDH1B,0.785582
FKBP7,0.916981
TTN,0.683409
PGLYRP4,0.996238
UBR2,0.899166
HAO2,0.818953
CMTR1,0.858695
BCO1,0.857734
