GENE,ENVISION
GAMT,0.805649
GLTP,0.897685
AGXT2,0.845063
FASTK,0.937847
MECR,0.778891
USP24,0.880584
