GENE,ENVISION
LRP2,0.743173
SLC10A1,0.911623
PARP8,0.854455
ENTPD2,1.051500
NDUFB9,0.971076
CDK16,0.887162
ACOX1,0.975703
PDE3A,0.993411
PRKAA1,0.947959
MAP3K15,0.806726
ETNK1,0.950182
ATP2B2,0.864972
