GENE,ENVISION
MOK,0.887590
CHD9,0.914679
PASK,1.028400
