GENE,ENVISION
SUCLG2,0.863106
SPEG,0.952022
POLE,0.720644
DMPK,0.973219
