GENE,ENVISION
POLD3,0.852010
CYP1B1,0.887210
