GENE,ENVISION
CYP4A11,0.843806
UGT1A10,0.781921
DYRK1A,0.787101
ATP8A1,0.865017
ASPH,0.841576
AMDHD2,0.959478
HIPK2,0.871160
MAP3K12,0.826049
PDE7B,0.838807
MED1,0.992775
SSH3,0.837863
DMPK,0.823222
MMAA,0.958292
MDP1,0.857157
