GENE,ENVISION
NCOA1,0.772039
EIF2AK3,0.973267
SLC13A5,0.946748
MELK,0.844873
ALDH6A1,0.778793
CDC42BPG,0.905404
TTN,0.986769
SLC26A6,0.988629
STK24,0.864262
GPHN,0.766123
CYP2U1,0.897104
LPCAT3,0.714710
