GENE,ENVISION
B4GALNT3,0.938648
MTR,0.642823
USP42,0.932392
RDH14,0.868669
RHCG,0.880308
MARCH8,0.849532
