GENE,ENVISION
RPAP2,0.817541
RARS2,0.864767
USP51,1.062020
