GENE,ENVISION
PGM2L1,0.914620
LMTK2,0.920378
USP28,0.828759
ATP6V1E2,0.890918
AGPAT1,0.893503
GUCY1B3,0.931673
SLC18A3,1.008200
MCCC1,1.013560
