GENE,ENVISION
ABCG2,1.002840
ACSM5,0.911204
ROCK1,0.711927
