GENE,ENVISION
CHST13,0.914094
TAOK2,0.915631
DPYSL3,0.869045
KMT2E,0.783134
ENPP6,0.860177
SLC28A3,0.815951
ATM,0.728497
PPM1K,0.919278
ELOVL4,0.914807
CHKB,0.971660
GUCY1A3,0.869306
MGAT3,0.847212
ATR,0.826875
TTN,0.732204
EPHA10,0.845133
APOA5,1.008600
ROR1,0.990126
ACSBG1,1.001750
