GENE,ENVISION
HIPK3,0.856204
LRP1,1.011240
CERS3,0.813133
SUV420H1,0.872951
SLC34A1,0.987049
HECTD1,0.832650
TTN,0.800509
ZCCHC6,0.815467
ADHFE1,0.774158
