GENE,ENVISION
HERC1,0.834184
PLCB2,0.900590
MAP4K2,0.814173
