GENE,ENVISION
PADI1,1.008590
PTPN21,0.899766
KAT6A,0.866003
NCOA1,0.895843
TTN,0.901263
