GENE,ENVISION
ATM,0.977746
METTL3,0.863597
LRRK1,0.788113
