GENE,ENVISION
NCOA3,0.966974
POLE,0.854838
ASAH1,0.987567
INPP5F,1.003930
GSTA5,0.761603
EIF2AK3,0.846961
SLC5A7,0.959520
UHMK1,1.002160
MAP3K11,0.859184
MAP3K12,1.007370
NARS2,0.848818
SLK,0.823899
DECR2,0.828358
USP32,0.854838
INPP5J,0.773674
AASDHPPT,0.716092
