GENE,ENVISION
SLC6A20,0.923284
SLCO3A1,0.758263
EYA1,0.976143
PKN2,0.861416
ACSM2B,0.958137
PDE7A,0.817507
UBR2,0.946874
EHHADH,0.660394
