GENE,ENVISION
PLXNB3,0.723685
TNIK,0.868111
PIGT,0.912218
ADCY10,0.977625
PRKCQ,0.926738
GMPR2,0.833875
USP24,0.933111
