GENE,ENVISION
SETD5,0.929978
USP34,0.879707
MAPK6,0.945245
TXNRD1,0.752854
