GENE,ENVISION
MAPK15,0.891332
SRMS,1.008520
MIB1,0.886468
MYBBP1A,0.870498
