GENE,ENVISION
MED1,0.907136
TTN,0.948113
PLCD3,0.876518
