GENE,ENVISION
PGLYRP2,0.904993
TRPM7,0.976779
TTN,0.843860
RNF19A,0.982293
