GENE,ENVISION
WNK3,0.784841
GALNT2,0.989913
CDK20,0.833131
