GENE,ENVISION
PLA2G15,0.925824
SLC40A1,1.016320
PIGG,0.983379
PGM2,0.972497
PLCH1,0.941923
TTN,0.824017
ELP3,0.868111
