GENE,ENVISION
NCOA2,0.939439
HAO1,0.848089
ALK,0.973628
PNPO,0.967374
