GENE,ENVISION
FMO1,0.922322
TBL1XR1,1.010260
PRKAA1,0.810114
PTPN14,0.813005
SARDH,0.940092
ATP2B3,0.902372
