GENE,ENVISION
GPAM,0.995518
POLR3GL,0.939082
PDK3,0.758766
PPP2R2C,0.644500
GALNT1,0.871525
SDR42E1,0.956797
SACM1L,0.965543
IKBKE,0.862198
MTMR7,0.779752
ACOT11,0.631708
MAPKAPK5,0.955333
PTPRH,0.982669
ACOT4,0.907457
USP20,0.745842
