GENE,ENVISION
CPT1B,0.838511
AK3,0.744330
SLC25A2,0.856140
PASK,0.840205
GPLD1,0.970942
ABCC8,0.778059
NEU1,0.920407
UBR4,0.972916
