GENE,ENVISION
CHST11,0.934083
BARD1,0.641782
