GENE,ENVISION
MARK4,0.894217
PADI3,0.937347
ZCCHC11,0.822460
