GENE,ENVISION
LRP2,0.777057
ABCA3,0.954854
GLB1L,0.997963
