GENE,ENVISION
AASDH,0.839506
USP34,0.865398
TTN,0.993406
