GENE,ENVISION
B3GNT4,0.835175
CA9,0.970659
ACVR1,1.016500
BIRC6,0.855931
ATP1B4,0.794147
PDE3B,0.985219
SLC12A4,0.779894
ABCA3,0.900261
SLC5A6,0.966437
SLC27A4,1.013930
PAFAH1B3,0.972904
STK38L,0.922062
TYRO3,0.796801
