GENE,ENVISION
ILKAP,1.015720
TRMT1L,0.789847
RBBP6,0.856449
MAP3K4,0.946746
