GENE,ENVISION
CHST11,0.915686
B4GALNT1,0.932118
SLC5A5,1.005920
