GENE,ENVISION
USP32,0.860577
SLC20A1,1.025200
ZCCHC6,0.984290
ACSBG1,0.973156
