GENE,ENVISION
LRP1,0.755919
SMURF2,0.817631
ASAH2,0.811110
UCK1,0.782086
DGKH,0.752854
AKT3,1.001810
SLC26A7,0.959030
ACAD10,0.936661
RNF123,0.829836
FUT9,0.975723
