GENE,ENVISION
NCOA2,0.907098
INPP5F,0.938531
EARS2,0.842860
TTN,0.840130
UBR2,0.927046
FKBP10,0.769251
