GENE,ENVISION
SLC22A16,0.921814
DHRS2,0.864681
LRSAM1,0.862475
