GENE,ENVISION
IARS2,0.843807
PLK2,0.871160
NSDHL,0.978121
