GENE,ENVISION
PLCB2,0.908599
PLCZ1,0.998462
PIGK,1.004440
SLC2A12,0.772227
TECR,0.858218
AACS,0.824856
