GENE,ENVISION
DUSP9,0.620055
MASTL,1.004490
TTN,0.600122
HECW2,0.994463
