GENE,ENVISION
PARP4,0.875886
SLC6A18,0.952022
USP16,0.832286
