GENE,ENVISION
PTPN23,0.860337
PTPRU,0.777772
LRP1,0.947016
SLC2A13,0.807296
HECTD1,0.718498
LPPR4,0.778038
TTN,0.856266
POLD3,0.862695
MAPKAPK5,0.970485
POLL,0.995021
