GENE,ENVISION
TGM3,0.810117
SLC14A2,0.787877
EXT1,0.850672
DDR2,0.499273
ATP1B4,0.770647
ATM,0.922149
NDUFA13,0.727410
