GENE,ENVISION
HERC1,1.008580
TTN,0.851001
MCCC1,0.968829
