GENE,ENVISION
AAK1,0.919623
B3GAT1,0.797592
USP29,0.929065
