GENE,ENVISION
PADI1,0.924272
DGKZ,0.778415
LPPR5,0.959184
GPT2,0.957423
