GENE,ENVISION
POLN,0.914606
SEC11C,0.941663
EP300,0.744983
ALK,0.827994
XPO6,0.833172
