GENE,ENVISION
CDK17,0.820824
PAFAH2,0.981656
MST1R,0.969646
MYLK,0.753899
PPP2R2C,0.953034
CAMK2A,0.684347
MOCS1,0.995093
SLC12A6,1.010700
TTN,0.813133
OXCT2,1.020590
SPEG,0.811110
