GENE,ENVISION
SLC22A8,0.954569
CERS2,0.918041
SIN3A,0.903523
