GENE,ENVISION
CYP3A43,0.931633
TSSK1B,0.795028
UXS1,0.897616
ACOX2,0.963823
PLA2G4F,0.752031
ELOVL6,0.873385
CYLD,0.945450
TTN,0.787401
USP28,0.872734
UBR2,0.996170
NEK11,0.983217
