GENE,ENVISION
KARS,0.842570
CHST5,1.046420
TTN,0.778646
