GENE,ENVISION
MYO3A,1.021860
PRODH2,1.017010
ACVR1,0.755793
WNK1,0.801313
NDUFA9,0.969706
DUSP5,0.824266
DARS2,0.968064
TTN,0.891130
B3GALTL,0.834706
PRKCQ,1.020920
HIRIP3,0.796512
