GENE,ENVISION
ASH1L,0.857559
CYP4A11,0.966583
DPYSL3,0.856865
SETMAR,0.648055
COX4I2,0.702723
PDE1C,1.017930
UBE3C,1.005830
USP7,0.828819
MAP3K11,0.993617
CBLL1,0.795140
SLC5A7,0.828857
TRIP12,0.876844
DGKD,0.932634
