GENE,ENVISION
SLC7A7,0.980781
ALG13,0.780181
LDHAL6A,0.649881
