GENE,ENVISION
MAP3K1,0.988706
MAT1A,0.967068
