GENE,ENVISION
HERC1,0.791193
AOC3,0.783967
VRK3,0.761918
PAPL,0.983930
MKNK2,1.017870
TRMT1,0.765034
MARCH5,0.782114
SDR9C7,0.925591
MED1,0.839907
MARK2,1.018700
TPSD1,0.836330
CHST5,0.807069
CREBBP,0.856856
