GENE,ENVISION
SARDH,0.843206
ACSM2B,0.926029
SLC22A10,0.843535
SSH1,0.926284
