GENE,ENVISION
CRLS1,0.917549
ATP8A1,0.851668
HUWE1,0.858675
