GENE,ENVISION
MOCS1,0.863146
SLC35B4,0.969196
ASAH2,0.792561
