GENE,ENVISION
SPHK1,0.786877
PARP4,0.802298
SLC22A11,0.876575
MED1,0.869232
HECW2,0.834103
DUSP22,0.803015
PDE3B,0.783617
