GENE,ENVISION
PAN2,0.903965
RDH5,0.858624
POLR3C,0.587777
GPHN,0.855905
