GENE,ENVISION
SLCO1B1,0.964269
ST3GAL5,0.894618
