GENE,ENVISION
AOX1,0.833575
SLC12A5,0.786690
MAP4K2,0.847794
SLC10A6,0.921140
B3GNT3,0.805983
ST8SIA4,0.845165
ACSM5,0.653627
FTMT,0.858443
PGLYRP3,0.787877
NOX3,0.976498
MYO5B,0.986492
GLS2,0.820195
ACSF3,0.977275
ST6GALNAC1,0.928638
DGKB,0.876562
USP31,0.821968
ENGASE,0.817247
FUT9,0.982787
ADCY1,1.014220
