GENE,ENVISION
HECTD2,0.983511
PLCB1,0.876502
TSSK4,0.898279
MAP4K2,0.813133
HIPK2,0.777772
SLC2A7,0.855075
PCYT2,0.921050
VARS2,0.932685
WHSC1L1,0.753806
ACSL5,0.979191
SLC4A4,0.924639
HECW1,0.855516
CDC42BPB,0.935095
PHEX,0.961643
UBR4,0.852901
