GENE,ENVISION
STYK1,0.956596
PFKFB3,0.977567
MKNK1,0.893503
DPYS,0.755285
FPGS,0.929602
TTN,0.604693
STK36,0.872404
TECRL,1.021320
PJA1,0.822295
USP35,0.811110
PXDN,0.852147
SRPK2,0.854838
