GENE,ENVISION
PTPN13,0.907413
PARP4,0.825562
MAP3K12,0.986324
CPT1C,0.833175
ROCK1,0.972249
