GENE,ENVISION
KMT2A,0.952522
NEK1,0.772391
EPHA7,0.926073
PKN3,0.893259
ABCA3,0.982778
SLC27A5,0.958686
TAOK1,0.911616
