GENE,ENVISION
LRP2,0.780423
EHMT2,0.786086
PTPN13,0.983982
MYLK2,0.749073
USP51,0.979357
LPPR4,0.882571
MED1,0.927389
TTN,1.063740
DIO2,0.769431
MGAT4B,0.920642
PXDN,0.830352
NOX4,0.876316
