GENE,ENVISION
HUWE1,0.843242
CYP4F3,0.967565
SLC7A8,0.845488
POLG2,0.902025
SLC7A11,0.792561
SLC12A4,0.770508
NOL9,0.995160
SLC27A6,0.906185
