GENE,ENVISION
MYO3A,0.977646
SARS2,0.957175
HS3ST4,0.734078
HSPG2,0.877833
SLCO1B3,0.954852
USP26,0.975997
PTPN21,0.970816
NDST4,0.890845
SLC26A7,0.931350
CYP2A13,0.933088
ABCB6,0.808945
SH3RF3,0.898287
ERBB4,0.552654
ENPP6,0.977273
PADI4,0.845845
FRMPD2,0.832845
PIK3C3,0.885468
TNNI3K,0.855398
CYP4F22,0.931846
RPS6KA6,0.862674
PARP15,1.007930
MLK4,0.825028
HECW1,0.894414
SPEG,0.856879
PDE4D,0.625318
NPC1L1,0.868911
FUT9,0.862110
