GENE,ENVISION
GUCY2D,1.013780
MOGS,0.843712
ATM,0.728497
RNF123,0.733861
