GENE,ENVISION
PDE1C,1.012410
WNK3,0.975622
PASK,1.005720
SLC12A5,0.910949
ACSS3,0.858495
NOX3,0.974670
RNF133,0.847809
TTN,0.858722
ATP11A,0.847173
