GENE,ENVISION
FMO2,0.975425
SLC6A20,0.959500
USP48,0.861177
DDR2,0.981600
TNIK,0.819411
MLK4,0.846213
MAP3K5,0.844432
NEDD4L,0.867317
ABCA4,0.775851
BMPR2,0.923230
TTN,0.914288
EP300,0.860376
