GENE,ENVISION
MTMR7,0.790414
SLC25A2,0.881619
TARS2,0.861026
PARP2,0.933130
HAS2,0.792630
