GENE,ENVISION
ASAH2,0.982775
ADCY2,0.870288
ST8SIA4,0.839505
PLCH1,0.981203
UBA2,0.888261
FGGY,0.772755
FRMPD2,0.857653
AASDH,0.816424
TTN,0.793798
