GENE,ENVISION
CDS1,0.904492
SUCLA2,0.816712
USP15,0.842466
ITPKC,0.850404
CYP39A1,1.010220
MIA3,1.004730
GUCY1B3,0.983822
PTPRJ,0.976672
TTN,0.800079
