GENE,ENVISION
RPS6KA6,1.007460
LRP1,0.860577
CERS3,1.012000
NDUFA9,0.976281
ABCA3,0.833393
MYLK4,0.856204
SLC7A10,1.013560
CAMK2B,0.753961
PRKDC,0.866319
HIPK3,0.936744
ST8SIA1,0.858673
ABCA4,0.916984
TTN,0.863895
GTF3C4,0.957305
SPEG,0.830365
RNF216,0.990568
ZCCHC6,1.004960
TAOK3,0.984402
