GENE,ENVISION
ICK,0.841048
ADCY2,0.840704
TREX2,0.914773
PARP14,0.929034
SLC7A3,0.978189
PLCL1,0.872709
SLC12A7,0.913313
ABCC8,0.868920
AASDH,0.743686
