GENE,ENVISION
PLCB2,0.977746
PDE1C,1.000390
CYP4F11,1.019500
MYLK,0.840263
PADI3,0.790587
PDZD4,0.964848
ATR,0.936431
SLK,0.926895
CYLD,0.892867
CHST2,0.803573
FUT8,0.781787
