GENE,ENVISION
INPP5A,1.011600
GLTP,0.831801
PADI3,0.999277
TIPARP,0.857256
TTN,0.826196
HELZ2,0.851776
USP26,0.697521
ATR,0.900444
SGPP1,0.852109
