GENE,ENVISION
SLC41A2,0.793045
ST8SIA1,0.819382
