GENE,ENVISION
B4GALNT4,0.984739
ADI1,0.839207
DPYD,1.006840
MTR,0.952995
RPE65,0.969111
BMP2K,0.826557
ATR,0.923255
TTN,0.953138
CREBBP,0.895973
