GENE,ENVISION
FMO2,0.913406
RIOK2,0.979975
DPYSL2,0.808677
SLC5A6,0.913362
NT5C1A,1.022140
PGM2,0.778817
HERC1,0.915027
SLC18A3,0.856842
TTN,0.814173
ZSWIM2,0.982580
UBR3,0.835084
ACOT6,0.803311
