GENE,ENVISION
KAT8,0.770225
TRIT1,0.814788
VRK2,0.851618
CAMK1,0.920015
STRA6,0.966168
PNPT1,0.754698
MST1R,0.990544
SLC12A7,1.005590
UGT3A2,0.906997
TNIK,0.869086
TTN,0.552057
NOX3,0.849129
DGKB,1.024000
HAO2,0.824816
PLA2G4F,0.781698
ROR1,0.554134
MOGAT3,0.978697
