GENE,ENVISION
COLGALT2,0.823465
LRP1,0.985880
NARS2,0.883599
DPYS,0.714829
PLB1,0.979723
PAK6,0.757477
