GENE,ENVISION
MST1R,0.993159
NDST4,0.820947
ROCK1,0.818983
CDKL2,1.019880
UBR3,1.007940
TAOK2,0.978627
