GENE,ENVISION
EHMT1,0.948061
ASH1L,0.851379
UROC1,1.010590
PDIA6,0.833131
LOXL2,0.925035
RPS6KB2,1.045640
MAST2,0.976309
BHMT2,0.713800
TTN,0.905528
ATP6V0A2,0.915333
PGLYRP4,0.964059
SLC35D1,1.034890
CREBBP,0.781273
CDS1,0.889477
