GENE,ENVISION
CDK12,0.857244
CREBBP,0.580207
PARP14,1.005290
TTN,0.616643
PAK2,1.021890
