GENE,ENVISION
KCNJ11,0.973871
TGM3,0.893779
