GENE,ENVISION
SLC38A4,0.999313
GCNT1,1.006130
GALNT13,0.991228
LGMN,0.989066
SPHK2,0.934336
SSH1,0.768978
MAN2A1,0.901104
DCLK2,0.813133
CDC42BPG,0.974088
TTN,0.916347
ADCY10,0.915412
FRMPD2,1.000470
SIRT7,0.917330
SLC26A11,0.924168
EYA1,0.972975
TICRR,0.755856
