GENE,ENVISION
CYP26B1,0.968419
ST8SIA4,0.718498
TAOK1,0.667619
COPG1,0.913984
