GENE,ENVISION
PDE1C,0.966475
ANGPTL4,1.011690
INPP5D,0.853689
ZNF645,0.868355
