GENE,ENVISION
SLC2A11,0.919295
SLC26A7,1.054090
