GENE,ENVISION
PIM2,0.885676
DHRS9,0.978922
HUWE1,0.834399
NPAS2,0.912684
PLCH1,0.960557
MAP3K15,0.991222
PHEX,0.962110
TMLHE,0.947471
