GENE,ENVISION
PCK2,0.971702
HERC1,0.792719
PPIL6,0.872397
NEDD4L,0.907106
