GENE,ENVISION
PGM2L1,0.782862
WWP1,0.991268
DUOX2,0.807131
MGLL,0.978346
AGXT2,0.982853
IARS2,0.890306
PPP1R3A,0.976174
B3GNTL1,0.916785
SLC36A1,1.005040
PIK3R5,0.796554
TTN,0.715078
ABCD2,0.868493
PTPRN2,1.075340
KMT2B,0.943780
ATP8A1,0.776168
ART5,0.946986
WNK1,1.051670
LOXL2,0.914650
ACSM2B,0.791115
HERC1,0.836874
PADI3,0.822295
USP16,0.898285
HEPH,0.802257
SLC25A29,0.973192
UBR4,0.761650
UBE4A,0.911395
SLC17A6,0.900094
EIF2AK4,0.914110
PRKD2,0.803982
