GENE,ENVISION
ATM,0.853794
CERS3,0.786614
DHDH,0.962455
BIRC6,0.761642
HSPG2,0.862084
CYP26B1,0.999733
MGAT4A,0.881418
SLC47A2,0.878453
PDE4B,0.973696
USP24,0.852204
