GENE,ENVISION
SLC22A16,1.035990
EP300,0.908457
GUCY2D,0.933922
HSD17B14,0.643690
