GENE,ENVISION
NAGPA,0.908899
POMT2,0.995698
GALNT12,0.871235
DDR2,0.820566
AFMID,0.801680
MASTL,0.988276
UGT3A2,0.999016
USP10,0.856204
MYLIP,0.909860
UBR2,0.897243
HLTF,0.898688
CHST2,0.923279
KAT6A,0.795733
TXNRD1,0.858722
