GENE,ENVISION
RPS6KA1,0.990611
CPT1C,0.899922
AGK,0.847735
PLCB1,0.857184
BIRC6,0.937901
NCOA6,0.959971
USP38,0.997512
POLI,1.016400
TTN,0.859359
USP15,0.986126
PTPRS,0.766044
GALNT7,0.844688
SLC15A4,0.889653
