GENE,ENVISION
PLCB3,0.568399
SLC2A14,0.838102
CYLD,0.810835
TTN,0.933056
USP30,0.845276
B3GAT2,1.052140
USP32,0.800383
