GENE,ENVISION
USP25,0.774158
USP37,0.968819
UBR4,0.842271
