GENE,ENVISION
BIRC6,0.874241
ENPP2,0.504946
MKRN3,0.907698
MGAT5B,0.866467
PAPD7,0.825346
CHIA,0.940309
