GENE,ENVISION
USP26,0.925536
SLC32A1,0.944999
SLC22A7,0.901952
AGPAT9,0.982235
DGKD,0.866208
