GENE,ENVISION
SLC6A20,0.854483
MYO3B,0.985219
ADCY2,0.975360
PPP2R3A,0.773993
PIGL,1.070130
PPAPDC1A,0.861177
LDHAL6A,0.962966
HIPK3,0.768623
DGKH,0.807296
SLC29A3,0.794623
PPA2,0.995524
MYBBP1A,0.968673
CRLS1,0.807296
TRIB3,0.866072
