GENE,ENVISION
SLC4A8,0.777535
MACROD1,0.845344
USP7,0.934648
