GENE,ENVISION
SLC5A8,0.848466
ACOT12,0.965764
B3GNT7,0.796554
DUOX2,0.790168
HELZ2,1.002970
