GENE,ENVISION
UPP1,0.915274
ABCG5,0.958574
