GENE,ENVISION
HKDC1,0.788604
HAO1,0.895048
TTN,0.984295
PXDN,0.778646
HECW1,0.778646
