GENE,ENVISION
SLC13A1,0.935573
KMT2A,0.873150
PTPRR,0.984420
