GENE,ENVISION
PADI3,0.792932
FAR1,0.898818
UBR1,0.965974
