GENE,ENVISION
SLC4A10,0.934772
KMT2B,0.780819
SLC17A6,0.968208
KCNJ8,0.884209
GLT8D2,0.867685
ACAD10,0.944518
