GENE,ENVISION
ALK,0.843221
ERBB4,0.635056
NOX3,0.869620
TIAM2,0.843577
SLC12A6,0.764859
TTN,0.762927
HELZ2,1.065900
PRKCQ,0.884581
