GENE,ENVISION
SLC9A2,0.775158
ERBB4,0.990842
SLC7A9,1.114640
DDR2,0.792018
DUOX2,0.741768
CAMK2A,0.600475
MAP3K4,0.999750
PDK3,0.878187
MARCH7,0.857893
TTN,0.983497
SETD2,0.827850
SLC27A1,0.974734
