GENE,ENVISION
PDE1C,0.973556
PTPRN,0.764378
OGDH,0.709904
SLC18A3,0.945522
TTN,0.457868
