GENE,ENVISION
AOX1,0.924227
ACVR1,0.756104
NSDHL,0.980864
TBK1,1.000160
PARS2,0.979073
HUWE1,0.869221
EIF2AK4,0.852597
SLC24A3,0.980398
SLC22A4,0.823195
PDP1,0.719643
FRMPD2,0.952237
NSD1,0.889822
RNF31,0.737066
