GENE,ENVISION
MARCH10,0.956161
MAN2C1,0.899588
UBLCP1,0.885628
CDK12,0.901402
CDK13,0.906468
FLAD1,0.969970
HERC3,0.875750
INPP4A,0.812296
FHL2,0.997535
ABCA4,0.929722
SGPP1,0.917959
PRKG2,0.984811
RNF25,0.963358
USP34,0.882042
ST6GALNAC2,0.932915
PXDN,0.900419
ABHD12,0.909241
