GENE,ENVISION
NCOA2,0.939547
DGKZ,0.860045
STK32A,0.861251
ERBB4,0.837971
ACSS3,1.023290
TMEM91,0.996247
PRKDC,0.873881
HERC1,0.893709
PADI3,0.895200
ME3,0.860622
EP300,0.847444
POLH,0.933545
