GENE,ENVISION
SGK223,0.923218
STK33,0.918967
SLC12A6,0.966406
TTN,0.819234
GLT6D1,0.810953
PDE4C,0.956698
