GENE,ENVISION
SLC22A16,0.908778
LARS2,0.902256
SLC22A12,0.967408
