GENE,ENVISION
KMT2B,0.580061
MAT2B,0.824955
ST8SIA4,0.807957
AMDHD2,0.838650
LPPR4,0.888443
ABCA3,0.933971
KAT6B,0.855075
B4GALT7,0.941875
