GENE,ENVISION
LRP2,0.978725
SLC20A2,0.938365
ROCK1,1.021920
CDC14A,0.790034
PIGO,0.978498
COPG2,0.956350
ACSBG1,0.976908
PRKDC,0.877608
