GENE,ENVISION
PTPN12,0.874839
NUAK2,0.907915
ATM,0.728497
