GENE,ENVISION
MYO3A,0.804079
RPS6KA1,0.787822
SMURF2,0.867712
LPIN1,0.940463
SLC5A7,0.969465
KAT6A,0.607516
