GENE,ENVISION
RDH14,0.881157
LRP2,0.836827
SLC38A3,0.857142
WWP1,0.719785
