GENE,ENVISION
PHYKPL,0.828019
METTL3,0.744355
COL4A3BP,0.880174
CMTR1,0.948087
