GENE,ENVISION
KMT2C,0.799200
SLC5A8,0.807863
