GENE,ENVISION
MYO5B,0.938906
NAGS,0.856890
PLCH1,0.960531
ADCY1,1.025130
CHSY1,0.764966
