GENE,ENVISION
LRRK1,0.915517
PTPRK,0.819676
POLE,0.865722
PLIN4,0.828882
CHST5,0.792551
SLC4A8,0.957030
