GENE,ENVISION
NCOA1,0.978242
SMG1,0.813133
PTPRR,0.769878
DUOX1,0.968056
AFMID,1.014310
MYLK3,0.896613
CDC14A,0.816316
GDA,0.778541
LRP1,0.846714
TTN,1.005960
PIM2,0.859470
DYRK4,0.993563
