GENE,ENVISION
SLC9A4,0.795680
NCOA2,0.839207
SMPD3,0.940983
PIKFYVE,0.986691
ALDH1L2,0.906674
RNF41,0.465717
SUCLG2,0.887162
USP9X,0.766963
PLCH1,0.908976
ATP11C,0.803819
TTN,0.539008
ZSWIM2,0.820825
USP28,0.851026
SLC6A13,0.925461
HEPH,0.839207
PHEX,0.783637
PRKD1,0.919801
SRPK3,0.922188
