GENE,ENVISION
LRP2,0.844813
DOT1L,0.756232
ATP6V1G3,0.963424
SLC22A10,0.735480
TOPORS,0.917178
