GENE,ENVISION
CHST8,0.976901
ATM,0.823724
SHPRH,0.808655
ROR2,0.623786
