GENE,ENVISION
SLC6A19,1.012370
SLC2A9,0.889960
HIRIP3,0.970807
