GENE,ENVISION
LRP2,0.951033
HERC1,0.854838
MIB1,0.863660
PGLYRP3,0.917714
NT5C1B,0.942470
TTN,0.859359
