GENE,ENVISION
STYXL1,0.979627
IKBKE,0.972697
DPYS,0.934845
CYLD,0.952154
TTN,0.995612
GLB1L,0.491455
ACAD10,0.493951
ATP2B3,0.988706
PXDN,0.770409
