GENE,ENVISION
DNMT3B,0.612301
B4GALNT1,0.953414
STYK1,0.841807
SLC15A2,0.869539
POLE,0.907004
LPPR4,0.728247
PTPRR,0.813888
STK26,0.861251
GBE1,0.679361
DIO2,0.871106
SLC6A13,0.930401
AQP10,0.958492
FMO2,0.780391
NARS2,0.844701
ACSM2A,0.935696
PIGT,0.771618
DUSP15,0.772201
SETD2,0.775782
SLCO1C1,0.804897
STK32A,0.887693
ABCG5,0.875968
BRSK1,0.851987
BMPR2,1.000350
HECW1,0.797967
PRKD1,1.023830
