GENE,ENVISION
CYP3A43,0.785316
ENPP6,0.998525
SLC7A11,0.813133
PRKCQ,0.889206
FUT5,1.059190
PNPLA7,0.860622
TTN,0.710864
ADCY10,0.968916
PLB1,0.923633
NMNAT2,0.828819
NEK11,0.979631
