GENE,ENVISION
PAN2,0.719785
TSSK4,0.960438
HACE1,0.822981
FRMPD2,0.840629
MKRN3,0.919639
SLC5A8,0.990568
TNIK,1.008650
PIK3R4,0.868424
AURKC,0.919438
CDC42BPB,0.968832
PRKG2,1.000370
PTPRO,0.975660
CMTR1,0.973969
PDE10A,0.857831
