GENE,ENVISION
PINK1,0.916941
WNK1,0.868816
GUCY1B3,0.642142
