GENE,ENVISION
ERBB4,0.865072
TRHDE,0.928037
HUWE1,0.730617
SLC4A5,0.869429
TTN,0.788392
SLC46A1,0.982899
