GENE,ENVISION
GALM,0.742874
PIGU,0.861177
NEU2,0.777881
DPYD,0.648070
