GENE,ENVISION
MYO3A,0.971948
KMT2A,0.846550
SLC25A2,0.966195
MKRN3,0.911713
HIPK3,0.839207
MARCH7,0.930478
TTN,0.766480
