GENE,ENVISION
PNPLA8,0.982189
PHKB,1.010680
ASAH2,0.974612
KAT2B,0.878815
CDC14A,0.846458
KL,0.850684
PTPRO,0.910117
PPAPDC1A,0.907414
LPCAT2,0.978938
TTN,0.908047
USP29,0.851097
TECRL,0.949924
SLC6A13,0.904616
CHST2,0.747768
PLA2G3,1.018550
ABCB6,0.901095
