GENE,ENVISION
EHMT1,0.825085
BIRC6,0.931878
KARS,0.860622
GALNT2,0.962576
OXCT2,0.901698
