GENE,ENVISION
SLC4A5,0.915017
PLCE1,0.946049
SLC29A3,0.943379
TTN,0.852978
SLC5A5,0.823198
