GENE,ENVISION
HECTD1,0.930629
UGT1A10,0.985384
TKTL2,0.773077
ASPH,0.862649
MOCS1,0.963953
PGLYRP4,0.815006
SLC26A8,0.819676
PAK7,0.814761
