GENE,ENVISION
NSD1,0.549689
KMT2C,0.992209
UGT2A3,0.862691
PON3,0.846681
PIGG,0.842558
