GENE,ENVISION
GALK2,0.928761
SIAE,0.738102
TIAM2,0.906047
ATR,0.781382
TRPM6,0.783113
PAK1,1.016240
