GENE,ENVISION
CDK12,1.006040
UBR1,1.019650
ATM,0.994681
PASK,0.979366
