GENE,ENVISION
SLC6A3,1.007870
GUCY2D,0.930767
PDXP,1.001310
NOL9,1.046670
