GENE,ENVISION
NTRK3,0.808058
DYRK2,0.825523
DGUOK,0.917460
