GENE,ENVISION
FMO2,0.927492
POLG2,0.628016
POLK,0.961190
TTN,0.981265
SLK,0.846116
