GENE,ENVISION
PTPN23,0.973433
COQ6,1.024900
ELOVL3,0.781819
