GENE,ENVISION
PARP14,0.976657
SARDH,0.996360
DPYSL2,0.754242
ZCCHC6,0.926955
