GENE,ENVISION
PCYT1B,0.869547
SLC9A7,1.016180
ERBB4,0.775425
SLC23A1,0.928043
TNIK,0.868111
GPLD1,1.006440
TTN,0.765266
PLCD3,0.843669
