GENE,ENVISION
AASS,0.918505
CYP2S1,0.996689
DUSP10,0.922069
XPO6,0.945693
