GENE,ENVISION
PAPL,1.012970
GPAM,0.906226
CDKL2,1.013050
ALDH6A1,0.768586
PIK3R4,0.971814
ABCC8,0.722060
GPCPD1,0.922718
RNF31,0.842847
