GENE,ENVISION
PNPLA3,0.899656
ATP2B3,0.769765
TTN,0.911693
WWOX,0.910456
