GENE,ENVISION
PLCB3,0.863565
NPAS2,0.770606
HELZ2,0.918346
TECRL,0.816500
