GENE,ENVISION
PKN2,0.889999
MIB1,0.762152
PPP2R2B,0.778280
LPPR4,0.786930
ZC3HAV1,0.967648
MOXD1,0.734078
AARS2,0.855865
PDE4C,0.848787
SHPRH,0.977383
SULT2A1,0.825949
