GENE,ENVISION
OCRL,0.961015
STK11,0.585680
FTMT,0.667384
MAP3K9,0.812139
NTRK2,0.877737
NTRK3,0.954181
TTN,0.795442
DIO2,0.938153
SLC26A11,0.923830
AASDH,1.007490
DEGS2,0.959336
PIM2,0.943039
GALNT14,0.974636
AAK1,0.912712
ATP2B3,0.858410
UHRF2,0.776517
ENGASE,0.825394
STK32A,0.766850
MELK,0.919660
MYBBP1A,0.913840
MYO5B,0.853591
FUT9,0.853689
