GENE,ENVISION
ACVR2B,0.966750
USP40,0.981236
SLC4A5,0.976263
ADCY10,0.751369
PHLPP2,0.976378
AATK,0.896615
TST,0.806880
