GENE,ENVISION
RFWD2,0.970391
SLC7A9,0.975882
