GENE,ENVISION
GNPTAB,0.887287
GBGT1,0.917171
PAPOLG,0.978686
IP6K2,0.849142
ST3GAL5,0.863563
