GENE,ENVISION
CYP4F8,0.900181
UPP1,0.719329
CYP46A1,0.929660
PEAK1,0.997525
PASK,0.839909
