GENE,ENVISION
MYO3A,0.767808
POLA2,0.913246
FRMPD2,0.892450
IPMK,0.975222
CAMKK2,1.010530
DSTYK,0.853689
STRA6,0.990071
RPS6KC1,0.960785
BAAT,0.855068
USP40,0.863555
DAK,0.810439
STK31,0.855075
PDE7B,1.018380
GALNT8,0.985426
TTN,0.983829
STK36,0.915058
IKBKE,0.989367
BCO1,0.909675
USP36,0.972764
SLC29A2,0.848149
