GENE,ENVISION
STK11,0.675088
SLC3A1,0.919223
SLC7A8,1.086650
STK33,0.991632
