GENE,ENVISION
EXTL1,0.942381
USP9X,0.917085
EHMT2,0.911332
