GENE,ENVISION
B4GALNT4,1.007830
SLC6A18,0.778757
HS6ST3,0.769987
