GENE,ENVISION
PIK3C3,0.999771
SMG1,0.967303
NME3,0.792916
PTPN13,0.765392
DHCR7,1.011030
PARP4,0.771731
SDR9C7,0.799816
SLC27A6,0.901703
