GENE,ENVISION
QTRTD1,0.849706
MTMR14,0.829600
ULK4,0.767475
PDE1C,0.940816
UHMK1,0.825523
MAP3K4,0.920509
MYLK,0.847742
STK3,0.770674
TST,0.986538
NGLY1,0.823507
