GENE,ENVISION
ACER3,0.936145
STK32A,0.935423
LGSN,0.933225
SIK2,0.931920
PTPN13,0.931258
BIRC6,0.847491
GTF3C4,0.967111
PDE3A,0.938973
SRMS,0.811167
TTN,0.909860
CDC42BPB,1.011420
EPHA10,0.993159
PLIN4,0.974513
SLC27A6,0.850861
GAL3ST4,0.929719
PXDN,0.843373
