GENE,ENVISION
CDK13,0.927372
BAAT,0.922312
PPP2R2C,0.773643
PTPN14,0.811141
FKBP5,0.797961
HS6ST3,0.855827
GAL3ST1,0.719867
DGKD,0.965338
