GENE,ENVISION
SLC6A3,1.005630
NCOA1,0.823036
GLT8D1,0.829988
DPYD,0.838184
CAMK1,0.668800
UBE2D4,0.992596
ENPP2,0.770510
ACSM2B,0.791342
PTPN14,0.877200
PKN1,0.860661
MIA3,0.908468
STK26,0.811640
TRPM6,0.851040
POMT2,0.895386
ACMSD,0.967512
GALNT2,0.941083
