GENE,ENVISION
HECTD3,0.817262
RPS6KA2,0.549692
MYO3B,0.873251
SLC6A7,0.815264
PCYT2,0.887952
FAAH2,1.099740
CHIT1,0.602464
UGT3A1,1.058240
MDH1B,0.844620
TTL,0.719643
KAT6B,0.874438
POLM,0.921894
PHEX,1.124830
