GENE,ENVISION
EHMT2,0.858113
ERBB4,0.705898
ALG1,1.013110
ACSM2A,0.928581
RPS6KB2,1.039630
RIPK1,0.999702
USP13,1.018590
PTK2B,0.998709
NUDT11,0.974346
TTN,0.824090
HECW2,0.875026
B3GALTL,0.965979
SLC18A3,0.984513
TRPM6,0.958061
TESK2,0.908305
SLCO1C1,0.945632
