GENE,ENVISION
MTMR14,0.987674
POLG2,0.925141
USP22,0.723812
BMPR2,0.844229
PIP5KL1,0.842074
USP36,0.820687
