GENE,ENVISION
CWC27,0.964409
ADCY2,0.808433
