GENE,ENVISION
SLC9A7,0.754574
PIKFYVE,0.862919
UBE3C,0.782862
TGS1,0.988016
PLCH1,0.864457
ABCA3,0.893643
