GENE,ENVISION
SLC52A2,0.815998
PIKFYVE,0.978100
HS2ST1,0.659796
MARCH2,0.974095
CTDP1,0.842705
CAMKK2,1.014880
TPH2,0.810465
PLCH1,0.921411
TTN,0.671545
GLB1L,0.993111
SLC26A9,0.845738
