GENE,ENVISION
ENTPD4,0.935136
SULT4A1,0.918660
TLK2,0.889475
PDE1C,0.734428
MAP3K11,0.855008
GAD2,0.883816
