GENE,ENVISION
HUWE1,0.883181
CNDP2,0.815467
GNE,1.018680
