GENE,ENVISION
PTPN12,0.916095
PDE4D,0.930191
GPAT2,0.874564
TTN,0.563481
