GENE,ENVISION
KAT6A,0.844083
MYO3B,0.860566
PPP1R3A,0.977257
