GENE,ENVISION
LATS2,0.764215
WNK3,0.758687
