GENE,ENVISION
NUDT9,0.906442
TRPM7,0.860577
CYP4V2,1.007180
SLC3A1,0.962012
BAAT,0.950264
ITPKC,0.939697
NOX5,0.947010
DMGDH,0.953783
USP20,0.789861
MAPK7,0.978473
RARS2,0.777995
