GENE,ENVISION
CERS6,0.846322
XPO6,0.869232
NTRK2,1.012020
PASK,0.870584
DPYS,0.677352
RNF133,0.978295
ABCC8,0.861638
SLC26A7,0.985755
SIN3A,0.877550
