GENE,ENVISION
AMDHD1,0.752854
CDK16,0.977774
SLC4A8,0.879779
SETDB2,0.854061
