GENE,ENVISION
MAST2,0.847462
ALG13,0.984009
MIB1,0.854582
UBE2O,0.973747
