GENE,ENVISION
COLGALT1,0.839207
HUWE1,0.877921
USP9X,0.939899
LPPR4,0.792843
ADCY10,0.893827
SLC30A1,0.851014
DUSP27,0.974031
SMG1,0.922718
SLC9A2,0.855039
USP47,0.901778
PDE3A,0.995612
NTRK3,0.858930
SLC5A12,0.793416
AMDHD2,0.787877
SRMS,0.887340
KAT8,0.802181
ASH1L,0.533502
ERBB4,0.885586
SLC24A3,0.752854
HERC4,0.842098
HELZ2,0.934879
CHFR,0.807791
LRP2,1.020830
SDSL,0.861327
LMTK2,0.974655
FAM65A,0.899350
EBP,0.815417
HECW2,0.834180
SLC22A8,0.826986
