GENE,ENVISION
GNPTAB,0.960247
BIRC6,0.828090
HUWE1,0.748345
ABAT,0.982671
ACER3,0.970741
CYP1B1,0.816164
CHD9,0.854632
NTRK2,1.014040
ITPKC,0.818912
TTN,1.006330
MTMR7,0.856073
PARP6,0.796912
KMT2C,0.858722
PNKP,0.958708
CYP2A13,0.918955
PKN3,0.877405
CLC,0.708609
SSH2,0.864208
SSH3,0.847832
STK17A,0.822972
GLYCTK,0.911902
SETDB1,0.813489
ATP6V0A1,0.730283
CMTR1,0.979127
