GENE,ENVISION
LRP2,0.978229
RBBP6,0.784874
SETDB1,0.613200
ASAH1,1.004840
