GENE,ENVISION
SIRT1,0.908456
USP9X,0.943410
SMARCD3,0.820824
GLT8D2,0.861177
SLC26A6,0.990216
CYP2S1,0.661370
