GENE,ENVISION
GDA,0.764378
EXTL2,0.855600
MAPK15,0.880628
MED1,0.915555
SSH2,0.956698
TTN,0.865275
ATP11C,0.719643
