GENE,ENVISION
USP10,0.867859
SH3RF3,0.775985
DMPK,0.763236
