GENE,ENVISION
CERS6,0.945954
SLC38A4,0.793577
LRP1,0.754167
SLC13A1,0.779517
SIAE,0.951123
FANCL,0.845183
RNF19A,0.888785
