GENE,ENVISION
HACE1,0.993492
GPT2,0.610205
DUOX2,0.908115
WNK4,0.971214
USP38,0.935670
TTN,0.711191
ABAT,1.010800
AGMAT,0.899050
GALNT6,0.971321
USP34,0.919519
