GENE,ENVISION
HKDC1,0.837334
PLD4,0.929025
HUWE1,0.922789
CNDP1,0.845193
