GENE,ENVISION
TXNRD1,1.004340
ATP11C,0.926632
PRKG2,1.015690
