GENE,ENVISION
METTL1,0.848089
POLR1B,0.979975
PNPLA8,0.823315
POLE,0.837484
PGLYRP2,0.972568
