GENE,ENVISION
UGGT2,1.004500
CYP4Z1,0.951227
