GENE,ENVISION
DPAGT1,0.930907
ACSM2B,0.937749
PDPR,0.763152
PDK2,0.989236
ABAT,0.837336
SLC47A2,0.866991
CDK3,0.844485
