GENE,ENVISION
ALG8,0.990313
ATM,0.728497
B4GALNT3,0.718768
CYP4Z1,0.813244
DPYD,0.969651
DUOX1,0.834460
WWP1,0.824528
LIPE,0.886667
TTN,0.765513
ALG11,0.905947
MCEE,0.823010
SETD2,0.818677
PDE4D,0.612035
SMG1,0.857831
