GENE,ENVISION
MYO3A,0.980882
RNF149,0.851897
WNK1,0.791497
ATM,0.861905
PADI1,0.929635
SSH2,0.812379
PADI4,0.860337
ME3,0.887235
SPEG,0.847973
