GENE,ENVISION
SLC20A2,0.949066
GPAM,0.964100
PRKCE,0.949229
TTN,0.666257
SLC5A6,0.822306
UBR2,0.851109
