GENE,ENVISION
DGKZ,0.766665
CHST9,0.941228
KDSR,0.908209
GALNT15,1.013830
ALK,0.900141
ALG3,0.965589
ACSM3,1.040800
SLC7A10,1.018980
CDO1,0.978001
PTGIS,0.677741
RNF20,0.776973
MAN1B1,0.726904
ASPG,1.013230
TTN,0.867527
GGT7,0.827026
CERK,0.890114
ZCCHC6,0.826550
CREBBP,0.757008
GALNT13,0.568448
