GENE,ENVISION
KMT2C,0.977392
ATM,0.833106
ACSM2A,0.605488
KL,0.830126
DGKH,0.835846
TTN,0.837327
HECW1,0.762927
