GENE,ENVISION
TNK2,0.723968
GGTLC2,0.791150
CERS2,0.737895
LPIN1,0.984779
SLC4A9,0.897884
HS3ST3A1,0.764471
PTPRK,0.843770
PLA2G2C,0.908224
PLIN4,0.908079
RNF19B,0.911332
CREBBP,0.832511
