GENE,ENVISION
CTPS2,0.815151
UGT8,0.951338
WNK3,0.992071
ST8SIA4,0.857184
RNF180,0.962785
CHD9,0.876589
MAP3K12,0.957220
LPPR4,0.876677
TTN,0.825769
USP28,0.913919
MCEE,0.814953
ALG13,0.798148
HECW1,0.762927
