GENE,ENVISION
MSMO1,0.920379
TBK1,0.943256
SLC22A12,0.917173
DCLK2,0.767852
GALNT8,0.710431
TTN,0.986767
CDC42BPB,0.988331
HEXDC,0.924998
