GENE,ENVISION
HECTD2,0.916547
SDSL,0.971928
MPC1,0.962222
ATM,0.859251
KAT2B,0.951349
TNS2,0.782933
PYCR2,0.918405
SMG1,1.003600
