GENE,ENVISION
KMT2C,0.770560
B3GNT7,0.998211
BARD1,0.923210
