GENE,ENVISION
HUWE1,0.953171
CPT1C,1.016210
ATM,0.745474
NDST4,0.880125
CSGALNACT1,0.856204
