GENE,ENVISION
CERS2,0.900014
BRSK1,0.810821
AANAT,0.771061
SLC22A4,0.822107
MAST2,0.903584
MAPK6,0.746283
RNF217,0.883565
DUSP21,0.864416
PPIE,0.965816
GAL3ST4,0.843176
