GENE,ENVISION
MYO3A,0.845902
GALNT14,0.732355
AMHR2,1.002080
ABCG8,0.824398
SLC17A6,0.851562
PLOD1,0.964643
ACSL6,0.849806
CPA5,0.970799
PSAT1,0.750984
RHAG,0.963805
DHCR7,0.997393
SETD7,0.837666
