GENE,ENVISION
SLC52A1,0.941861
CYP4F22,0.838784
QTRTD1,0.720434
WHSC1L1,0.924234
