GENE,ENVISION
SLC10A1,1.002550
KL,0.982482
SLC22A18,0.972620
PEAK1,0.848258
PARP4,0.944470
CDKL4,0.866134
CERCAM,0.908157
PON3,0.957338
MAP3K5,0.975372
SLCO1B3,1.029340
SRMS,0.859502
UBA2,0.757395
TECRL,0.964490
PHLPP2,0.965268
B4GALT6,0.927178
ST6GALNAC5,0.719785
MTPAP,0.984330
ROR2,0.758862
HAGHL,0.909467
UBR4,0.909591
