GENE,ENVISION
LRP1,0.786678
USP36,1.042620
