GENE,ENVISION
WNK2,0.813584
LHPP,0.967936
IRAK4,0.915786
