GENE,ENVISION
SSH2,0.946007
PTPRN,0.855516
AGK,0.976559
