GENE,ENVISION
SLC9A7,0.772274
CYP4Z1,0.968550
BIRC6,0.946087
CAMK2B,0.607037
PTK2B,0.969624
SPRYD3,0.683121
ABCA3,0.851935
POLN,0.811843
GAL3ST3,0.947464
PTPRR,0.902196
B3GALNT2,0.941535
