GENE,ENVISION
LRP2,0.915832
PLXNB3,0.884510
GNPNAT1,0.848362
INPP5F,0.985266
GNPTAB,0.874500
TTN,0.813067
PXDN,0.828894
FUT8,0.759343
