GENE,ENVISION
LRP2,0.829660
SPHK2,0.786123
PHKB,0.876212
FARSB,0.987455
HERC4,0.745842
SLC30A1,0.842197
PRKD1,0.842588
