GENE,ENVISION
USP34,0.916297
AOC3,0.973316
PLA2G2E,0.920758
PLCL1,0.796394
