GENE,ENVISION
UBE2Q1,1.026020
CHD9,0.833131
USP48,0.809290
HIPK2,0.816773
MTR,1.016450
FRMPD2,0.962619
SLC22A9,0.758456
PNPLA3,0.931523
PTPN13,0.966538
LPPR5,0.827166
SMPD3,0.775760
SLC12A1,0.943302
TTN,0.856204
STK36,0.820450
EPHA10,0.823225
SLC12A4,0.987394
SPEG,0.783558
B4GALT6,0.892343
POLN,0.892727
NEK11,0.821968
HECW1,0.809331
