GENE,ENVISION
SLC20A2,0.854363
DAGLA,0.988080
CROT,0.865199
