GENE,ENVISION
PIGB,0.855075
ENTPD4,0.863167
CYB5R2,0.903737
EARS2,0.978559
SLC7A7,0.941472
PHLPP2,0.931126
UBR3,0.900419
RNF139,1.056300
SETD2,0.818967
