GENE,ENVISION
SLC30A6,0.919451
SLC36A2,0.933948
PARP10,0.981665
XYLT1,0.947770
PNPLA3,0.943526
CTSZ,0.802461
PADI4,0.934638
TNKS2,0.881066
CHKB,0.766511
