GENE,ENVISION
PTPN12,0.992219
MYLK4,0.860354
ELOVL2,0.983447
DPH5,0.962831
