GENE,ENVISION
SLC17A4,0.887498
MBOAT2,0.979859
TTN,0.879261
ACSM1,0.957622
SETD2,0.800112
ENGASE,0.710695
