GENE,ENVISION
CYP4F8,0.981188
DEGS2,0.915241
PPP2R2B,0.773105
UROC1,0.875073
CDKL2,0.984948
