GENE,ENVISION
HACL1,0.853806
BIRC6,0.835189
HSPG2,0.834126
MAPK14,0.686150
MARCH7,0.903131
ATR,0.860411
POLN,0.808493
SLC30A6,0.981238
NEK1,0.768827
AASS,0.826774
UGT3A2,0.829917
CLYBL,0.979551
ICK,0.921877
HUWE1,1.064110
SIRT7,0.856204
SHPK,0.892159
NUDT5,0.931698
PPP2R2B,0.766887
MYLIP,0.906473
PIGV,0.930887
PHLPP2,0.791852
THNSL1,0.902482
CYP24A1,0.947156
CREBBP,0.759152
