GENE,ENVISION
EHMT1,0.836392
ZNF645,0.861560
DPYD,0.694561
PPAPDC2,0.909835
ABHD12,0.908874
ATR,0.928146
PTPRN,0.942120
SLC8A2,0.786678
