GENE,ENVISION
RCHY1,0.860577
DPYSL2,0.943150
ZADH2,0.915527
ACSF2,0.880040
WHSC1L1,0.852811
DAPK2,0.918384
MELK,0.852558
FIG4,1.024400
PRKCZ,0.987148
KAT2A,0.936379
RNF126,0.897086
pk,0.942164
WDYHV1,0.752617
PIP5KL1,0.952563
