GENE,ENVISION
STK32C,0.854838
MAP3K1,0.786678
SDSL,0.838377
SLC5A5,0.957647
ABAT,0.915638
