GENE,ENVISION
LRP2,0.750145
PTPRU,0.869306
NCOA1,0.925825
UBE2O,0.769810
SH3RF1,0.752854
CYP2A13,0.718235
AOC3,0.986579
USP42,0.895012
GALNT15,1.031330
SLC25A11,1.004050
HELZ2,1.055340
NEU4,0.835492
SLC35D2,0.881897
NANS,1.012760
PIK3C3,0.929052
THNSL1,0.982264
