GENE,ENVISION
ACER3,0.933914
TRPM7,0.870885
GALNT13,0.769498
SLC2A9,0.763493
XPO6,0.981552
BIRC6,0.772274
CHPF2,0.999734
B4GALNT2,0.980643
TPH2,0.768586
PON3,0.528402
ABCA4,0.874475
AKT3,0.859612
TTN,0.813888
SETD2,0.835536
MKRN3,0.746780
