GENE,ENVISION
NCOA3,0.945455
PARP9,0.958799
SLCO1C1,0.860290
WNK1,0.954826
PDP1,0.763152
PLCE1,0.779962
TTN,0.978670
CHST2,0.719288
DZIP3,0.988108
