GENE,ENVISION
DGKZ,0.948927
EZH1,0.994463
PADI3,0.770301
SLC4A7,0.862099
