GENE,ENVISION
SLC52A1,0.944900
PLD1,0.965694
GBA2,0.815467
TTN,0.803902
KAT2B,0.940100
