GENE,ENVISION
AGPAT6,1.006010
PTPRU,0.754599
SHPRH,0.764839
DUSP8,0.856433
MAPK15,0.858292
