GENE,ENVISION
MKRN1,0.755141
TRMT11,0.948291
SLC38A1,0.925081
PLCE1,0.875967
TXNRD1,0.782728
