GENE,ENVISION
USP48,0.913150
TBK1,0.875265
GLTP,0.777772
PGAM5,0.767381
MDP1,0.983581
ATP5G2,0.856333
