GENE,ENVISION
SLC2A14,0.942956
ATP2B2,0.861177
NTRK2,0.965930
GALNT3,0.943472
