GENE,ENVISION
HECTD2,0.824528
SLC7A5,0.878917
TTN,0.833312
USP15,0.833543
