GENE,ENVISION
POLK,0.992920
PARP9,0.891930
TRHDE,0.841650
