GENE,ENVISION
INPP5A,0.955631
LRP1,0.882048
ART5,0.913151
PPP1R3A,0.998388
PLCB1,0.862762
CDK12,0.830192
MOGS,1.013120
NDST4,0.913079
WHSC1L1,0.899986
HS3ST4,0.853689
TTN,0.485228
PGS1,0.797961
NMNAT2,0.820824
GUCY2D,0.839318
SPTLC3,0.811110
TAOK3,0.565363
