GENE,ENVISION
SMURF1,0.871384
SEC11C,0.916671
ST3GAL6,0.921913
FUK,0.894345
UBE3C,0.989246
SLC22A13,0.833360
RBBP6,0.822645
PTK2B,0.581622
TTN,0.725661
MERTK,0.877608
FRMPD2,0.810219
MYO5B,0.972863
PHKB,0.840431
RNF123,0.969341
SETDB1,0.911308
EYA3,0.796912
PARP9,0.935638
