GENE,ENVISION
TNK2,0.795261
PNLIPRP3,0.954167
PLCB4,0.842271
SH3RF1,0.950809
SLC17A7,0.935181
HIPK3,0.743054
CTSZ,0.856713
SLC18A2,1.028250
TRIP12,0.761650
NEU2,0.941283
