GENE,ENVISION
SLC22A16,1.049450
LRP1,0.991820
