GENE,ENVISION
LHPP,0.967936
PTPMT1,0.868424
SLC41A2,0.976856
LRRK1,0.904481
USP29,0.780776
