GENE,ENVISION
SPHK2,0.863795
SLC6A7,0.923974
SETMAR,0.575897
SLC17A6,0.981680
MAT1A,0.687005
PRKDC,0.974301
HERC1,0.777377
ATR,0.983086
TTN,0.910919
RNF138,0.828998
STK4,0.885328
PHEX,1.001120
AGPAT9,0.910482
