GENE,ENVISION
DHCR24,1.042320
HSPG2,0.815602
MED1,0.946775
PLCE1,0.695942
CERS6,0.947713
SLC9A5,0.826654
GPAM,0.945947
NTRK3,0.967558
PLCH1,0.994751
COPG1,0.929083
UBR4,0.875892
SIN3A,0.991830
KMT2C,0.896492
B3GALT5,0.910883
CPT1B,1.025620
STRA6,0.975120
SETD2,0.920379
UHRF2,0.808591
ENGASE,0.751418
DOT1L,0.938042
SLC17A4,0.823302
MYLK,0.758687
MAP3K10,0.789142
STK36,0.920538
RNF123,0.906509
ABCC2,0.778702
