GENE,ENVISION
UGT3A2,0.982228
ATM,0.948372
SDSL,0.626210
