GENE,ENVISION
PTPRN2,0.884550
DAGLA,0.922186
HS3ST5,0.851019
SLC38A5,0.941696
USP47,0.835606
FGGY,1.000020
AURKC,0.922739
PAK7,0.938899
FKBP8,0.896857
EYA3,0.913884
