GENE,ENVISION
PLCB2,0.781921
SCARB1,1.065530
GAL3ST4,0.910136
