GENE,ENVISION
DUOX1,0.959819
AMPD2,0.911595
USP9X,0.875784
SETD1B,0.977571
POLR3B,0.901001
SGMS2,0.876316
GCDH,0.949573
GCNT2,0.987973
MAT2B,0.916463
NTRK3,0.953757
ECH1,0.632538
SLC23A2,0.721239
TTN,0.868973
COPG1,0.968809
FANCL,0.975425
UGGT2,1.001020
PLCB1,0.877550
PIKFYVE,0.886490
PARP4,0.735261
HERC1,0.963114
GGT6,1.009500
ATP2B3,0.860622
ROR2,1.006730
PLA2G4D,0.976387
ABCC11,1.004430
DDR2,0.985513
MOK,0.788035
DYRK2,0.766082
PRKD2,0.902064
POMT1,0.855516
MYO5B,0.785436
PXDN,0.834445
