GENE,ENVISION
GALNTL5,0.986376
KMT2C,0.745842
TTN,0.813133
PIP4K2C,0.911430
