GENE,ENVISION
CA9,0.926030
TTN,0.909381
PXDN,0.925824
