GENE,ENVISION
HSD17B11,0.994212
FKBP10,0.820174
AASS,0.918573
PLIN2,0.973287
UGT3A1,1.055630
MKRN1,0.995800
RNF133,0.914093
TTN,0.690946
PPWD1,0.976262
GBA2,0.850161
PDE4D,0.554176
