GENE,ENVISION
DDR2,0.933620
BIRC6,0.765424
CAMKK1,0.807104
PRKCE,1.020720
