GENE,ENVISION
UBE3B,0.863167
ST6GALNAC6,0.907145
ALK,0.846878
RNF41,0.924953
