GENE,ENVISION
LRP2,0.778793
SLC12A5,1.032540
ACAD11,0.789138
HIBCH,0.868666
