GENE,ENVISION
OCRL,0.859959
PLXNB3,0.851697
MTR,0.891313
GRK7,0.825069
SLCO2A1,0.986858
RHAG,0.641681
HECW2,0.767533
HS6ST3,0.808183
TXNRD1,0.866475
