GENE,ENVISION
FKBP14,0.873385
TSSK2,0.931804
GALNT13,0.755018
PIGO,0.896913
PADI4,0.800382
ACOT12,0.977991
ZCCHC6,0.850842
DGKD,0.842212
