GENE,ENVISION
MYO3A,0.867294
UBR4,0.843109
