GENE,ENVISION
MTMR7,0.841092
KAT6B,0.856289
ATP2B2,0.920148
CYLD,0.861390
