GENE,ENVISION
HSPG2,1.006360
SLC9A2,0.857184
