GENE,ENVISION
PLD4,0.990728
KARS,0.869306
PIM2,0.875578
LRRK1,0.856204
TGM7,0.906693
SLC28A3,0.838361
PRKAG2,0.821208
ENPP2,0.922815
PGM2,0.865099
TPSAB1,0.811378
LATS2,0.925838
MCCC1,0.889634
USP28,0.804119
DYRK1B,0.835084
UGGT2,0.844964
NEK11,0.809716
PAK2,0.973589
NDUFA11,0.844022
