GENE,ENVISION
PTK2,0.884607
MYLK,0.795555
DGKH,0.798241
EZH2,0.858173
TTN,0.941501
CDC42BPB,0.981351
