GENE,ENVISION
LRP2,0.820752
LBR,1.019670
LARS2,0.917698
SLC8B1,0.873580
EXT1,1.021960
