GENE,ENVISION
ACVR1C,0.611057
DHDH,0.762552
SLC18A3,0.997296
PDE11A,0.803683
PHEX,1.024150
MAPKAPK3,0.855428
