GENE,ENVISION
MAP3K1,0.860577
PTK2,0.946898
