GENE,ENVISION
MTHFD1L,0.949224
NCOA6,0.991091
DPYD,0.740100
CDK10,0.942932
AMHR2,0.872343
CYP4F11,0.930992
NT5C1B,0.824595
GBA2,0.811110
