GENE,ENVISION
SLC4A5,0.986888
PTPRO,0.948959
NDST4,0.789626
