GENE,ENVISION
SLC38A4,0.830081
GALNT14,0.831430
PLCB4,0.979218
TSSK3,0.737033
PDE1C,0.917605
MAP3K15,0.963758
STK31,0.990028
PRKCZ,0.944752
ATP11C,0.891742
HECW1,0.830437
TNNI3K,0.792663
SULT2A1,0.972121
