GENE,ENVISION
LRP2,0.989404
MAP3K9,0.873294
CHSY1,0.901160
NDST4,0.816453
GPAT2,0.974197
QPCT,0.939117
NPAS2,0.943381
ATR,0.945420
SLC36A2,0.977067
PRKDC,0.941658
ZNF645,0.938087
UHRF2,0.804293
SSH3,0.983005
