GENE,ENVISION
TGM3,0.797444
CHST8,0.835777
RIPK1,0.839287
SLC4A4,0.784666
CDC42BPA,0.605293
PRKD1,0.985376
