GENE,ENVISION
TGM3,0.905935
FLAD1,0.944189
PRKDC,0.983178
HEPH,0.846977
MOXD1,0.824955
FUK,0.858059
UROC1,0.948817
FIG4,0.891120
TIAM2,0.957535
PLCH1,0.980391
TTN,0.878815
AASDH,0.834325
DGKD,0.830364
HUWE1,0.859873
PARP8,0.842461
EXT1,0.796700
CAMK2A,0.853689
GALNT8,0.887597
USP31,1.009260
PDE10A,0.867317
BHMT,0.903504
GALNT13,0.625558
ADCY2,0.973583
SLC17A1,0.860192
