GENE,ENVISION
PLD3,0.924094
WNK2,0.976784
ATP8A1,0.709904
USP40,1.010440
TIAM2,0.845788
PADI2,0.851213
PNPLA7,0.999682
