GENE,ENVISION
ACSS3,0.978451
PLCB1,0.908544
GALNT14,0.867002
TTN,0.773041
