GENE,ENVISION
LRP2,0.899267
MYO3A,0.958327
LRP1,0.904192
HELZ2,0.999044
RPS6KA6,0.703558
BARD1,0.911364
FAAH2,1.048500
PARP14,0.978697
HS6ST3,0.743054
FUT5,0.790923
SLCO2A1,0.935846
TIAM2,0.734410
SARDH,0.999381
ATP6V0A2,1.006990
SMYD3,0.916376
SLC26A9,0.996312
SLC17A6,0.872975
