GENE,ENVISION
ULK3,0.976770
PIK3R5,0.932609
