GENE,ENVISION
ELOVL2,0.799537
ACVR1,0.898469
DPYD,0.892162
