GENE,ENVISION
MIB1,0.964750
STK3,0.797129
TTN,0.990212
PRKCQ,1.011740
SLC22A9,1.064870
TESK2,0.767630
