GENE,ENVISION
EIF2AK1,0.986950
UHMK1,0.775126
RNF130,0.907954
SLC4A7,0.771906
SLC5A6,0.810006
EYA1,0.959851
C1GALT1,0.771845
