GENE,ENVISION
ASH1L,0.894473
SLC14A2,0.800936
STYK1,0.859985
KMT2A,0.983907
NOX5,0.874851
ABCA3,0.923895
UBR2,0.969853
