GENE,ENVISION
ADI1,0.829743
CDK13,0.927698
ATP6V0A1,0.900110
TTN,0.834516
PHLPP2,0.827563
ATP2B2,0.866693
SLC4A9,0.758012
ABCB6,0.963196
