GENE,ENVISION
FMO1,0.776496
USP48,0.786678
MOGAT1,0.969070
