GENE,ENVISION
SLC9A4,0.937168
PDE1C,0.973711
USP51,0.709252
