GENE,ENVISION
TNS2,0.914247
USP32,0.719785
TTN,0.751058
CTDSP1,0.855516
