GENE,ENVISION
SGK223,0.967293
GPAT2,0.870724
TIAM2,0.982558
ACOT11,0.800484
SLC30A6,0.780930
PDE4D,1.026130
