GENE,ENVISION
SLC10A2,0.885511
MTHFD1L,0.752469
LMTK3,0.829371
LMTK2,0.753012
EPHA7,0.941744
HS2ST1,0.913580
HSPG2,0.879920
GMPPA,0.925559
MAP3K4,0.935783
SLC22A12,0.867312
ME3,0.874839
SLC29A1,0.944434
MINPP1,1.020190
CHIA,0.944938
GLS2,0.938886
