GENE,ENVISION
KMT2A,0.900369
SBK1,0.988292
SMG1,0.964135
CHST14,1.008300
ABCC11,0.688419
TGM7,0.779088
HKDC1,1.000550
USP47,0.766904
UCK2,0.967972
DAK,0.933436
GALNT8,0.818226
TTN,0.832650
PTPRN,0.912638
ATP6V1C2,0.940410
NNT,0.747768
PPARA,0.924351
TOPORS,0.843565
