GENE,ENVISION
CHD9,0.877820
KARS,0.836097
PDE4C,0.770409
CHPF,0.780650
TLK2,0.850315
