GENE,ENVISION
EP300,0.719785
SLC4A8,0.830378
