GENE,ENVISION
MAP3K9,0.957259
INPP5F,0.860293
ACSS3,0.946237
SLC7A7,1.014230
PLA2G7,0.906251
CDK12,0.890857
AGPAT3,0.762368
EP300,0.758324
TNNI3K,0.860577
TOPORS,1.019310
