GENE,ENVISION
DDR2,0.568398
SLC17A6,0.953162
CYP2S1,1.008740
PDP2,0.786164
GBE1,0.779198
RNF138,0.877592
DECR1,0.976019
USP32,0.816646
