GENE,ENVISION
CERS2,0.719643
TRHDE,0.860566
KMT2E,0.922301
RNF130,0.851331
TECRL,1.017760
SLC26A9,0.904757
NEU2,0.985198
