GENE,ENVISION
LRP2,0.910145
HECTD3,0.863742
HKDC1,0.872011
PLK3,0.822793
ACPT,0.980410
LPPR4,0.716354
TRMT1,0.772661
NEU1,0.966017
