GENE,ENVISION
HUWE1,0.776510
ANKRD1,0.968106
ADCY2,0.926497
PMPCA,0.786678
PIP5K1A,0.858410
GPT2,0.923482
DPYS,1.029400
TTN,0.793564
