GENE,ENVISION
EHMT1,0.854445
ATP2B3,0.869306
DPYD,0.877165
DSTYK,0.815041
CROT,0.883381
PEAK1,0.814095
SLCO1B1,0.814660
RHCG,0.825569
FARSA,0.964819
SARDH,0.950562
CYLD,0.819627
HECW1,0.778646
RNF152,0.913116
USP26,0.954247
PDE4B,0.825775
PDE10A,0.981031
MAPK7,0.843373
