GENE,ENVISION
CHST13,0.819676
CYP39A1,0.767812
