GENE,ENVISION
POLD4,0.762927
ENPP2,0.575555
SLC47A2,0.767701
HELZ2,0.850007
RNF31,0.820913
