GENE,ENVISION
PLCB4,0.768298
SLC2A12,0.756688
HECW2,0.855841
EPHA10,0.786562
USP26,0.786446
TRPM6,0.782394
MAPKAPK3,0.753821
