GENE,ENVISION
CYP46A1,0.899313
ATP5G2,0.733271
