GENE,ENVISION
PTPN13,0.982051
MIOX,0.825700
RNF19B,0.778646
