GENE,ENVISION
GAMT,0.817508
RPE65,0.847633
EZH2,0.900102
USP26,0.925536
