GENE,ENVISION
NCOA1,0.975565
SULT4A1,0.970737
BIRC6,0.962631
EIF2AK4,0.985853
UPRT,0.901980
SPEG,0.783457
ALG13,0.782818
PHEX,0.947649
