GENE,ENVISION
TNIK,0.869045
AKT3,0.925815
USP16,0.843971
TGS1,0.822543
TUSC3,0.877936
