GENE,ENVISION
DAGLA,0.883412
TTN,0.961301
INPP5D,0.893503
DZIP3,0.765266
GALNT9,0.869401
ABCC11,1.012640
