GENE,ENVISION
HERC1,0.817507
SPHK2,0.768461
EIF2AK4,1.092210
MGST2,0.982078
STT3B,0.912220
KAT6A,0.935920
TNKS2,0.931917
