GENE,ENVISION
MAPK14,0.767506
MYO3A,0.752854
LRP1,0.860577
