GENE,ENVISION
SLC38A5,0.983310
SMG1,0.896953
PAOX,0.956386
SLC22A12,0.967408
TTN,0.977153
AS3MT,0.832268
