GENE,ENVISION
EP300,0.820237
PIGO,0.720739
