GENE,ENVISION
MARK2,1.011730
USP28,0.898459
