GENE,ENVISION
SPHK2,0.799315
MTMR14,0.921600
ACVR1,0.915543
AMPD2,0.921710
DGAT2,1.002570
ACSM2B,0.741597
USP13,0.857961
FKBP7,0.899096
CDC42BPA,0.951679
GPX7,0.548625
USP28,0.769810
MYO5B,0.938325
USP24,0.945845
CDC42BPG,0.657674
TTN,0.978581
