GENE,ENVISION
PTPRN2,0.780535
MYO3A,0.849706
PTGIS,0.938500
PASK,1.049360
PJA1,1.001460
SLC12A7,0.865183
PDK2,0.947668
TTN,0.908550
NSD1,0.823973
PTPRK,0.881398
