GENE,ENVISION
MELK,0.991819
SLC2A12,0.822519
TTN,0.982529
AZIN2,0.966864
