GENE,ENVISION
PADI1,0.835278
GBGT1,0.947241
DPAGT1,0.863341
