GENE,ENVISION
FMO2,0.775183
ABCG5,0.911210
ACSS1,1.020420
ETNPPL,0.853038
SARDH,0.863390
TTN,0.909928
SETD2,0.829856
CHST6,0.986217
