GENE,ENVISION
LGALS13,0.939466
SLC7A3,0.957443
PLA2G2D,0.922915
RDH12,0.954274
HAO1,0.900084
TRMT1L,0.973044
ST6GALNAC1,0.730309
SLC6A14,0.784337
