GENE,ENVISION
CYP2S1,1.075430
KAT6B,0.895092
PRKDC,0.878689
CPA5,0.982989
