GENE,ENVISION
KANSL3,0.882865
GALNTL5,0.819015
GAD2,0.606433
DNMT3A,0.719643
ABCC11,0.516822
NCOA3,0.764006
EIF2AK3,0.764839
FTMT,0.921215
CTDP1,0.882352
MGAT5,0.982335
COX7B2,0.759501
SLCO4A1,0.769387
HTATIP2,1.007150
SAP130,0.870232
TTN,0.824023
