GENE,ENVISION
LBR,0.827777
RPS6KC1,0.888222
BHMT,0.791075
SLC4A10,0.796190
