GENE,ENVISION
KMT2B,0.838775
HSD17B10,0.899073
NCOA3,0.936417
