GENE,ENVISION
KAT2B,0.815738
TTN,0.894641
CWC27,0.881645
PTPRN,0.795911
UGGT2,0.904355
REG3A,0.926971
