GENE,ENVISION
LRP2,0.985253
OCRL,0.580687
ACSF3,0.945171
CHD9,0.945864
WNK1,0.860337
FIG4,0.953342
SLC35A1,0.873354
B3GALTL,0.766621
SETD2,0.780888
