GENE,ENVISION
SLC3A1,0.885463
ROCK1,0.976014
UBE2O,0.783396
