GENE,ENVISION
B3GAT1,0.838501
GPT2,0.938964
PLCE1,0.901929
PXDN,0.837639
SLC22A11,0.871426
