GENE,ENVISION
PADI3,0.819411
HSPG2,0.846947
GAD1,0.836525
