GENE,ENVISION
GNPTAB,0.969711
ACPT,0.773761
GALNT14,0.941869
TIAM2,0.821891
