GENE,ENVISION
PRKAG2,0.699220
CYP2A13,0.923243
ENPP7,0.986518
UBE3A,1.018840
MGAT5,0.984805
GPX7,0.610354
ZCCHC6,0.858680
