GENE,ENVISION
FKBP10,0.836494
AASS,0.873618
WNK1,0.768284
PLCL2,0.908231
SLC25A21,0.994207
MAP3K15,0.828972
ACMSD,0.758052
