GENE,ENVISION
CTPS2,0.858410
SLC7A3,0.859511
TTN,0.863197
ALG10,1.009600
PAFAH1B3,0.917074
NOX4,0.962457
