GENE,ENVISION
MAPKAPK5,0.868622
PLIN2,0.858364
NTRK3,0.948223
