GENE,ENVISION
USP47,0.769009
PPARA,0.810650
NDST4,0.873495
SLC7A3,0.822182
PLCL1,0.758829
AKT3,0.874135
SLK,0.974279
SLC24A4,0.860577
