GENE,ENVISION
MAP4K2,0.858410
SMG1,0.795911
SLC13A1,0.919806
LPCAT4,0.948119
SARDH,0.993006
TTN,0.699473
HECW2,0.711191
ACAD10,0.831296
SIN3A,0.911049
USP34,0.880247
MAPK7,0.859466
SLC39A7,0.914947
