GENE,ENVISION
SLC5A12,0.827362
FTMT,0.951774
B4GALT7,0.982463
