GENE,ENVISION
HECTD1,0.861177
DSTYK,0.711191
UBE3C,0.791193
RBBP6,0.838635
POLE,0.918003
STK33,0.982058
HECW1,0.843373
UBR4,0.766837
TTN,0.830398
