GENE,ENVISION
INPP5F,0.912187
CYP27A1,0.855131
RHAG,0.534804
SARDH,0.991476
RDH10,0.829795
HECW1,0.977921
DGKB,0.819068
AARS2,0.803445
ST6GALNAC3,0.816185
ENGASE,0.921710
