GENE,ENVISION
PADI3,0.808183
PIM2,0.840171
TTN,0.976484
ST8SIA1,0.956876
