GENE,ENVISION
HIPK3,0.778646
TNS2,0.855038
TTN,0.867840
