GENE,ENVISION
PLCE1,0.617824
NT5DC3,0.797988
