GENE,ENVISION
CDK13,0.789525
CYP4F3,0.827069
GALNT13,0.679710
TRHDE,0.902764
TTN,0.834388
