GENE,ENVISION
MTHFD1L,1.005920
GK2,0.848089
SLC24A2,0.961970
SLC12A5,0.839912
SLC12A4,0.844409
RDH10,0.901895
TTN,0.926690
GAL3ST3,0.891371
