GENE,ENVISION
TRIM33,0.754167
SLC4A4,0.933696
PTPRN2,0.759184
PLCE1,0.822145
PKN1,1.018930
