GENE,ENVISION
AFMID,0.809004
OTUD5,0.839845
PDE3A,1.009520
NEK8,0.883163
PNPLA2,0.934945
DMGDH,0.980161
WNK3,0.974777
