GENE,ENVISION
HECTD2,0.939439
DNMT3B,1.024760
CPT1C,0.904638
PTGIS,0.895864
SGK223,1.005150
ADCY2,0.808655
PARS2,0.983437
SLC22A16,0.977007
CHPF2,0.816436
RPAP2,0.937270
PGM2,0.814173
PLA2G4C,0.916547
NOX5,0.856218
TTN,0.754690
AURKC,0.864551
SLCO2A1,0.864913
IRAK3,0.896113
DUSP22,0.935909
PTPRR,0.869546
USP25,0.829368
SSH3,0.916651
