GENE,ENVISION
MYO3A,0.934974
SLC8A2,0.869306
PI4KB,0.849017
