GENE,ENVISION
ADCY1,1.002740
PPP1R3A,0.846770
PIKFYVE,0.829566
HSPG2,0.781677
UHMK1,0.910242
NTRK2,0.822872
HIPK3,0.874758
HIPK2,1.017270
TTN,0.855108
PLA2G4F,0.940973
