GENE,ENVISION
NSD1,1.000210
HKDC1,0.876519
ZNRF2,0.794166
