GENE,ENVISION
SLC3A1,0.764762
ETNPPL,0.859561
PIGT,0.994664
TTN,0.801575
GLB1L,0.869838
LDHD,0.994024
B3GAT2,0.738796
SLCO1C1,0.853806
