GENE,ENVISION
EHMT1,0.765529
GALNT14,0.853930
FKBP10,0.787045
UGT3A2,0.854176
SLC7A11,0.770409
MAP3K11,0.889482
HELZ2,0.777057
