GENE,ENVISION
FLVCR1,0.982848
HECTD1,0.885628
ATM,0.870892
UGT2A3,0.710431
ABCA3,0.983850
STARD3,0.786557
SRPK1,0.871160
