GENE,ENVISION
ASAH2,1.022520
EPHA7,0.787101
PGS1,0.762927
CDK11A,0.970039
FRMPD2,0.911621
USP32,0.875750
PHEX,0.947649
USP25,0.854225
PAPOLB,0.925771
