GENE,ENVISION
GPAM,0.957735
ERBB4,0.928754
DPYD,0.626685
SLC24A2,1.033280
ACSM2A,0.921466
PPP2R2C,0.877704
CDK15,0.969895
AAK1,0.885163
CHPT1,0.972809
SLC43A2,0.914679
