GENE,ENVISION
SLC35D2,1.006550
GGT6,0.948869
