GENE,ENVISION
RIOK2,0.863178
SLCO3A1,0.911555
SLC9A2,0.753216
A4GNT,0.813926
METTL3,0.728437
NEK5,0.771693
