GENE,ENVISION
AMPD3,1.005540
SPEG,0.778762
MAP3K15,0.951514
PPP1R3A,0.965263
