GENE,ENVISION
MAP3K1,0.786678
PRKDC,0.885928
SLC35A2,0.822561
PRKCQ,1.056390
POLM,0.759501
CYP2U1,1.005730
