GENE,ENVISION
ASPH,0.778038
SH3RF3,0.784899
G6PC3,0.926492
