GENE,ENVISION
DUOX2,0.981027
PEAK1,0.844930
RIOK1,0.913829
SMG1,0.936145
PPP1R3A,0.973984
SLC22A7,1.009010
ATM,0.750279
PARP14,0.911349
RPS6KC1,0.871490
GPT2,0.956939
SLCO1B1,1.017070
ITPKC,0.875046
UST,0.948574
POLR3B,0.843039
MIA3,0.834218
PGS1,0.907427
KAT6B,0.830858
TRPM6,0.716130
RNF216,0.906986
LPCAT2,0.874839
SRPK2,0.860577
