GENE,ENVISION
CYP4X1,0.836878
SLC22A12,0.810148
