GENE,ENVISION
USP44,0.894832
PLK3,1.017420
HS3ST3A1,0.773505
LPIN3,0.949280
PRKDC,0.933445
