GENE,ENVISION
GDA,0.810821
MAP3K10,0.779803
STK31,0.949781
PPIL4,0.861416
SLC35A1,0.829126
ATP11A,0.776994
CHIA,0.747441
