GENE,ENVISION
LRP2,0.991229
GRK7,0.784178
PLCXD2,0.884568
NTRK2,0.794782
MYLK,0.960804
SPEG,0.976419
