GENE,ENVISION
ASH1L,0.914900
COLGALT1,0.904612
B3GALNT2,0.701873
SH3RF1,0.813227
UBE3B,0.979297
WNK3,0.931280
PIP5K1A,0.786678
RPS6KC1,0.824169
ALG5,0.755141
PKN1,1.011890
CHST2,0.771765
MTMR3,0.841376
