GENE,ENVISION
SPHK1,0.823901
SMG1,0.921501
EPHA10,0.981420
PON3,1.015150
USP38,0.948802
NOX3,0.820674
DPEP2,1.004530
MOGAT1,1.054520
UBR3,0.860577
HGD,0.769378
SETDB2,0.979734
