GENE,ENVISION
MINK1,0.911314
SLC6A7,0.714426
SH3RF3,0.904410
XPO6,0.993387
PTGIS,0.702994
SLC32A1,0.976200
UGT3A1,0.991285
ACSM2B,0.865581
NUDT12,0.882623
ROR1,0.727660
HECW2,0.854838
RNF123,0.875294
PAK2,0.711782
TTN,0.841002
