GENE,ENVISION
GGTLC1,0.920338
MARCH10,1.032200
SLC6A20,0.835095
