GENE,ENVISION
SGK223,0.909354
PARP10,0.827152
CPA5,0.861258
MAST2,0.840245
PADI2,0.814173
MARK1,0.971881
PTPRO,0.983054
TRPM6,0.959225
DCLK2,0.873283
MARCH9,0.845440
