GENE,ENVISION
PANK2,0.696082
TTN,0.850811
PRKDC,0.915509
