GENE,ENVISION
CHST8,0.977989
SLC25A15,1.085710
DNMT3A,0.858410
WNK3,0.811110
