GENE,ENVISION
TPH2,0.989718
PLOD1,0.955991
