GENE,ENVISION
MAP3K1,0.986887
PLCE1,0.935656
TTN,0.776246
SLCO2A1,0.970565
