GENE,ENVISION
PARP12,0.972026
UBE4A,0.807131
MTHFD1L,0.906379
DUSP19,0.802956
SGK3,0.817507
