GENE,ENVISION
FUK,0.912709
MYO3B,0.982059
TICRR,0.975161
PISD,0.985426
PTPRK,0.852901
INPP5J,0.863233
DUOX2,0.777267
PLCL2,0.978428
USP9X,0.841956
USP7,0.762093
AAK1,0.881349
POLR3E,0.956142
RNF144B,0.996212
TTN,0.781750
ATP2B3,0.968373
POLK,0.814754
ERN2,0.985820
LRRK1,0.856238
