GENE,ENVISION
SORD,0.934837
GMPR2,0.816484
PLCH1,0.825085
ATP11C,0.745842
ABCC11,0.830607
