GENE,ENVISION
LRP2,0.855283
PTPRU,0.769765
PPP1R3A,0.974923
MASTL,0.991945
PLCL1,0.828763
DPYS,0.651689
TTN,0.942010
MGAT4C,0.917460
AATK,0.948818
GAD1,0.861391
