GENE,ENVISION
USP16,0.776730
TNIK,0.992370
PDE4D,0.872948
