GENE,ENVISION
ZCCHC11,0.927876
TARS2,0.720434
USP48,0.820156
UBE4A,0.869177
MAN2A1,0.942382
PRKDC,0.923956
CPT1C,1.001980
CSNK1G3,0.746121
SMPD3,0.920288
LRP1,0.758780
TTN,0.591757
ZSWIM2,0.952160
CHFR,1.000370
ACOT4,0.939983
ZNF645,0.786293
