GENE,ENVISION
MTR,0.980737
GFPT1,0.970321
POMT2,0.797826
SETD5,0.776614
SSH2,0.745842
