GENE,ENVISION
ZCCHC11,0.857511
DZIP3,1.062930
MYLK4,0.914722
DUOX2,0.978988
IARS2,0.967137
MKRN3,0.926399
SSH2,0.904783
TTN,0.891510
SLC5A6,0.953807
PTPRO,0.974430
CMTR1,0.858211
ATP2B2,0.842271
