GENE,ENVISION
TPTE2,0.948344
TRPM6,0.886509
EHHADH,0.885688
GALNT11,1.015460
