GENE,ENVISION
PPP2R3B,0.955330
PLXNB3,0.992908
SLC13A2,0.992474
MKNK1,0.833225
NPC1L1,0.981011
