GENE,ENVISION
AOX1,0.985540
AOC3,0.727356
FMO1,0.929435
AURKB,0.946542
PLCB1,0.843538
PLK3,0.910089
CTSZ,0.757399
PRKDC,0.896785
SLC12A5,0.830277
ENGASE,0.821774
TTN,0.825212
ETNK1,0.820237
USP28,0.939177
GALNT5,0.790367
CHPF,0.779911
PXDN,0.979791
DMGDH,1.018920
