GENE,ENVISION
OCRL,0.843944
ALG13,0.936501
MGAT4A,0.915079
