GENE,ENVISION
ST3GAL1,0.699168
PTPN13,0.850693
UGGT2,0.847310
CAMK2D,0.914743
TTN,0.838571
HS6ST3,0.853689
SLC22A8,0.897115
