GENE,ENVISION
WNK1,0.777866
RFWD3,0.903776
FKBP10,0.769342
EPHA7,0.820924
CHIT1,0.636522
FLAD1,0.799182
AK5,0.791852
PDE3B,0.755898
POLE,0.918805
DYRK2,1.005980
TTN,0.982025
MIA3,0.823426
PTPRO,0.804272
ABCD2,1.003780
POLI,1.023820
RNF31,0.955754
