GENE,ENVISION
HERC1,0.943799
KAT2B,0.764889
RNF19A,0.848613
