GENE,ENVISION
CHST9,0.979563
PEAK1,0.810321
CHD9,0.825628
CYP27A1,0.988359
ATR,0.760102
SLC27A6,0.955191
