GENE,ENVISION
NOX1,0.865203
SLC17A6,0.923368
PLCB3,0.955095
FTMT,1.003230
ATHL1,0.971675
