GENE,ENVISION
PLK2,0.752854
NCOA6,0.996343
