GENE,ENVISION
SMURF1,0.727273
CERS4,0.857310
UBLCP1,0.869045
BRSK1,0.905026
USP29,0.937478
QTRT1,0.717439
MAN2A1,0.901104
ELOVL6,0.826942
MKRN3,0.929002
ANGPTL4,1.027650
TTN,0.903157
ABAT,0.941720
PI4K2A,0.854838
CYP2S1,0.929027
EYA1,0.952684
PTPRJ,0.775408
