GENE,ENVISION
PPP2R3A,0.961204
MAP4K1,0.927621
ACVR2B,0.724195
MYO3B,0.797961
PLCB1,0.709904
TNS2,0.967409
RPS6KC1,0.706385
B3GNT8,1.014910
MAP2K1,0.884412
MLK4,0.903694
USP13,0.869537
C1GALT1,0.991302
KAT6B,0.880412
B3GAT2,0.913978
TTN,0.861652
NMNAT3,0.974507
RNF152,0.774895
ATP6V1C2,0.964916
