GENE,ENVISION
HECTD2,0.789861
HECTD3,0.781660
SGK223,0.920427
UGT3A1,1.015450
SLCO1B1,0.812348
ACER2,0.944829
RWDD2A,0.837186
XPO7,0.787101
UBE3C,0.812159
TTN,0.832683
PJA1,0.889226
ZCCHC6,0.953312
SLC20A2,0.877208
TRAF7,1.008740
PIGW,0.974545
SRPK1,0.916575
LARS,0.860577
FUT10,0.886696
SLC2A9,0.918186
GALNT11,0.998432
SLC17A6,0.964394
AZIN2,0.948007
SLC18A3,1.016320
