GENE,ENVISION
SLC26A11,0.830043
PLCB2,0.850223
WNK1,0.939533
CYP4Z1,0.965428
HS3ST2,0.859281
TGM3,0.755206
USP47,0.881066
PRKAG2,0.690386
PKMYT1,0.999577
USP38,0.974435
SARDH,0.984600
TTN,0.864513
HAO1,0.809331
STK38,0.968013
UBR2,0.991942
LARS2,0.949026
GAD2,0.868632
DUSP27,0.830503
