GENE,ENVISION
SLC13A1,0.815835
TKTL2,0.918231
ZC3HAV1,0.870819
TTN,0.931119
EPHA10,0.832524
