GENE,ENVISION
LRP2,0.788952
PHPT1,0.903453
TNK1,0.977466
MAP3K1,0.793658
PI4KB,0.943916
INPP5F,0.726141
MYLK2,0.985862
POLE,0.854960
HSPG2,0.825922
HS3ST3A1,0.554483
MAP3K12,0.841637
USP43,0.883838
PLCL1,0.778914
MAST2,0.914799
TTN,0.854692
AACS,0.944815
HEPH,0.816924
NTRK3,0.936694
FKBP8,0.875611
