GENE,ENVISION
MAP3K2,0.831201
ABCC8,0.851199
TNIK,0.916884
ALG1L,0.994965
