GENE,ENVISION
LRP2,1.048180
RPE65,0.953189
MED1,0.860354
STK4,0.832878
HELZ2,0.992526
