GENE,ENVISION
NEK6,0.857831
LBR,1.016510
PEAK1,0.801464
TREX2,0.783788
SLC17A6,0.957801
ATM,0.775754
POLE,0.854960
BHMT2,0.701346
TTN,0.860354
MAP3K14,0.868715
GALNT6,0.973104
MTMR3,0.955859
