GENE,ENVISION
SLC12A7,0.965681
PHEX,0.842809
SLC24A2,0.720931
GALNT1,0.958104
PRKDC,0.923956
