GENE,ENVISION
STK31,0.877608
PRKCZ,1.010540
SMPD3,0.911469
GALK2,0.813317
TLK2,1.005250
