GENE,ENVISION
KMT2B,0.767348
LRP1,0.861416
PTPN13,1.008590
SLC17A7,0.991493
SLCO2A1,0.871633
MKRN1,0.856204
AK5,0.916960
SACM1L,0.961216
UBR4,0.923612
FUK,0.988148
MARK1,0.981061
