GENE,ENVISION
PPT2,0.854769
KAT6A,0.862573
