GENE,ENVISION
TRIM11,0.978129
ACPT,0.982431
DNMT3A,0.934240
TPTE2,0.998913
POMGNT1,0.973299
EZH1,0.761760
TTN,0.964863
PLB1,0.939522
