GENE,ENVISION
CYP4F3,1.024760
ATP2B2,0.718498
PGM2,0.911382
