GENE,ENVISION
CDK12,0.769878
LPPR4,0.838518
GPLD1,0.767808
AK5,0.752854
