GENE,ENVISION
UHRF1,0.755141
PLCB1,0.778566
CPT1C,0.962181
TSSK2,0.932953
B4GALNT2,0.967821
FAM65A,0.857981
DUOX1,0.882881
SLC24A2,0.796606
DAK,0.863328
TGS1,0.921951
TTN,0.773107
PAK6,0.813224
ACSL5,0.941720
UBR1,0.967828
