GENE,ENVISION
SLC9A4,0.778646
SH3RF2,0.740034
DUOX2,0.917517
MAT1A,0.952579
USP9X,0.855406
DGKB,0.821063
