GENE,ENVISION
PGAP1,0.922924
TNK2,0.588169
PKN1,0.913023
ATP1A4,0.960466
FAR2,0.824955
GALNT6,0.882416
MCCC1,0.855980
