GENE,ENVISION
MARK4,0.999556
UBR1,0.935106
SLC13A5,0.908618
