GENE,ENVISION
SLC9A4,0.986983
ST3GAL6,0.897435
MYLK,0.933209
PDE3B,0.767808
ABCA4,0.902288
TTN,0.975950
ABCD2,1.007600
DUSP27,0.746629
