GENE,ENVISION
HUWE1,0.932206
POLR1B,0.996572
SLC2A14,0.852433
BDH2,0.876316
KMT2E,0.981470
