GENE,ENVISION
LARS2,0.762629
HELZ2,0.900830
DIO2,0.871106
UHRF2,0.715277
DUSP27,0.744620
