GENE,ENVISION
MYO3A,0.933684
KMT2A,0.902713
RHCG,0.919794
BIRC6,0.933110
NUAK2,0.819657
WNK1,0.764839
PGS1,0.863482
MYLK,0.916516
PPP2R2C,0.859352
MCCC2,0.825854
SLC12A4,0.843661
TTN,0.813632
HECW2,0.762494
PRKD1,0.813209
SPEG,0.764647
NEK11,0.985924
SAP130,0.992879
