GENE,ENVISION
PCYOX1,0.989006
PIGS,0.805815
HELZ2,0.991639
AGPAT1,0.757415
