GENE,ENVISION
TTN,0.824140
UGT2A1,0.815990
