GENE,ENVISION
SSH2,0.766015
MOGAT2,0.857803
ATP11C,0.772039
MYLIP,0.967602
CYP4F8,0.932763
