GENE,ENVISION
MYO5B,0.910629
PTPN18,0.998309
LRP1,0.828430
TTN,0.930415
UBR4,0.918805
