GENE,ENVISION
RNF19A,0.932854
BARD1,0.656914
