GENE,ENVISION
RIOK2,0.882726
SLC38A1,0.976334
CYP8B1,0.925063
PCYT2,0.914894
PDE3A,0.899262
MAP3K12,0.837100
SLC25A19,0.877770
SLC26A7,0.913310
