GENE,ENVISION
TAOK1,0.748232
GAD2,0.782295
CHPF,0.909681
PARP8,0.817500
GALNT10,0.720644
CHIT1,0.820092
ST8SIA1,0.857157
NTRK3,0.963359
STK26,0.995112
TTN,0.605216
SPEG,0.905576
CHIA,0.862158
PTPRJ,0.764006
MCCC1,0.992467
