GENE,ENVISION
CAMKK2,0.859195
PAK7,0.857244
RDH13,0.975120
