GENE,ENVISION
ALG10,0.941834
HECTD1,0.838083
