GENE,ENVISION
DNMT3A,0.978627
PLD3,0.950287
MYO3B,0.825374
ATP6V0A2,0.977297
COQ6,0.865084
PTPRH,0.814356
