GENE,ENVISION
CYP3A43,1.024980
PIPOX,0.989872
AZIN2,0.995422
AMDHD1,0.816453
SHPRH,0.745842
PDE10A,0.768465
DUSP27,0.851697
