GENE,ENVISION
NCOA2,0.813156
MYO3A,0.858254
ALK,0.949567
TRHDE,0.863167
ACSF2,0.959490
MAN2A1,0.890061
MOGAT2,0.750770
TAOK2,0.905388
PTPRK,0.754599
UGP2,0.829488
ABCC11,0.847567
