GENE,ENVISION
FTMT,0.801733
FAAH2,0.844717
GAL3ST3,0.926785
USP24,0.926327
ASAH2,0.852147
CPA6,0.949309
DPYS,0.534095
MAPK6,0.781108
DAGLA,0.951903
PUS1,0.800252
TRHDE,0.816740
PLCL1,0.828218
TPH2,0.823350
GALNT12,1.007120
PIGZ,0.949228
ST6GALNAC3,0.925292
TLK1,0.907104
RBBP6,0.909548
PRRT2,0.864913
FAR1,0.993733
KAT6B,0.911597
PTPRK,0.754599
NEU1,0.971380
