GENE,ENVISION
MYO3A,0.875842
PIM2,0.719329
TSTA3,0.732006
SLC32A1,0.935233
WNK1,0.843323
CAMK2A,0.628889
ACSM2B,0.850406
HEPH,0.903385
TTN,0.816491
LPCAT1,1.073930
GALNT5,0.922248
SHPRH,0.912239
ZCCHC6,0.776416
TXNRD1,0.996745
