GENE,ENVISION
EXTL1,0.813826
USP9X,0.846134
ST8SIA4,0.826102
TTN,0.989000
GAD2,0.850443
