GENE,ENVISION
SLC38A4,0.918088
PTPRU,0.893503
CHD9,0.916767
CDC42BPG,0.976548
ABCC8,0.819388
HELZ2,0.998372
FN3K,0.861026
USP18,0.987035
