GENE,ENVISION
MARCH4,0.947344
MTHFD1L,0.934196
GRK1,0.953117
