GENE,ENVISION
PTPRN2,0.973845
LRSAM1,0.980911
DUOX1,1.021070
CDK13,0.963829
NADSYN1,0.819017
TTN,0.985039
SLC35A2,0.999845
PTPRN,0.807982
CHST6,0.979121
