GENE,ENVISION
LPIN2,0.977519
MTR,0.961090
MAST1,0.719288
TTN,0.762927
SH3RF2,0.858941
EP300,0.829493
DAPK2,0.918124
GPHN,0.886468
