GENE,ENVISION
ITK,0.702599
ERBB4,0.992850
UGT3A2,0.985239
PTPN12,0.874758
DARS2,0.947690
NOL9,1.009710
SLC26A9,0.921523
POLI,0.986608
TMLHE,0.966995
