GENE,ENVISION
KMT2C,0.777880
CYP24A1,0.946746
ST8SIA4,0.787101
ATR,1.028030
TTN,0.970341
MYBBP1A,0.893075
