GENE,ENVISION
PCYT2,0.843323
DUOX2,0.963956
PEAK1,0.921411
PPP2R3A,0.892793
PTGIS,0.959270
PIK3R5,0.731083
