GENE,ENVISION
FMO1,0.944745
DZIP3,0.990604
QTRT1,0.974415
