GENE,ENVISION
GALNT1,0.896528
RNF146,0.844951
ADCY2,0.894779
PDE1C,0.862953
BIRC6,0.950119
RAD9A,0.561279
LRP1,0.864770
PDK2,0.759782
NPC1L1,0.964767
HERC1,0.907021
PRKCZ,0.747768
CHPF,0.950157
ELP3,0.881614
GAD1,0.751929
UBR4,0.875892
