GENE,ENVISION
HUWE1,0.887024
DZIP3,0.906461
CREBBP,0.799534
