GENE,ENVISION
PPP2R3A,0.901187
USP49,0.919604
CHD9,0.900952
PRKAG2,0.690613
GPAT2,0.902941
AMFR,0.814029
GALNT6,0.884710
DHCR24,1.022180
