GENE,ENVISION
HECTD3,0.978486
PTK7,0.813133
BIRC6,0.907179
PLK2,0.861416
FTMT,0.849719
KAT2A,0.787373
DOLPP1,0.812316
HIPK2,0.777772
SLCO1B3,0.857463
SAP130,0.865306
HUWE1,0.851090
PTPN23,0.973638
NEK1,0.978346
UBE3B,0.989293
PDE7B,0.722272
TTN,1.064830
SLC6A14,0.816449
SLC38A4,0.979993
POLG2,0.907187
PLCB4,0.828220
PLCL2,0.918136
WNK4,1.004380
STK32B,0.868111
INPP5D,0.908772
GALNT13,0.755018
MGAT4C,0.911521
OXCT2,0.897682
MYO5B,0.838711
PAK7,0.858686
NPC1L1,0.766485
PXDN,0.791003
