GENE,ENVISION
DDR2,0.855969
KCNJ8,0.813802
MAN2A1,0.978150
GNPTAB,0.856306
AKT3,0.802234
TTN,0.741016
IKBKE,0.862494
TRPM6,0.947337
SLC25A13,0.843817
UBE2R2,0.893951
SLC15A4,0.986993
