GENE,ENVISION
SLC5A11,0.980108
BRAP,0.744325
LIPE,0.914876
PEAK1,0.899611
POLE,0.854225
ABCA4,0.993244
PADI2,0.766666
LPCAT3,0.909681
CDC42BPB,0.657443
PLCH1,0.956724
ACO2,0.958090
SLC25A13,0.953241
SFXN3,0.857157
