GENE,ENVISION
ABCG2,0.837268
PTPRS,0.907199
SLC36A2,0.785964
SLC23A2,0.758111
PTPRN,0.809061
SHPRH,0.803460
HAS2,0.991699
