GENE,ENVISION
IRAK3,0.901809
WNK3,0.977301
AGXT2,0.974318
