GENE,ENVISION
ATP1A4,0.915309
ROCK1,0.977143
NEDD4L,0.803015
CHPT1,0.947789
MOGAT3,0.915517
AWAT2,0.822763
