GENE,ENVISION
SPEG,0.776919
ACOT13,0.945894
MGAT5,0.860577
