GENE,ENVISION
COLGALT1,0.720931
DERA,0.938196
SLC26A6,0.790918
