GENE,ENVISION
ALG1L,0.901276
SETDB1,0.773873
TUSC3,0.976387
