GENE,ENVISION
HAO1,0.958757
MARK1,0.977558
MAP3K5,0.994792
