GENE,ENVISION
SLC4A10,0.970368
IARS2,0.945552
TGM3,0.610292
PLCB1,0.786723
ATP1A4,0.964696
AGPAT3,0.953096
ACSBG1,1.006790
POLN,0.864913
DYRK1B,1.011010
