GENE,ENVISION
ALG5,0.961044
NDST4,0.918634
TTN,0.864262
ROR2,0.987917
