GENE,ENVISION
POLE,0.810953
COQ6,1.010320
PSKH2,0.955461
PON3,0.949357
