GENE,ENVISION
KAT8,0.621606
ASH1L,0.916772
PLCB4,0.782862
SLC2A7,0.957486
PLA2G12A,0.839207
RNF180,0.873547
SARDH,0.787373
HELZ2,0.941447
NSD1,0.790098
