GENE,ENVISION
RIOK2,0.791187
KMT2B,0.868110
ZCCHC11,0.901632
NCOA6,0.840537
ADCY2,0.868443
GNPTAB,1.016910
RPS6KC1,0.862879
UBE4A,0.832867
CAMK2B,0.712452
HERC1,0.862359
SLC4A4,0.913662
SDR42E1,1.021290
EZH2,0.987454
MAP4K1,0.957084
MAPK7,0.902764
STK38,0.747939
TRIM63,0.857856
USP22,0.758153
USP37,0.821001
