GENE,ENVISION
PDE1C,0.709799
DUSP7,0.758494
STK17A,0.940475
KAT6A,0.816330
DUSP27,0.956999
