GENE,ENVISION
ADCY4,0.921039
DAGLA,0.786373
HUWE1,0.848720
HS3ST3A1,0.674080
RIPK1,0.850322
FGGY,0.897527
NEU4,0.979216
HS3ST3B1,0.854365
