GENE,ENVISION
SETD1B,0.947529
SLC36A1,0.890897
DPYSL3,0.862469
CYP2U1,0.856228
