GENE,ENVISION
ASAH2,0.789083
GALNT10,0.847794
PTPN13,0.981482
EIF2AK3,0.924273
CDK17,0.766123
CAMK2B,0.841865
SLC22A9,0.854852
SMPD3,0.944608
SLC4A8,0.830046
USP31,0.857157
ST6GALNAC6,0.771668
B3GAT2,0.799629
XYLT1,0.894963
ABCD2,0.950815
SLC17A6,0.967355
