GENE,ENVISION
ACO2,0.873557
UBR4,0.922270
