GENE,ENVISION
CA5B,0.793980
SETD2,0.950913
SSH3,0.869483
SLC25A11,0.939518
BRAP,1.009910
