GENE,ENVISION
DUOX2,0.833162
RNF146,0.978250
GALNT7,0.839016
ADCY10,0.902980
BIRC6,0.753058
LRP1,0.918156
SLC13A4,0.832722
SLC4A5,0.978908
SAE1,0.948858
CDK19,0.827881
SMARCD3,0.815582
CREBBP,0.854311
ZSWIM2,0.915901
SLC18A2,1.015520
SLC26A8,0.926930
KAT6B,0.862641
SETD2,0.751866
SAP130,0.789861
SLC39A7,0.892045
