GENE,ENVISION
PDE1C,0.717905
SLC30A7,0.935966
PANK2,1.018250
SLC22A18,0.938994
TOPORS,0.816753
