GENE,ENVISION
HS3ST3A1,0.823530
MARS2,0.936437
