GENE,ENVISION
EPHA7,0.802521
RPS6KA2,0.992993
CHIA,0.837012
SEC11C,1.031090
DPEP2,0.921473
