GENE,ENVISION
SLC24A4,0.752854
MST1R,0.958383
TTN,0.978836
CHST6,0.813122
