GENE,ENVISION
DHODH,0.817746
KAT2A,0.885264
ATP1A4,0.548754
TTN,0.778646
HELZ2,0.933210
SPEG,0.952022
SLC27A6,0.941569
