GENE,ENVISION
AMPD3,0.566088
ALG6,0.874860
PLCE1,0.848454
DMGDH,0.851599
HECW2,0.820964
GALNT5,0.998374
ACOT4,0.844223
PRKD2,0.839131
BCO1,1.014880
