GENE,ENVISION
SLC9A5,0.992474
HECTD1,1.017520
USP48,0.917437
