GENE,ENVISION
RPS6KA1,0.968509
SLC14A2,0.766110
ATM,0.920710
TPH2,0.854838
TTN,0.687440
TRMT1,0.941476
