GENE,ENVISION
SLC25A21,0.811409
GK2,0.856204
DPYSL2,0.807332
