GENE,ENVISION
SLC6A20,0.820723
FUT10,0.849706
FAM65A,0.871503
MTR,0.954571
UBE3A,0.859328
ABHD12,0.934862
PSKH2,0.886666
CYP4F8,1.012480
ACOX2,0.937152
PTPN21,0.855516
CYP39A1,1.013290
ATP6V0A2,0.888619
pk,0.960103
SLC4A9,0.953754
NEK11,0.841236
