GENE,ENVISION
TST,0.770452
SLC5A11,0.982404
AQP10,0.820631
