GENE,ENVISION
SLC20A1,0.981350
DZIP3,0.758177
PTPN13,1.010640
CERK,0.776692
PPAPDC1A,0.855406
PHKB,0.958064
TIAM2,1.002520
LPPR4,1.017280
FUT9,0.745842
MERTK,0.941477
SLC27A6,0.866815
PXDN,0.878431
MAPK11,0.838152
