GENE,ENVISION
NAGPA,0.918805
GNPTAB,0.860713
BIRC6,0.988182
SLC32A1,0.995186
ATM,0.923198
PLCE1,0.907742
USP49,0.989344
LPIN3,0.954157
XPO6,0.908812
CDK13,0.869605
MAP3K4,0.937866
TTN,0.984761
ZNF645,0.859328
AQP10,1.016050
HUWE1,0.863407
MAST1,0.972011
PADI3,0.822295
ATP2B3,0.860577
STK17A,0.855075
ACOX1,0.987133
AK7,0.972485
HERC3,0.965122
AGPAT3,0.923482
MINPP1,0.838396
