GENE,ENVISION
SLC28A3,0.993282
PTK2,0.894320
SLC26A11,0.971841
