GENE,ENVISION
NTAN1,0.916243
PNPT1,0.869351
NME7,0.912927
