GENE,ENVISION
SETD2,0.834306
GLT8D2,0.934725
