GENE,ENVISION
PIGC,0.750770
PRKCE,0.851531
PNPLA8,0.914271
