GENE,ENVISION
PTPRU,0.782980
SLC8B1,0.801621
NUAK2,0.855241
OGDH,0.803015
STK31,0.902163
POLE,0.795911
PDE4C,0.753821
