GENE,ENVISION
TCIRG1,1.003370
LRP1,0.905309
BRSK2,1.010970
PUS1,0.847490
PLCB1,0.780930
ATM,0.955125
PLCL2,0.931704
DPYS,0.905828
MKRN3,0.944027
HECW2,0.856204
SLC5A7,0.999233
ADSSL1,0.825523
EP300,0.731846
