GENE,ENVISION
B4GALNT4,0.855075
TNK2,0.933056
HUWE1,0.969177
USP40,0.935755
GLRX2,0.878330
PTPRK,0.885300
