GENE,ENVISION
SLC10A1,0.964093
PTPRS,0.869662
CHD9,0.881827
SLC25A37,0.734078
NDUFA9,0.820205
MAP3K11,0.881181
TNIK,0.828819
ADCY10,0.984039
USP25,0.777772
PTPRK,0.820237
PDE10A,0.852964
