GENE,ENVISION
PLCB4,0.854364
DDR2,0.991541
SLC28A3,0.961918
HSPG2,0.805356
NADSYN1,0.836271
PTPN13,0.973264
ABCC8,0.964270
SLC27A5,0.818870
