GENE,ENVISION
TCIRG1,0.842190
APOA5,0.906853
CA9,0.782975
NT5C1B,0.938704
CHST6,0.991362
