GENE,ENVISION
NCOA6,0.837960
RNF216,0.926625
PARP8,0.896191
TTN,0.982744
ERBB4,0.823688
