GENE,ENVISION
UBE3B,0.872652
ACSL6,0.856911
NPC1L1,0.783160
FAM65A,0.777057
NEK9,0.992597
