GENE,ENVISION
SPHK2,0.911709
GALNT13,0.898574
PPP1R3A,0.797692
ACSF2,0.960115
MKRN3,0.743173
PDZD4,0.962885
TTN,0.778646
PINK1,0.906851
PAK6,0.862110
