GENE,ENVISION
LRP2,0.767808
SLC22A16,0.824535
SLC7A5,0.993352
SLC2A13,0.826506
MARK4,0.721974
NAGK,0.862366
