GENE,ENVISION
CDK13,0.904707
A4GNT,0.932364
CES5A,0.971977
TTN,0.825925
TNS2,0.823731
SLC18A2,0.831340
PDE11A,0.860577
ALG13,0.948857
