GENE,ENVISION
NCOA3,0.902084
LPIN2,0.861848
HELZ2,0.973057
