GENE,ENVISION
RPS6KA1,0.778044
PTDSS2,0.863256
NAGS,0.957194
UBE2R2,1.014520
PRKDC,0.919346
MYO5B,0.926956
