GENE,ENVISION
ADCY4,0.812747
PPP1R3A,0.885145
CAMK2B,0.998292
PDE3B,0.915807
USP9X,0.862933
PI4K2A,0.873283
