GENE,ENVISION
SLCO3A1,0.997466
TRHDE,0.784827
HSPG2,0.840034
MAP3K5,0.779836
MGAT4B,0.892808
NSD1,0.743852
MYBBP1A,0.853450
