GENE,ENVISION
UBE3C,0.964443
FLAD1,0.823801
TBCB,0.965901
ACSF3,0.998326
