GENE,ENVISION
MTMR7,0.971410
BIRC6,0.818191
WNK3,0.921183
PUS1,0.731503
