GENE,ENVISION
SLC22A4,0.848335
PON3,1.014410
