GENE,ENVISION
CYP4F22,0.896322
PTPN21,0.776659
PLCB4,0.802521
SLC10A6,0.938461
ERBB4,0.720530
LRRK1,0.832326
ENPP6,0.803445
MST1R,0.936640
SLC6A14,0.811481
GDA,0.888318
PTK2B,1.004970
PIGT,0.946987
TTN,1.042270
ACSBG2,0.928640
NMNAT1,0.846546
GPHN,0.762152
