GENE,ENVISION
POLE,0.985239
SLC26A11,0.957934
TRHDE,0.857831
