GENE,ENVISION
CYP1B1,0.636894
SLC17A4,0.833939
IP6K3,0.889411
PTPRK,0.929897
MAP2K1,0.928838
STK31,0.853285
TIAM2,0.863510
UGGT2,0.991954
USP34,0.838801
CREBBP,0.783952
