GENE,ENVISION
ACPT,0.932508
UBE4A,0.867689
DUOX2,0.868622
SLC17A1,0.976438
PRKCD,0.997423
PIK3R5,0.770409
PPIP5K1,0.976432
TTN,0.912981
NSD1,0.908006
GAL3ST4,0.803445
