GENE,ENVISION
GRHL1,0.869351
KMT2E,0.912633
RDH5,0.791731
XYLT1,0.934867
TTN,0.771765
WDYHV1,0.923043
