GENE,ENVISION
CSNK1A1L,0.941233
PARP8,0.843109
TTN,0.705167
PIGO,0.993292
