GENE,ENVISION
SLC18A3,0.894027
PLXNB3,0.985077
ACSF2,1.020160
SETD2,0.893889
SMG1,0.890582
