GENE,ENVISION
LRP2,0.835540
TNK2,0.739322
ALK,0.973779
GMPPA,0.896799
KMT2C,0.889920
TTN,0.704174
HEPH,0.755898
AICDA,0.909706
TICRR,0.854355
