GENE,ENVISION
ENTPD4,0.972351
AGK,0.813519
SLC23A2,0.740871
MAPK6,0.989514
TTN,0.939789
SLC5A9,0.808304
PDE4B,0.605045
BSCL2,0.961456
