GENE,ENVISION
DDR2,0.857733
PLCE1,0.860091
GPAM,0.964601
ACSL6,0.969827
NCOA3,0.834221
