GENE,ENVISION
HERC1,0.833729
HLTF,0.971958
ATP11A,0.861535
LRSAM1,0.902961
USP20,0.914456
