GENE,ENVISION
ACSBG1,0.865297
GDPD2,0.935013
MAP4K3,0.950014
USP49,0.984461
SLC8B1,0.720434
TREX2,0.979790
SLC2A13,0.988591
EIF2AK4,0.915728
NDUFA9,0.759805
NOX4,0.918146
TTN,0.835352
SMYD3,0.914437
NNT,0.842570
TOPORS,0.900777
