GENE,ENVISION
PGAP1,0.901621
FLVCR1,1.011100
ABCG5,0.988155
PARP4,0.853259
CMPK2,1.035270
PKN2,0.869232
HAS1,0.890934
A4GALT,0.932722
SETDB1,0.840149
USP20,0.921929
