GENE,ENVISION
SLC15A2,0.923951
PNPLA7,0.872349
