GENE,ENVISION
HMGCS1,0.991819
PTPRS,0.719785
NCOA6,0.797250
HKDC1,0.923718
MYLK,0.991632
ATP6V1C2,0.930360
