GENE,ENVISION
USP3,0.850902
ATP6V1G3,0.821019
