GENE,ENVISION
ATP6V0B,0.976799
TBK1,1.057380
SLC14A1,1.028240
CDK13,0.732266
TTN,0.812233
NMNAT1,0.991989
MAP3K15,0.580453
