GENE,ENVISION
MYO3A,0.906980
HUWE1,0.858110
SSU72,0.901761
PIN1,0.867421
SLC25A13,1.023070
LGSN,0.974862
CDK12,0.825523
TKTL2,0.953734
NDST4,0.817328
TTN,0.680377
AARS2,0.866130
TNKS2,0.936407
ART4,0.750145
SLCO2A1,0.957740
UAP1L1,0.811075
HELZ2,0.877562
LRP1,0.878152
SLC17A8,0.832266
TLK2,0.945845
MOGS,0.958509
EIF2AK4,0.941223
KL,0.980620
MAP3K11,0.875077
FAR2,0.918690
