GENE,ENVISION
MAP3K9,0.838304
DPH5,0.843197
ADCY2,0.799061
PIGQ,0.914104
UGT3A1,0.878762
RBBP6,0.820522
GDA,0.999541
NOX5,0.937748
TTN,0.784113
PRKCQ,0.896535
ACOT12,0.937296
ELP3,0.873283
PHKG1,0.992496
REG3A,0.928963
