GENE,ENVISION
PKN1,0.954639
SLC20A1,0.964866
SLC12A1,0.705259
