GENE,ENVISION
SLC27A4,0.963700
PTPN18,0.916905
