GENE,ENVISION
SLC6A3,0.822511
NCOA3,0.818064
PTPN18,0.794558
ACVR1,0.832888
NAAA,0.820351
NEK1,0.774024
P4HA3,0.858761
GRK1,0.638470
AGPAT6,0.887162
PLCB3,0.624326
MGAT5B,0.786678
TTN,0.979556
KAT6A,0.928292
HECW1,0.807296
