GENE,ENVISION
MYO3A,0.937092
LRRK1,0.856592
TPTE2,1.018180
CDK16,0.942932
TTN,0.866711
UBR1,0.969434
PDK4,0.879555
