GENE,ENVISION
CMAS,0.969577
ASH1L,0.919717
PIK3C3,0.832173
SMG1,0.936263
USP48,0.817254
KMT2E,0.779336
BARD1,0.907804
PARP4,0.900945
HERC1,0.972652
SLC13A4,0.981776
TSSK1B,1.006640
SLC4A8,0.858986
NUDT12,0.776904
PAN2,0.830323
TNIK,0.899240
ACE2,0.971246
TTN,0.826756
ITPKC,0.764973
PDF,0.859303
COASY,0.983732
SUV420H1,0.810881
