GENE,ENVISION
B4GALNT4,0.978260
SLC12A7,0.951179
RFWD2,0.865227
TTN,0.900748
USP29,0.760174
