GENE,ENVISION
COLGALT2,0.719329
SLC4A10,0.804354
PTPN21,0.944290
CYB5R1,0.816453
PTPN23,0.832891
USP51,0.977916
POLR1B,0.920908
MARK1,0.893503
TTN,0.797905
