GENE,ENVISION
ABCG2,0.956184
SGK223,0.958763
ENPP2,0.990672
MASTL,0.968927
TTN,0.871895
ACE2,0.861278
ECHDC2,1.005920
