GENE,ENVISION
ADCY1,1.025130
SLC26A6,0.981582
