GENE,ENVISION
HSPG2,0.907148
HECW1,0.801787
SULT4A1,0.831790
