GENE,ENVISION
TNK1,0.894779
PKN2,0.982899
OTUD5,0.976375
ATM,0.791968
PIK3R5,0.889960
TTN,0.896395
ATP1B4,0.888775
GAD2,0.918299
