GENE,ENVISION
BIRC6,0.854912
HS3ST2,0.767381
