GENE,ENVISION
SLC30A6,0.861535
CBLL1,0.919878
SIRT6,0.958362
