GENE,ENVISION
SPHK2,0.777880
AGPAT3,0.869820
TTN,0.958383
PRKD2,0.955717
