GENE,ENVISION
MST1R,0.935282
GUCY1A3,1.002560
ATP1A4,0.676164
TTN,0.762629
WWOX,0.905984
PDE11A,1.004580
ABCD2,0.963379
UBR4,0.918555
