GENE,ENVISION
MOXD1,0.866711
PARP4,0.979276
USP24,0.900102
