GENE,ENVISION
SLC9A4,0.849706
PLD1,0.974773
GBE1,0.832490
ATP11C,0.980084
PNPO,0.901630
DMGDH,0.953772
