GENE,ENVISION
USP33,0.711191
LRRK1,0.902407
PLCE1,0.873117
TTN,0.798241
SETD2,0.846357
PTPRH,0.951777
