GENE,ENVISION
TCIRG1,0.858456
DUSP18,0.844106
CBLL1,0.860942
CNDP1,0.613768
