GENE,ENVISION
STK32C,0.766044
SLC4A10,0.810555
ATM,0.746505
EPHA7,0.850983
RPS6KC1,0.929970
LPCAT4,0.937602
CYP24A1,1.017030
KAT6B,0.729179
USP33,0.821349
GAL3ST4,0.751708
