GENE,ENVISION
NSD1,0.838201
PLA2G15,0.782862
OCRL,0.658483
NNT,0.900419
