GENE,ENVISION
CDK12,0.972473
LRSAM1,0.945827
