GENE,ENVISION
SETD5,0.951679
CYP4A11,0.948906
NAGK,0.853806
ST6GALNAC1,1.025010
PPP2R2B,0.756675
