GENE,ENVISION
NUDT12,0.765392
STK33,0.873385
TYRO3,0.916284
