GENE,ENVISION
ADCY1,0.918905
NDUFB9,0.857520
CTDSPL2,0.971157
SUCLA2,0.855398
ATHL1,0.972805
PAFAH1B3,0.927076
TTN,0.856204
