GENE,ENVISION
ERBB4,0.976442
HAGH,1.057520
SLC32A1,0.856152
LATS2,0.846557
SLC4A7,0.790263
MARK1,0.766110
PPARA,0.730487
GLT6D1,0.916204
TTN,0.885197
