GENE,ENVISION
DDR2,0.941993
MTHFD1L,0.775967
UBR4,0.999244
