GENE,ENVISION
DPYS,0.894351
PSKH2,0.891488
PAK2,0.969703
