GENE,ENVISION
CYP4F22,0.997907
CLYBL,0.972319
QPCT,0.979634
TTN,0.825675
SLC5A7,0.815072
ACY3,1.017920
