GENE,ENVISION
MYO3B,0.884568
AADAT,0.687009
PPP1R1B,0.991686
TRHDE,0.835217
TRIM33,0.823419
CROT,0.838710
SLC2A14,0.999717
HIPK1,0.769591
KAT2A,0.889153
MAST2,0.977432
PTPN21,0.816717
MGAT5B,1.032090
TTN,0.637965
HELZ2,0.988355
CHIA,0.980729
NPC1L1,0.868911
CREBBP,0.596485
DMGDH,0.959099
