GENE,ENVISION
SLC6A3,0.845270
MYO3A,0.826196
PTK6,0.837519
CROT,0.910672
USP7,0.857299
RIPK3,0.975919
PLCE1,0.959765
USP26,0.991524
LRRK1,0.803720
PLOD1,0.965679
TNNI3K,0.767635
DUSP4,0.922118
ACSS1,0.914659
SULT2A1,0.928420
SLC13A2,0.979853
HEPH,0.926189
NAGK,0.959314
PTPRR,0.855083
ADCY1,1.039498
FUT5,0.853922
REG3A,0.939652
PTPRJ,0.855098
