GENE,ENVISION
PFKFB3,0.977567
NTRK3,0.915845
HECW1,0.853689
STK36,0.924649
PLB1,0.759026
GAL3ST1,0.959914
DUSP22,1.000740
MAPK7,0.864094
PXDN,0.795417
RNF31,0.972928
