GENE,ENVISION
OGDH,0.769009
ST3GAL6,0.790847
WNK2,0.983781
ITPKC,0.917624
USP32,0.836618
TTN,1.005920
PGS1,0.771765
MCEE,0.804382
MTMR2,0.816651
