GENE,ENVISION
SLC10A1,0.998219
CDK12,0.978601
CDKL2,1.004290
CAMKK1,0.939082
HLTF,0.979697
DGKD,1.020180
RNF31,0.816655
