GENE,ENVISION
EXT2,0.962095
UHRF1,0.952144
