GENE,ENVISION
PSAT1,0.933256
CHST12,1.001000
PTS,0.942217
RNF20,0.829010
MAT1A,0.737520
