GENE,ENVISION
ACE2,0.834807
SPRYD3,0.770642
CDC14A,0.819189
