GENE,ENVISION
HACE1,0.912748
LPIN2,0.978083
DDR2,0.792018
WNK4,0.970820
CES5A,0.976517
UBR2,0.973689
