GENE,ENVISION
GSTA5,0.903719
GPLD1,0.916191
EXT1,0.947464
USP20,0.767072
