GENE,ENVISION
DGKZ,0.930136
KMT2A,0.983194
ERBB4,0.598902
ULK4,0.795007
USP9X,0.875892
LPPR4,0.986185
SLC47A1,0.829743
RNF123,0.944183
