GENE,ENVISION
CDK13,0.827856
PPP2R2C,0.778381
