GENE,ENVISION
MAP3K10,0.946872
SLC34A1,1.026440
HIPK2,0.807438
MAN1C1,0.833064
SLC5A11,0.860767
RNF216,0.974840
DPEP2,0.788678
TTN,0.797463
