GENE,ENVISION
LRP2,0.819442
SIRT3,0.926485
TGM3,0.885506
CHSY3,0.814173
HECW1,0.983447
NSD1,0.921908
