GENE,ENVISION
LRP2,0.780225
KMT2C,0.851697
SLC12A6,0.846097
ROR2,0.977904
