GENE,ENVISION
IRAK3,1.024700
MTRR,0.982071
HS6ST2,0.662239
USP21,0.855848
DUSP27,0.991632
