GENE,ENVISION
ACVR2B,1.010580
SGK223,0.885847
INPP5F,0.929985
ACSS3,0.998968
PDE3A,0.946507
CLC,0.991069
PHLPP2,0.949478
