GENE,ENVISION
B4GALNT4,0.916842
MYO3B,0.983447
ACSF2,1.018600
RNF182,0.891780
MBOAT2,1.007300
TTN,0.924333
COQ6,0.970320
