GENE,ENVISION
TPTE2,0.919437
MAP4K3,0.533898
AMN,0.813928
