GENE,ENVISION
USP30,0.916058
LBR,0.713148
GCDH,1.006660
COQ3,0.941086
