GENE,ENVISION
DGKZ,0.985429
PLA2G4F,0.958070
USP15,0.887162
CDC42BPA,0.741520
SMYD3,0.813133
