GENE,ENVISION
PLXNB3,0.878200
USP47,0.818125
PRPF4B,0.763152
NEDD4L,0.908856
MAPK7,0.981812
MACROD1,0.847985
IRAK3,0.935910
STK39,0.896528
SLC22A8,0.748797
NEK11,0.906770
