GENE,ENVISION
DUSP15,0.917791
USP32,0.917130
TRMT1,0.909662
MTMR3,0.971635
TECRL,0.959493
