GENE,ENVISION
CERCAM,0.783653
AOC3,0.984853
TTN,0.845780
SGK223,0.955634
FTMT,0.979631
