GENE,ENVISION
HEPH,0.856170
NUAK2,0.941344
PNPLA8,1.024980
ENGASE,0.915771
