GENE,ENVISION
CERS6,0.779977
CDK10,0.869306
SLC7A5,0.963934
TTN,0.987755
SLC35A2,0.920165
SLC22A9,0.810908
PLA2G4D,1.022180
