GENE,ENVISION
KMT2B,0.837512
CHPF2,1.001250
SLC26A7,0.761318
AATK,0.887991
EP300,0.763184
CHST5,0.859088
