GENE,ENVISION
USP31,0.743605
FLAD1,0.767808
TXNRD1,0.775158
