GENE,ENVISION
EP300,0.765630
SLC10A2,0.944670
SLC41A2,0.953552
CYB5R2,0.880341
ACO2,0.874625
GNPTAB,1.028550
UBE3C,0.860622
PNPT1,0.940475
RPS6KC1,0.908165
NDST4,0.794153
SLC7A10,0.866182
FKBP5,0.860337
SLC5A11,0.882570
SLC23A2,0.836893
MARK1,0.766082
PLA2G4D,0.975046
PDE6H,0.876537
SLCO1C1,0.986247
TTN,0.723762
