GENE,ENVISION
PTPRS,0.766123
DZIP3,0.983940
CHD9,0.940280
XYLT2,0.801169
DUOX2,0.900065
PLCL2,0.966041
MYLK,0.903991
UEVLD,1.016300
CYP26B1,0.920009
PIN4,0.798241
TTN,0.858448
USP29,0.787240
EIF2AK4,0.767475
USP33,0.881000
NOX4,0.803819
