GENE,ENVISION
NCOA3,0.769387
PI4KB,0.727288
UBE2J2,0.899806
DPYD,0.886783
EPHA7,0.795369
EIF2AK3,0.600651
GK2,0.868167
TRHDE,0.791852
SLC22A10,0.978557
KL,0.980467
UROC1,1.009660
SLC6A19,0.944569
SACM1L,1.005640
PI4K2A,0.904192
MTPAP,0.874334
ST6GALNAC3,0.989657
SLC24A4,0.760426
GAD2,0.778238
DUSP27,0.823145
