GENE,ENVISION
HMGCS1,0.981936
PPP1R1B,0.818912
SLC6A7,0.901551
DDR2,1.010440
ACSS2,1.020180
RPE,1.020260
SUV420H1,0.775181
