GENE,ENVISION
LPIN2,0.788138
CROT,0.916284
SHPRH,0.997624
PI4KB,1.013480
