GENE,ENVISION
AANAT,0.976239
SETD2,0.768763
TTN,0.831476
