GENE,ENVISION
UBLCP1,0.911076
KMT2E,0.772192
GPAT2,0.825700
TTN,0.857157
DGKB,0.974111
HEPH,0.860663
SETDB1,0.979704
MCCC1,0.984881
UBR4,0.877133
