GENE,ENVISION
ATP6V0A1,0.792519
IARS2,0.744845
CDKL3,0.970971
ALK,0.768108
RPS6KA6,0.736876
AACS,0.889240
GUCY1A3,0.914202
AK5,0.816717
ALG10,1.020190
TNIK,0.921501
MAP3K9,0.773942
TTN,0.860577
ZSWIM2,0.960816
LPCAT1,0.954605
DGKB,0.939170
HERC4,0.802058
TMLHE,0.897771
SRPK1,0.910282
PRKD1,0.778207
PXDN,0.915774
SGMS2,0.745842
