GENE,ENVISION
KARS,0.891742
SLC6A19,0.832861
POLG2,0.633208
TICRR,0.809019
A4GALT,0.912013
