GENE,ENVISION
ITPK1,0.949831
HKDC1,0.772755
SLC22A12,0.859019
NUDT11,0.956834
GGT6,0.995998
TTN,0.906183
USP25,0.826680
AASDH,0.822074
AKR1C1,0.776077
