GENE,ENVISION
LRP1,0.814173
STK31,0.807982
ATP1A4,0.865306
SETDB1,0.823419
PADI2,0.930938
RNF31,0.943459
