GENE,ENVISION
ITPK1,0.796815
PUS1,0.985159
KYNU,0.880997
DZIP3,0.747187
TSTA3,0.822217
NARS2,0.890332
MYLK,0.832169
CAMKK2,0.935641
GUCY1A3,0.772391
ATP1A4,0.710155
ATR,1.054150
TTN,0.657699
SLK,1.020180
SPEG,0.875198
PAK7,0.986026
AKR1C1,0.911540
DGKD,0.911165
ADHFE1,0.817030
