GENE,ENVISION
AADAT,0.921716
SLC7A8,1.016250
HSPG2,0.770409
MTMR2,0.854838
PLCH1,0.973756
ATP6V1G3,0.984523
MOGAT1,1.045010
USP26,0.925989
PDE10A,0.978839
MCCC1,1.020660
