GENE,ENVISION
RPE65,0.964511
PTK2B,1.016250
ATP1A4,0.874500
PPIL4,0.996394
TTN,0.818464
