GENE,ENVISION
HS3ST4,0.856204
CDKL3,0.903469
TGS1,0.913041
ABCC8,0.918687
TTN,1.016790
UBR3,0.995852
