GENE,ENVISION
DUOX2,0.978827
SLC5A5,0.979046
