GENE,ENVISION
FITM2,0.974671
PPM1M,0.973459
VARS2,0.777860
ETNK2,0.777138
MGAT4B,0.892169
UBR3,0.755919
PTPRK,0.907958
SETDB1,0.912148
