GENE,ENVISION
SLC6A13,0.907377
ABCG5,1.011310
PON3,0.965410
