GENE,ENVISION
PANK1,0.960305
QTRTD1,0.769342
ENTPD4,0.843770
SETMAR,0.952670
RGL1,0.778124
MYLK,1.009290
ACSM2B,0.746994
ACSM2A,0.747407
NAPRT,0.984420
USP32,0.848673
STK17A,0.802585
