GENE,ENVISION
PSAT1,0.930083
NUDT9,0.965994
MAP3K1,0.835084
WNK2,0.981706
WNK3,0.847878
