GENE,ENVISION
HECTD3,0.869232
PRKDC,0.780274
FPGS,0.862516
ABCA3,0.991036
DGKB,0.812201
UBR7,0.773907
