GENE,ENVISION
KAT6B,0.785658
KMT2A,0.915687
ADCY2,0.862679
