GENE,ENVISION
USP26,0.978583
HUWE1,0.837512
ACSM2B,0.979499
