GENE,ENVISION
B3GALT1,0.881093
DPYD,0.650113
RGL1,0.920688
PEAK1,0.969205
TXN2,0.974088
LPPR5,0.882519
PIGS,0.914312
ZSWIM2,0.975162
DYRK1B,1.007300
TAOK3,0.839291
