GENE,ENVISION
EHMT1,0.832673
CAMK1D,0.538025
VKORC1,0.932603
PDE3A,0.860623
PKN2,0.825523
PRKCE,0.803396
YARS2,0.769650
HIPK1,0.847794
FRMPD2,0.919910
PTPRH,0.919998
PTPRK,0.766837
GALNT3,0.807296
