GENE,ENVISION
NPC1L1,0.803979
TAOK3,0.772440
