GENE,ENVISION
HSPG2,0.831444
SLC13A4,0.930475
MYLK3,0.953644
MAP3K15,0.924184
IP6K3,0.980588
DUSP2,0.905882
