GENE,ENVISION
AOX1,0.816179
MAN2C1,0.821558
UHRF1,0.874758
PAN2,0.718498
SLC36A4,0.879927
SLC24A3,0.830805
G6PC2,0.881470
TTN,0.963490
SLC18A2,1.008390
DYRK1A,0.859166
ATP6V0D2,0.974885
HLTF,0.790332
PIM2,0.986983
SLC22A9,0.919608
CREBBP,0.850725
CDC42BPA,0.906785
