GENE,ENVISION
SLC4A10,0.852650
QTRTD1,0.849706
UBE4A,0.893096
PDIA5,0.991036
FKBP14,0.804014
NOX4,0.884711
IRAK3,0.837506
USP30,0.843373
PTPRN,0.908203
AQP10,0.864489
SLCO1C1,0.944108
