GENE,ENVISION
TICRR,0.849632
ENPP6,0.978593
PLCZ1,0.993970
NDUFA13,0.797811
USP10,0.918249
PASK,0.925069
TNIK,0.802521
RRM2B,1.015460
TTN,0.913990
LPCAT1,1.018810
SLC6A13,0.974344
SLC26A9,0.904757
TRPM6,0.991730
AGXT2,1.014490
ROR2,0.986935
ABCC11,0.844929
