GENE,ENVISION
EHMT1,0.931180
SLC25A28,0.883884
TTN,0.987503
TBCB,0.958860
