GENE,ENVISION
CYP4F11,0.977057
LRP1,0.745842
NT5C1B,0.982735
SIN3A,0.769765
HECW1,0.918805
