GENE,ENVISION
LRP2,0.924267
NEDD4L,0.822749
ERBB4,0.973949
