GENE,ENVISION
SLC27A5,0.816696
SLC12A5,0.944061
TRPM7,0.719643
WARS2,0.912487
