GENE,ENVISION
pk,0.951759
SH3RF2,0.979190
