GENE,ENVISION
ERBB4,1.002270
RPE65,0.553582
MAP3K15,0.655595
NDST4,0.895592
USP40,0.910647
PPAPDC1A,0.869045
KL,1.023560
STK3,0.781186
MYLIP,0.847697
TTN,0.649832
PDE11A,0.839152
PAK7,0.621482
DUSP22,0.857831
HECW1,0.915499
