GENE,ENVISION
UBE3B,0.861373
DOT1L,0.867975
ATP2B2,0.802521
UGGT2,0.873912
CTPS2,0.845165
