GENE,ENVISION
BRSK1,0.718498
SIRT5,0.850473
MST1R,0.890376
SLC24A2,0.925690
P4HA3,0.791852
TTN,0.971477
MASTL,0.939193
