GENE,ENVISION
USP10,0.876519
TIAM2,0.634341
TTN,0.719288
