GENE,ENVISION
USP17L2,0.772274
DHCR7,0.921155
MLKL,0.873273
SLC4A8,0.899862
NCOA2,0.867355
PRPF19,0.934280
UBE3C,0.833131
MARK4,1.018100
TTN,0.903435
COPG1,0.821147
DGKZ,0.750845
ACSM2A,0.993531
PLCL1,0.786035
MAST2,0.719288
FRMPD2,0.836365
SLC27A5,0.954375
UBR1,0.942621
EP300,0.855818
SRPK1,0.860669
CHST6,0.930711
ADCY1,1.001610
NSD1,0.828384
PTPRH,0.799752
