GENE,ENVISION
NCOA2,0.906636
SLC4A10,0.993492
ERBB4,0.966514
B4GALNT3,0.900195
PTPN13,0.976442
DGKH,0.911983
PNPT1,0.889707
HUWE1,0.870257
ALDH6A1,0.768586
CAMK4,0.916702
CES5A,0.950695
SIAE,0.977551
B3GAT2,0.859888
TTN,0.677658
AGMAT,0.760440
PTPRN,1.018220
EYA1,0.956649
PLCB1,0.869306
REG3A,0.769429
