GENE,ENVISION
PAK7,0.919398
ABHD6,0.953183
