GENE,ENVISION
PTK2,0.796083
WWP1,0.900419
RPUSD4,0.816457
TIAM2,0.848652
FRMPD2,0.766544
SLC27A1,0.752811
CREBBP,0.748787
DUSP27,0.836002
