GENE,ENVISION
SLC38A4,0.869969
LMTK2,0.923238
BIRC6,0.967952
MST1R,0.907801
PDPR,1.006670
MAP3K4,0.898934
NTRK3,1.002060
CHST8,0.973349
MAST2,0.884229
FARSA,0.846273
MAPK6,0.999518
TTN,0.860788
SLC35A3,0.830009
USP30,0.779317
BCO1,0.972442
CREBBP,0.770842
HERC4,0.915272
