GENE,ENVISION
AARS2,0.719329
HSPG2,0.748535
TTN,0.845452
TAOK2,0.778646
CHSY3,0.778631
