GENE,ENVISION
LARS,0.989482
CA9,0.906578
MTPAP,0.731254
USP29,0.878704
PDE1B,0.861251
USP43,0.801451
TTN,0.977398
HECW2,0.719785
WWOX,0.977632
FANCL,0.769810
DUSP27,0.923718
