GENE,ENVISION
SLC23A1,0.868167
A4GALT,0.939207
GBA2,0.972663
