GENE,ENVISION
HIPK1,0.947484
VRK1,0.977068
TTN,0.792561
