GENE,ENVISION
AOX1,0.830679
USP9X,0.872489
GRK1,0.863684
WHSC1L1,0.882695
DCLK2,0.798241
