GENE,ENVISION
DOT1L,0.770352
PTK6,0.744925
