GENE,ENVISION
BMPR2,0.862579
SLC22A10,0.993951
