GENE,ENVISION
PTPRS,1.007370
CDK12,0.975905
MED1,0.793664
GTF3C4,0.942898
HTATIP2,0.964411
CREBBP,0.842139
