GENE,ENVISION
PCYT2,0.852945
PRKAG2,0.815262
PPP1R1B,0.734756
