GENE,ENVISION
PCK2,0.820945
PIM2,0.816186
PFKP,0.981085
SLC12A5,0.752031
FGGY,0.916178
ADCY10,0.931011
DCLK2,0.863197
AASDHPPT,0.922736
