GENE,ENVISION
PTPRN2,0.784150
HSPG2,0.840937
CDK19,0.867026
STK36,0.967588
