GENE,ENVISION
PAN2,0.766044
PTPRU,0.986531
SETMAR,0.913324
STYK1,0.841092
USP15,0.983886
ABHD12,0.883733
SCD5,0.902714
NEDD4L,0.886963
ELOVL1,0.789083
IRAK3,1.064800
HAS1,0.582066
RNF19A,0.872523
