GENE,ENVISION
GUCY2D,0.811240
PIGF,0.917494
PIKFYVE,0.926109
ASPH,0.971745
G6PC3,1.019200
PNPLA7,0.916615
TTN,0.916673
LPPR3,1.002160
TRPM6,0.783786
GPHN,0.923612
USP20,0.719785
