GENE,ENVISION
MYO3A,0.823749
B4GALNT2,1.009060
UGT3A1,0.899023
USP24,0.873283
USP21,0.816482
DGKZ,0.958912
GPAM,0.929880
PDE1B,0.860942
SLC36A2,0.782654
SLC5A12,0.918735
PIK3R5,0.980410
STK24,0.897674
LPCAT2,0.852617
TTN,0.662889
BCO1,0.966622
KMT2B,0.848120
PLCB4,0.769009
RPUSD4,0.907653
HACE1,0.935886
GALNT5,0.976975
RNF19B,0.921978
DDR1,0.923761
MAP3K10,0.730516
