GENE,ENVISION
SLC27A6,0.984136
LPIN3,0.964404
