GENE,ENVISION
ALG10,0.960501
EXTL1,0.930667
HECW2,0.981865
MAST1,1.007410
