GENE,ENVISION
SLC22A8,0.916605
MARK1,0.975473
SETDB2,1.014180
