GENE,ENVISION
DNMT3B,1.010600
ACVR1C,0.579811
ULK4,0.805145
DHRS2,0.656882
NOX1,0.834807
PLCE1,0.947690
TTN,0.767475
CDK20,0.822123
KAT6B,0.831159
TRMT1L,1.007820
USP37,0.876083
