GENE,ENVISION
KMT2A,0.917584
GALNT14,0.838329
ANKRD1,0.980579
PANK3,0.947705
ACSM2B,0.749915
AWAT1,0.777554
FASTK,0.810438
HEPH,0.824561
PLCE1,0.848263
TTN,0.561254
MGAT5B,0.866557
MOXD1,0.724918
APOA5,0.983345
ATP2B3,0.720644
USP24,0.899609
PDE10A,0.777772
PHKG1,0.769765
PLCD3,0.986328
