GENE,ENVISION
LRP2,0.784841
OCRL,1.016230
SPCS2,0.752854
MST1R,0.875697
UGT2A1,1.028570
LATS2,0.833443
MKRN3,0.928841
GDE1,0.928067
PTPRO,0.891840
SHPRH,0.852092
