GENE,ENVISION
UGT8,0.960627
EIF2AK3,0.970751
DUOX2,1.009560
BAAT,1.007720
PLCL1,0.933324
TTN,0.926299
DHCR7,0.957884
TAOK2,0.760672
SSH3,0.974932
