GENE,ENVISION
LMTK3,0.813393
B3GALT1,0.786240
ERBB4,0.870502
MAP2K1,0.967732
MGAT4C,0.791852
HS6ST3,0.791852
CHST4,1.025820
UBR4,0.906821
