GENE,ENVISION
CAMK2G,0.807716
PARP8,0.873283
PIP5K1A,0.825523
ATP8A1,0.755219
MAN2A1,0.755045
NEDD4L,0.768190
HIPK1,0.755817
MAP3K4,0.894251
TTN,0.872192
ABCC11,1.007210
SLC46A1,1.015990
ABCA3,0.935846
