GENE,ENVISION
CES5A,0.938325
PIK3R4,0.917041
UGT1A8,0.730861
DGKD,0.827069
MLK4,0.832146
