GENE,ENVISION
LRP2,0.967658
BRSK2,1.032380
TBK1,0.938845
DCLK2,0.879501
SLC8B1,0.962416
MGAT5B,0.894569
LPPR2,0.890876
USP28,0.770511
SLC5A8,0.926901
NAGS,0.687988
IL4I1,0.866189
CBX1,0.870760
BHMT,0.729655
