GENE,ENVISION
LRP2,0.866123
ACAD9,1.018210
LIPG,0.993103
