GENE,ENVISION
MINK1,0.810235
SLC5A11,0.780487
POLR3B,0.815582
TTL,0.866101
AKR1C1,0.674729
SLC27A3,0.803889
