GENE,ENVISION
XPO7,0.852258
TGM7,0.979624
GNPTAB,0.862057
DPYD,0.675002
UBE3B,0.985173
SIAE,0.945296
