GENE,ENVISION
UGT1A10,0.901985
PEAK1,0.802523
PFKFB3,0.764359
STK11,0.798502
CHKB,0.971673
UBR3,0.847794
MINPP1,0.835597
GALNT2,0.859462
