GENE,ENVISION
CDS1,0.804715
HUWE1,0.892236
NUDT10,0.908105
PIGS,0.942459
TTN,0.739687
POLH,1.012160
