GENE,ENVISION
SLC12A7,0.918785
PPP1R3A,0.942389
SLC2A8,0.831399
