GENE,ENVISION
PANK2,0.829826
B3GALT1,0.974422
INPP5F,0.831813
PTGIS,0.853908
BIRC6,0.959191
UBE3A,0.987585
CSAD,0.872121
PPP2R2C,0.694339
ACAT2,0.796089
TTN,0.989383
ASRGL1,0.955144
PTPRH,0.948944
