GENE,ENVISION
STK32B,0.981265
PTPRS,0.747768
ALK,0.897940
MAP3K11,0.872836
SACM1L,0.989412
HMGCLL1,0.765842
TAOK1,0.825985
ATP6V0A1,1.018280
