GENE,ENVISION
USP10,0.811296
HUWE1,0.849118
PNPLA7,0.720931
TTN,0.910102
