GENE,ENVISION
SLC22A16,0.870077
PTPRN2,1.088240
PIGK,0.814665
DPYS,0.824846
