GENE,ENVISION
LRP2,0.994920
TICRR,0.624952
KYNU,0.950950
SLC38A1,0.901347
ALK,0.769137
EXT1,0.985692
TUSC3,0.775792
PPP2R3B,0.874766
CTDSPL2,0.767475
ENPP2,0.873148
ABCB6,0.790604
HELZ2,0.887494
FRMPD2,0.922368
GUCY2D,0.964726
TTN,0.932227
