GENE,ENVISION
LRP2,0.719195
SLC6A3,0.788227
CES3,0.880560
NADSYN1,0.843679
