GENE,ENVISION
CYP2A13,0.908294
GAL3ST3,0.906166
