GENE,ENVISION
NAGPA,0.825382
PTPRS,0.852531
ASAH2,0.963814
HUWE1,0.896945
TUT1,0.905257
PAK7,0.927451
ABCC11,1.024760
