GENE,ENVISION
GK2,0.917005
SLC4A7,0.907705
PON3,0.877262
MAST1,0.860861
TIAM2,0.587211
HELZ2,0.925264
CDK20,0.846335
UBR4,0.839152
GALNT3,0.982804
