GENE,ENVISION
PLA2G4C,0.858437
SLC22A16,0.948202
PRKDC,0.719329
STK38,0.862457
SRMS,0.977425
RNF25,0.917240
