GENE,ENVISION
PAK7,0.756523
PLD1,1.015840
IDI2,0.856746
PTGIS,0.965669
PSAT1,0.948500
PIGQ,0.767530
TRIP12,0.875892
TNKS2,0.869045
EYA1,1.002130
NPC1L1,0.784852
BSCL2,0.996067
NRF1,0.882208
