GENE,ENVISION
CDC42BPG,0.867057
USP28,0.814173
