GENE,ENVISION
SMURF1,0.688765
KARS,0.824688
HECTD1,0.768298
CHST8,0.774029
DUOX1,0.857644
SLC7A10,0.963750
PPP2R3A,0.904665
PRKCE,0.933978
ST8SIA1,0.881469
NTRK3,0.924508
FKBP5,0.667354
ATP1A4,0.942278
TECRL,0.769787
HECW2,0.897840
pk,0.968229
B3GALTL,0.723325
ACOT11,0.657812
PDE11A,0.817015
NT5DC3,1.010670
TAOK2,0.768751
