GENE,ENVISION
USP38,0.844071
HEPH,0.758012
SLC30A1,0.992620
SRPK2,0.926337
