GENE,ENVISION
MSMO1,1.011290
PHYKPL,0.826168
EP300,0.732845
BARD1,1.016540
USP9X,0.802521
SSH2,0.790796
HECW1,0.766015
SLC5A8,0.969653
SLC27A6,0.889612
TTN,0.784898
