GENE,ENVISION
GRHPR,0.760562
GALNT12,0.761813
NDUFA9,0.855075
CHST8,0.824745
TTN,0.813133
UGGT2,0.976550
SGPP1,0.945812
TXNRD1,0.933096
