GENE,ENVISION
SLC30A6,0.766044
UBE2J2,0.832737
KMT2E,0.780888
UGT3A1,1.024760
PDPR,0.898302
PLA2G2E,0.939728
ABCD2,0.860403
