GENE,ENVISION
SLC26A1,0.793063
SLC47A1,0.836580
PNPLA8,1.016140
ATR,0.822023
