GENE,ENVISION
MTR,0.915996
MAN2A1,0.787232
TTN,0.742435
USP32,0.990008
CHST7,0.968315
HECW1,0.813888
