GENE,ENVISION
PNPT1,0.854838
PPP2R3A,0.907352
USP4,1.001240
PRKAA1,0.949537
MKRN3,0.764006
AASS,0.861815
MASTL,0.972714
GUCY1A3,0.965774
TTN,0.917730
MARK2,0.952100
PRKG2,0.874185
ABCB6,0.965072
HUWE1,0.867996
MAST1,0.913855
SSH2,0.906893
SLC26A7,0.971749
SLC26A8,0.999636
EP300,0.851017
ST6GALNAC1,0.968942
ITK,1.008480
CHD9,0.784149
ETNPPL,0.813445
UBE3B,0.752854
HECW1,0.778646
PRKD1,0.847193
