GENE,ENVISION
ADCY1,0.853870
MERTK,0.811110
SLC26A7,0.976200
