GENE,ENVISION
GALNT14,0.808716
KCNJ8,0.622502
SIRT5,0.973837
EIF2AK1,0.815784
HSPG2,0.817648
RBBP6,0.876337
WHSC1L1,0.966974
AOC3,0.860354
NEK5,0.899789
NOL9,1.081280
ATP2B3,0.770409
