GENE,ENVISION
ACSBG1,1.006700
UGT3A1,1.047830
ASPH,0.870510
HSPG2,0.801352
NDST4,0.865669
SLC4A5,0.954004
STK31,0.767808
TTN,0.519444
AK7,0.970083
UBR4,0.852901
