GENE,ENVISION
PJA1,0.750770
TTN,0.976988
ATP5G2,0.899890
