GENE,ENVISION
USP10,0.857258
TTN,0.841092
