GENE,ENVISION
PTPRH,0.977966
AK5,0.861535
MAN1B1,0.817589
MAP2K1,0.963313
SLC35B2,0.969199
NT5C1B,0.941639
TNKS2,0.862469
PDE4D,0.854543
UBR4,0.709904
