GENE,ENVISION
GALNT5,0.831646
UBA2,0.964740
MAP3K15,0.832764
SLC7A3,1.002100
