GENE,ENVISION
MYO3A,0.779755
RFWD3,0.750145
BIRC6,0.860255
SLCO1B3,0.877420
USP29,0.797843
CDKL2,1.019960
GAD1,0.972093
CDK15,0.910212
SLC12A1,1.009640
TECRL,0.953188
TUT1,0.750557
IL4I1,0.812762
EYA1,0.757998
REG3A,0.750145
ST3GAL1,0.979190
ACSF3,0.938173
ENOPH1,0.985165
PADI1,0.999217
USP15,0.766044
ST6GALNAC4,0.868529
ADCY4,0.918688
PTPRU,0.947016
BRSK1,0.996059
SLC17A1,0.720739
PTPRO,0.870747
SLC22A8,0.811013
FUT9,0.997001
