GENE,ENVISION
ST3GAL2,0.919346
GK2,0.825889
