GENE,ENVISION
ACOT12,0.976158
PGS1,0.992586
SLC35C1,1.021470
