GENE,ENVISION
TICRR,0.989532
PLA2G4F,0.914897
GALNT11,0.864262
