GENE,ENVISION
SLC38A4,0.937754
PDE3A,0.894936
SLC26A7,0.781093
MST1R,0.855267
PLCH1,0.916436
ATR,0.768541
HECW2,0.719288
ATP6V0D2,0.786179
SLC26A9,0.979231
