GENE,ENVISION
MARCH10,0.856247
UGCG,0.845984
PLK2,0.931965
MARCH7,0.898993
PTPN23,0.866387
KMT2E,0.837376
NEK1,0.953613
PDE3A,0.904503
TTN,0.960882
DUSP6,0.894187
LRSAM1,0.955217
WNK3,0.916622
CAMK2B,0.676607
HERC1,0.978559
MIA3,0.792798
SLC26A8,0.813031
CHST5,0.955759
GALNT2,0.789088
PTPRS,0.727185
PTPN13,0.911805
NAPRT,0.956698
GLS2,0.769878
