GENE,ENVISION
STK38,1.048240
HYI,0.932239
SLC22A12,0.914434
PIGU,0.881066
