GENE,ENVISION
CYP26B1,0.730625
PDK1,0.863197
USP25,0.900170
CAMK1D,0.600838
