GENE,ENVISION
KMT2C,0.720434
ASPG,0.966575
ROR2,1.012970
TYRO3,0.860793
