GENE,ENVISION
PTPRO,0.861535
KMT2B,0.767682
NPC1L1,0.810065
