GENE,ENVISION
SLC38A4,0.956073
SMG1,0.975669
HS6ST2,0.866982
HUWE1,0.908535
RBBP6,0.931248
PGLYRP3,0.904172
GANC,0.915623
SLC6A19,1.011980
MAP3K15,0.859177
PHOSPHO1,0.932853
USP26,0.918359
UGT2B28,0.844518
TRPM6,0.780535
USP24,0.859166
