GENE,ENVISION
LMTK2,0.977214
LRRK1,0.869449
ARG2,0.544808
PKN3,0.969372
CAMK2A,0.918213
PRKDC,0.806432
MELK,0.825523
MGAT5,0.904498
SLC1A5,0.900929
PLA2G4F,0.924925
AQP10,0.997644
ECHDC2,0.977180
PADI4,0.855646
