GENE,ENVISION
NCOA2,0.831107
HSPG2,0.719288
PDE3B,0.865398
HERC1,0.927676
TTN,0.913027
EP300,0.734470
SETD5,0.861160
