GENE,ENVISION
ITPK1,0.606822
COLGALT1,0.902733
PHKB,0.898020
CDK12,0.860354
HSD11B2,0.966153
PDE3A,0.973716
SLC22A9,0.822515
USP10,0.867151
POLR1D,0.752325
TTN,0.914405
HMGCLL1,1.007140
USP33,0.937201
USP34,0.904265
PTPRJ,1.015060
DHCR24,0.990635
