GENE,ENVISION
PCK2,0.904482
GGTLC2,0.850216
EIF2AK4,0.853701
NTRK2,0.945183
MARCH4,0.797426
ANGPTL4,1.006260
MGAT5B,0.845789
MAN2A1,0.974595
MGAT4C,0.902764
SPEG,0.788876
ST6GALNAC5,0.772281
SETD2,0.794412
