GENE,ENVISION
SLC5A12,0.925002
PLCB1,0.858410
ACAD11,0.997831
TTN,0.973288
DPYSL3,0.868111
