GENE,ENVISION
GCNT4,0.933200
SLC35C1,0.967510
TUSC3,0.882611
SLC36A2,0.975964
EPHA10,0.868655
