GENE,ENVISION
DECR2,0.816479
MAST2,0.922881
MAN1C1,0.922329
IRAK4,0.645535
RNF128,0.866560
