GENE,ENVISION
SLC52A2,0.891300
LIPE,0.869268
