GENE,ENVISION
PLD3,0.836887
RNF180,0.923266
MLK4,0.927254
PGLYRP3,0.795488
SLC12A6,0.872595
CDC42BPG,0.909366
DUSP8,0.978732
AATK,0.865203
USP18,0.962591
SLC8A2,0.935382
FUT9,0.768769
