GENE,ENVISION
SMURF1,0.735146
ITK,0.653526
BIRC6,0.896657
MKNK1,0.779838
PRKCE,0.779219
POLR3B,0.828819
NT5C1B,0.966421
TECRL,0.926721
ADCY1,0.929112
