GENE,ENVISION
NCOA2,0.739829
CYP1B1,0.877572
ERBB4,0.983486
TLK2,0.893278
AASDH,0.991222
SETDB1,0.739883
