GENE,ENVISION
RNF20,0.882057
DHCR7,0.824317
