GENE,ENVISION
ALG10,1.033400
KAT6A,0.933848
SETD2,0.812564
RPS6KA6,0.932492
TAOK2,0.807690
