GENE,ENVISION
PLCB2,0.863993
TTN,0.906505
ACSBG2,0.984986
LMTK2,0.930987
