GENE,ENVISION
LRP1,0.940145
PARP12,0.966313
ROCK1,0.918010
