GENE,ENVISION
DAGLA,0.921131
SETD2,0.831451
SLC2A12,0.876519
LPCAT1,0.838965
