GENE,ENVISION
TRIM33,0.719785
SLC12A6,0.969149
HSPG2,0.762494
LMTK2,0.984594
A4GALT,0.854579
