GENE,ENVISION
SPEG,0.918123
PAFAH2,1.058120
UGGT2,0.745336
SLC27A3,0.868618
LPCAT1,1.014660
