GENE,ENVISION
STK32C,0.864606
PDE1B,0.882912
CYP4F3,0.929345
