GENE,ENVISION
RBBP6,0.858121
USP21,0.949846
SSH1,0.951286
