GENE,ENVISION
MGAT4A,0.888392
DYRK4,0.770838
PPP1R3A,0.773657
