GENE,ENVISION
ATP11C,0.759805
WNK4,0.887570
