GENE,ENVISION
SLC6A3,1.008310
PTPRN2,0.991819
FMO1,1.005230
GALNT13,0.765835
ENPP7,0.976744
WNK4,0.919045
MLK4,0.802461
GUCY1A3,0.769878
LRP1,0.860942
HELZ2,0.974258
SLC5A11,0.982164
MIA3,0.885677
ALG13,0.923177
LDHD,0.824711
CANT1,0.850071
ACOT12,0.916849
CDK16,0.981509
DUSP22,0.898698
ST6GALNAC1,0.977713
LMTK2,0.778332
