GENE,ENVISION
KMT2C,0.934230
FANCL,0.769810
SLC38A2,0.913131
ETFDH,0.609377
SLC22A7,0.988170
TTN,0.909353
ADCY10,0.860363
GALNT7,0.894311
