GENE,ENVISION
LRP2,0.752031
PCK2,0.858410
SLC7A5,0.982089
INPP5D,0.778646
SLC9A2,0.866711
PIKFYVE,0.932688
CYP8B1,0.829129
CA14,0.737237
PDE3A,0.752754
CSAD,1.008990
PRKDC,0.980614
POLG2,0.683086
PDP1,0.723978
SLC22A6,0.934374
CDC42BPA,0.749925
LPIN2,0.960595
PIGZ,0.815467
KAT6A,0.822548
THNSL1,0.938130
TTN,0.982729
