GENE,ENVISION
PTPN13,0.776643
CERS4,0.777057
