GENE,ENVISION
MAP3K14,0.852811
CYLD,0.896251
DPYSL3,0.831658
ROR1,0.959492
MAP3K5,0.830302
