GENE,ENVISION
FMO2,0.917330
CDC42BPB,0.816179
AASS,0.985938
ACSS2,0.987261
NDST4,0.967048
B3GNT9,0.842636
PIGO,0.910965
TTN,0.878873
STK36,0.974354
HECW1,0.868752
