GENE,ENVISION
RFWD3,0.917103
HUWE1,0.836604
TNIK,0.718498
PGAM5,0.780152
SLC6A13,0.998392
NMNAT1,1.022480
EYA1,0.735035
TNNI3K,0.921354
