GENE,ENVISION
PLCB1,0.982852
MGAT3,0.918991
ASAH1,0.857010
NTRK2,0.830050
