GENE,ENVISION
TMEM91,0.899576
AKT3,0.500582
ACSBG1,1.014630
SHPRH,1.012440
PDE10A,0.812159
FUT9,0.835905
