GENE,ENVISION
MYO3A,0.980369
KMT2A,0.727864
ASPG,0.969359
DPYD,0.857941
CDK12,0.807296
ACSS2,0.849896
UCK2,0.772871
CDK15,0.796131
SLC25A22,0.792304
ATR,0.971454
TTN,0.966434
DMPK,0.950244
RNF25,0.815428
MYO5B,0.952380
SETD7,0.677120
MAPK7,0.853689
