GENE,ENVISION
DUOX1,0.899693
P4HA3,1.056480
SHPRH,1.001860
SLC14A1,0.995001
