GENE,ENVISION
TRIM11,0.841338
TRHDE,1.002810
THNSL1,0.902977
SLC46A1,0.839651
