GENE,ENVISION
RIPK1,1.007110
AMPD2,0.854838
GDPD2,0.765684
