GENE,ENVISION
SLC6A3,0.841866
MKRN1,0.789083
DNMT3A,0.851404
BHMT,0.870854
PLCZ1,0.753347
PARP12,0.935396
BMP2K,0.982227
PLA2G4F,0.973730
SLC4A5,0.681141
PJA1,0.805501
PLCB3,0.771869
UGT1A8,0.807150
SUV420H2,0.640415
DGKB,0.855987
USP33,0.766904
RNF2,0.959203
CTDSP1,0.820177
GLS2,0.866475
DUSP27,0.932455
