GENE,ENVISION
PLXNB3,0.951967
PLCB2,0.858722
ASPG,1.007700
ADCY2,0.544236
FARSB,0.864262
TTN,0.800646
USP32,0.833131
TNKS2,0.857299
SLC22A8,0.868874
ATP2B3,0.719785
