GENE,ENVISION
SLC9A4,0.822865
KMT2C,0.856737
ATP2B3,0.791193
RNF139,0.853116
AGMAT,0.811110
