GENE,ENVISION
LRP2,0.831887
B4GALNT4,0.847648
LOXL2,0.735183
ADCY2,0.975862
HS3ST3A1,0.783783
GANC,0.871432
SLC5A6,0.813280
PHEX,1.020560
SLC46A1,0.756734
