GENE,ENVISION
RPS6KA2,0.703201
ERBB4,0.805431
GALNT11,0.778646
PARP2,0.915222
SLC12A4,0.841837
DARS2,0.987578
MGAT5,0.918962
COQ3,1.027370
TTN,0.719665
