GENE,ENVISION
PLCB1,0.799037
KMT2A,0.968750
PTPRS,0.869306
DDR2,1.010390
CDKL4,0.950172
ATP6V1H,0.919317
CDK15,0.980374
P4HA3,0.837151
ATP6V1G3,0.995255
TTN,0.843373
MIA3,0.979582
LPCAT2,0.908477
XYLT1,1.000560
CREBBP,0.856681
PTPRH,0.864289
