GENE,ENVISION
HIPK2,0.881045
IRAK3,1.008400
ATP11A,1.011820
PGLYRP4,0.875687
