GENE,ENVISION
MTMR7,0.813826
SLC32A1,0.999027
CAMK2B,0.675210
PTK7,0.911698
TUSC3,1.009460
