GENE,ENVISION
SLC6A3,0.878920
ABCG8,1.008320
USP44,1.016570
SLCO1B1,0.841376
USP9X,0.879707
ACSBG2,1.013680
