GENE,ENVISION
IARS2,0.968244
SLC24A4,0.789415
PGLYRP3,0.815467
FAR2,0.880377
MTPAP,0.786164
RNF123,0.928827
