GENE,ENVISION
PDE4C,0.983903
USP35,0.855075
EYA3,0.866101
