GENE,ENVISION
GCNT4,0.886164
DAGLB,0.895101
KMT2B,0.880418
AK3,0.969429
POMGNT1,0.912308
ATM,0.828788
PDE3A,0.942091
MARCH4,0.897187
SLC5A8,0.903270
USP24,0.885468
DGKD,0.859846
