GENE,ENVISION
MARK2,0.952803
SAP130,0.910437
