GENE,ENVISION
KDSR,0.955125
TRIT1,0.973297
EXT2,0.905329
PLCL2,0.916166
PON3,0.762849
TTN,0.966070
GTF3C4,0.886899
DUSP6,0.994668
GCDH,0.501410
