GENE,ENVISION
MOXD1,0.974900
SLCO1B3,0.851697
UAP1,0.988039
COL4A3BP,1.024780
COLGALT1,0.928629
