GENE,ENVISION
LRP2,0.797250
HIPK2,0.909216
MYLK4,0.902759
CEPT1,0.719643
