GENE,ENVISION
PTPN23,0.967957
LIPT1,0.701142
