GENE,ENVISION
DAGLA,0.916244
GALNT14,0.776395
GRK7,0.860895
NDST4,0.979237
ABCG2,0.934824
VARS2,0.777066
CDC42BPA,0.863634
ATP2B3,0.860577
NT5DC3,0.857184
PIP4K2C,0.972527
TTN,0.869306
