GENE,ENVISION
B3GNT7,0.780225
MKRN3,0.963563
SLC4A4,0.833748
RBKS,0.863278
DARS2,1.008400
pk,0.901813
TOPORS,0.920068
