GENE,ENVISION
RCL1,0.802058
SPEG,0.919333
DUSP22,0.766904
SHPRH,0.725270
