GENE,ENVISION
ATP6V0A4,0.991958
B3GAT2,1.000470
UBE3B,0.861416
