GENE,ENVISION
AOX1,0.820195
PCYT1B,0.896000
SLC9A5,0.841893
ACSS3,1.005970
PLCL1,0.918390
PDPR,1.004070
COX8C,0.952289
TTN,0.792785
CHSY1,0.804982
TNNI3K,0.936335
