GENE,ENVISION
SLC5A8,0.983145
PLA2G4C,0.922943
PIK3C3,0.937678
ELOVL2,0.838091
UBE2O,0.769892
