GENE,ENVISION
LRP2,0.873747
TRHDE,1.012070
AASS,0.774175
DUOX2,0.865872
UBE2E2,0.854229
UGT1A8,0.863358
TTN,0.978796
PADI6,0.940508
DUSP12,0.833823
