GENE,ENVISION
SH3RF1,0.923048
PARP14,0.929034
PRKAG2,0.983964
AK7,0.877336
TTN,0.966138
SLCO4A1,0.980396
DAPK2,0.934265
PXDN,0.828894
