GENE,ENVISION
LRP2,0.801912
RBBP6,0.723946
TGS1,0.939147
MARK1,0.709904
USP29,0.965510
ELOVL3,0.853628
PAK2,0.984880
ABCC2,0.969974
NRF1,0.921151
