GENE,ENVISION
ACER2,1.017090
SLC20A1,1.021430
SH3RF2,0.863668
SLC14A2,0.758780
SLC24A2,0.915623
NDST4,0.784066
WNK4,0.948765
ABCD2,1.000450
UBE2Z,0.774055
TTN,0.975899
ALG13,0.944536
PDE4B,0.790670
NNT,0.913512
NGLY1,0.850841
