GENE,ENVISION
LOXL2,0.874758
LIPE,0.941032
NCOA6,0.842206
GSTA5,0.769387
PIGU,0.915385
MAN2A1,0.950709
ABCA4,0.943185
MGAT5B,0.971725
UGT2A1,0.822502
MGAT4C,0.762927
PLCZ1,1.001390
MYO5B,0.799336
DECR1,0.803351
IP6K3,0.880402
PLCD3,0.743605
