GENE,ENVISION
PIGB,0.865060
PTK2,0.539108
TNK1,0.746629
SLC4A4,0.830206
TTN,0.864262
PDE11A,0.861416
USP32,0.939991
