GENE,ENVISION
PRKCQ,0.878702
USP9X,0.881066
PTGIS,0.977627
