GENE,ENVISION
STT3B,0.822981
DDR1,0.953729
ACSM2B,0.967721
USP28,0.714710
