GENE,ENVISION
GPAM,1.013100
PPP2R3A,0.973103
CERS3,0.910164
TBK1,0.978155
LRP1,0.896791
HSPG2,0.816453
MAN2A1,0.943470
PLCL1,0.814704
LRRK1,1.005600
CSNK1G1,0.730757
EHMT2,0.855398
TTN,0.914247
NSD1,0.778882
USP24,0.880418
CHST5,0.989896
TAOK1,0.804617
ROR1,0.908942
REG3A,0.949841
