GENE,ENVISION
USP42,0.926625
GALE,0.562071
POLR3C,1.015450
ATP11A,0.912748
NNT,0.875026
SLC15A4,0.660150
