GENE,ENVISION
OCRL,0.934126
UBR1,0.976873
SLC25A19,0.877770
