GENE,ENVISION
IL4I1,0.993492
FMO1,0.908132
PI4KB,0.813910
FUT9,0.915637
