GENE,ENVISION
CYP26B1,0.979198
HACE1,0.758766
NEK5,0.904428
UHRF1,0.981832
