GENE,ENVISION
USP38,0.948553
LATS2,0.910165
GALNT8,0.987035
