GENE,ENVISION
UGCG,0.749831
DPYD,0.788648
BIRC6,0.922905
ACSF2,0.945605
SYVN1,0.755125
PLCE1,0.938088
SPTLC3,0.929683
LPCAT1,0.922183
HEPH,0.792289
USP33,0.979067
AWAT2,0.964293
