GENE,ENVISION
GCNT4,0.966320
FKBP14,0.902764
PAK6,0.977643
SDR16C5,0.750939
AMPD2,0.821082
USP4,0.822438
KMT2A,0.726746
MAPK14,0.829063
TRPM6,0.734503
TESK1,1.102740
