GENE,ENVISION
TSSK2,0.875516
COMTD1,0.952044
SLC22A12,0.960503
ADCY1,1.017540
MAP3K4,0.709870
