GENE,ENVISION
USP48,0.832875
UGGT2,0.952069
PARP6,0.906880
RNF180,0.907273
MAP3K4,0.793813
QTRT1,0.928408
AACS,1.054090
SLC26A9,0.998759
PIK3C3,0.839152
ST6GALNAC3,0.977312
GALNT1,0.768298
DGKD,0.877971
