GENE,ENVISION
WNK2,0.752031
HIPK3,0.864262
TRIP12,0.864972
HECW1,0.954045
IRAK3,1.009320
