GENE,ENVISION
FLVCR1,1.002150
ALK,0.984428
EPHA7,0.998905
MAST2,0.861349
TTN,0.898282
USP25,0.919490
RNF216,0.890830
