GENE,ENVISION
CPT1C,0.973364
PTPN18,0.787373
PRKD2,0.860942
MYLK,0.813133
MAN2A1,0.760521
TNIK,0.769009
TTN,0.971506
ROR1,0.935133
ADHFE1,0.975452
