GENE,ENVISION
WNK2,0.815467
PTPRK,0.854225
HACD4,0.775158
NT5DC3,0.860622
GALNT3,0.778646
