GENE,ENVISION
LRP2,0.803979
SLC4A10,0.936483
DPYSL2,0.873767
UPB1,0.570362
GDA,0.823374
EXTL1,0.778756
HIPK2,0.869306
SLC5A11,0.976072
TTN,0.835702
MARK2,0.989981
PTPRO,0.864262
PLXNB3,0.909817
SLC12A4,0.894045
SUV420H1,0.805466
