GENE,ENVISION
SMURF1,0.953851
PTPRN2,1.058730
RPS6KA2,0.911813
SLC17A8,0.954362
CDK13,0.863001
NDST4,0.914892
SLC9A8,1.011030
SLC29A4,0.798124
TTN,0.854838
ALG11,0.954429
NGLY1,0.893674
ROR2,0.974434
