GENE,ENVISION
SBK1,0.741738
PEAK1,0.915792
UBE3B,0.876073
TKTL2,0.907582
DAK,0.797463
STK31,0.937997
SLC22A6,0.992826
MARCH1,0.997952
RNF216,0.826654
PTPRH,0.865711
