GENE,ENVISION
RPS6KA1,0.765372
PLA2G3,0.937601
NSDHL,0.987376
MAPK15,0.914057
TSTA3,0.876403
PLK2,0.863167
OXSM,0.919346
TLK2,0.846693
CSNK1G3,0.824195
UGT1A8,0.976550
TTN,0.767475
SLC5A6,0.991338
ATR,0.909703
CMTR1,0.970282
ASRGL1,1.021830
CCBL2,0.949140
