GENE,ENVISION
FMO2,0.833437
MARK4,0.979686
