GENE,ENVISION
CSNK1G2,0.907106
PPP3CA,0.883494
RNF216,0.820674
LGSN,0.956565
SARDH,0.923007
