GENE,ENVISION
NCOA2,0.764378
SGK2,0.779654
ADCY2,0.862755
PLOD1,0.958389
MCCC2,0.726156
PIK3R3,0.870682
CHPF,1.048870
PDE10A,0.882208
