GENE,ENVISION
GNPTAB,1.021650
CHD9,0.855098
SIAH1,0.764686
