GENE,ENVISION
LRP2,0.750145
ENTPD4,0.903293
PI4KB,0.816078
PIGG,0.923627
SLC2A14,0.784868
PRKCE,0.964792
ACSM2A,0.834902
MARS2,0.855686
RPS6KB2,0.998144
SDR42E1,0.947399
UBA2,0.870401
PAK7,1.005980
