GENE,ENVISION
SLC9A4,0.917837
PTK7,0.790309
B4GALNT3,0.791122
PDE3A,0.912177
PLCL2,0.801164
CPA5,0.772626
ECH1,0.705592
SLC6A19,1.013620
GPLD1,1.055920
BMPR2,1.007420
TTN,0.813133
ADCY10,0.932809
COPG1,0.926479
SLC27A5,0.899982
NEK11,0.976457
