GENE,ENVISION
SLC18A2,1.014190
USP32,0.861416
HUWE1,1.063520
