GENE,ENVISION
RNF25,0.975916
PXYLP1,0.777360
