GENE,ENVISION
GGTLC1,0.921972
HACE1,0.803613
PGM2,0.989709
USP38,0.842458
MCCC2,0.553346
SLC27A3,0.760182
