GENE,ENVISION
UGT2A3,0.758018
G6PC3,0.975420
MARCH4,0.894069
SLC29A4,0.800831
DUSP22,0.861376
SLC9A4,0.818568
DHRS9,0.798819
PDE1C,0.906262
SLC12A1,0.982089
TTN,0.600764
TNKS2,0.929052
CDK5,0.855071
KAT8,0.621606
KMT2A,0.909256
DAGLB,0.981630
PLCB4,0.847824
SLC24A4,1.049650
WNK1,0.879120
MYLK2,0.667758
STK4,0.786188
PADI4,0.867352
USP18,0.926337
STK32C,0.894925
METTL3,0.781794
SAE1,0.954651
ATP6V0A1,0.782712
