GENE,ENVISION
A4GNT,0.959262
DHODH,0.815995
POLE,0.918495
PLCH1,0.932755
ETNK2,0.950739
ACSBG2,0.977711
