GENE,ENVISION
ST3GAL2,0.731942
PLD1,0.908588
AHCYL2,0.672717
B3GNT3,0.960513
SLCO1B3,0.862097
LPPR4,0.803277
TTN,0.985524
GPX8,0.869517
FANCL,0.985158
