GENE,ENVISION
ULK4,0.930438
MAT1A,0.586738
CDK3,0.870788
TTN,0.856204
SLCO4A1,0.885242
AKR1C1,0.935757
DPEP2,0.929455
UBR4,0.803613
