GENE,ENVISION
CLYBL,0.968550
SPRYD3,0.863306
ATR,0.950260
SLC5A5,0.783813
PGLYRP4,0.980967
GCDH,0.548773
DUSP27,0.980467
MAP3K9,0.712869
KMT2E,0.743605
CYP4F11,1.105230
SAE1,0.543774
TIAM2,0.936930
SLC12A6,0.872682
TTN,0.731437
ASH1L,0.781660
PARP8,0.829903
CYP4Z1,0.964231
ERBB4,0.766447
ATP2B2,0.982283
UBR4,0.761650
RIOK2,0.914731
LGMN,0.898280
INPP5J,0.785655
ELOVL4,0.857831
HECW1,0.922886
PTPRO,0.983202
