GENE,ENVISION
KMT2C,0.815467
LRP1,0.927249
