GENE,ENVISION
PTRH1,0.858442
ULK4,0.975195
CPA6,0.994871
TNIK,0.842193
COQ5,0.964746
SETD2,0.816159
