GENE,ENVISION
NCOA2,0.915706
KMT2B,0.822421
TKTL2,0.950421
TRPM7,0.709904
SLC4A9,0.950809
