GENE,ENVISION
NDST4,0.738457
ALG5,0.990698
PPIP5K1,0.762127
LPCAT2,0.772391
IRAK3,1.014880
NT5DC3,0.888506
