GENE,ENVISION
LRP2,0.872720
MYO3A,0.615631
MTR,0.948008
SLC22A8,0.893394
SNRK,0.824495
PARP15,0.967724
CPA6,0.766181
HERC1,0.978242
MAST2,0.836354
CYLD,0.859728
TTN,0.952101
PIGV,0.979511
GPCPD1,0.858410
AASDH,0.866209
ACSM3,1.008120
UBR4,0.923612
