GENE,ENVISION
LRP2,0.752854
STK31,0.870057
CA9,0.825405
NNT,0.858410
