GENE,ENVISION
MMAA,0.814974
CHD9,0.731973
SLC4A7,0.986915
HIRIP3,0.931860
