GENE,ENVISION
DNMT3B,0.964016
PIGU,0.828646
ADCY10,0.950313
