GENE,ENVISION
PRKCQ,0.878526
MAPK15,0.982017
DOT1L,0.796554
MAP3K4,0.821507
