GENE,ENVISION
GALNTL5,1.014860
FUK,0.833814
DUSP6,0.912299
LRRK1,0.757647
PEAK1,0.858260
CYP4F22,0.952387
BIRC6,0.855061
METTL3,0.914971
BAAT,0.969177
MYLK3,0.956375
ALG5,0.826541
PDE10A,0.796912
PLCH1,0.815467
TTN,0.670574
HAO1,0.856204
ABCD2,0.976478
ACY3,0.907824
PSKH2,0.991814
DYRK1B,0.860622
