GENE,ENVISION
TTN,0.916960
HACE1,0.828819
CYP1B1,0.933376
BIRC6,0.926124
CROT,0.921607
PKN2,0.789861
NOX4,0.916768
CYP46A1,0.970617
LPIN2,0.896590
LRP1,0.936764
MED1,0.764922
SACM1L,0.977162
MYO5B,0.932398
PPP3CA,0.906451
USP35,0.914371
TTLL10,0.969138
