GENE,ENVISION
SLC38A5,0.968444
PIP5K1A,0.898951
RBBP6,0.838432
ZCCHC6,0.772227
RARS2,0.880001
SUV420H1,0.916094
