GENE,ENVISION
PLK2,0.782133
TTN,0.914937
PXDN,0.769892
SLC35A3,0.840285
