GENE,ENVISION
GCNT2,0.828700
CAMK2G,0.606351
USP7,0.861177
TTN,0.964863
PPIG,0.864252
SLC4A8,0.920026
