GENE,ENVISION
CREBBP,0.858672
GALNT14,0.932943
HAS2,0.776539
ERBB4,0.843466
TUSC3,0.886129
TPTE2,0.997188
SLC3A1,1.012280
OXSM,0.860337
MAP4K3,0.928257
GUCY1A3,0.899628
ATP11C,0.991942
TTN,0.694618
PJA1,0.861445
MYO5B,0.818477
SLC27A6,0.819577
COQ3,0.872528
