GENE,ENVISION
ST3GAL3,0.775908
GPAM,0.942014
SMG1,0.988801
HELZ2,0.807811
NEK1,0.977940
PADI6,0.992053
PTPRS,0.860577
NUDT10,0.783537
USP31,1.054310
UBR2,0.917745
SLC26A9,0.985731
ECHDC2,0.926197
TOPORS,0.860590
