GENE,ENVISION
PNPLA8,1.026410
PRPF4B,0.940475
USP51,0.947003
