GENE,ENVISION
SLC6A3,0.954432
HS3ST2,0.813133
SLC2A14,0.802355
MST1R,0.838992
ACSM2B,0.751151
PIGO,0.823705
SLC4A5,0.902224
MAST1,0.901721
TTN,0.791852
PDE6H,0.838269
POLL,0.781549
PLA2G4F,0.765305
