GENE,ENVISION
SIRT3,0.818687
TRMT11,1.012030
CHPF2,0.795474
GK2,0.841092
MYLK,0.853689
DUSP4,0.862947
