GENE,ENVISION
EHMT2,0.928035
OLAH,0.875614
ACSM2A,0.550665
SLC5A12,0.940546
AMFR,0.981121
SLC35B2,0.970034
MOXD1,1.000490
MECR,0.956497
SLC15A4,0.785432
