GENE,ENVISION
MAP3K1,0.741008
PRKG2,0.854577
AMDHD1,0.857184
CHSY3,0.809331
UBR4,0.979202
