GENE,ENVISION
PTPN13,0.908289
GALNT14,0.853945
KCNJ8,0.898663
EYA1,0.573541
ERBB4,0.871415
