GENE,ENVISION
ATP2B3,0.929775
ADCY1,1.002910
