GENE,ENVISION
PGAP1,0.858391
KCNJ8,0.985515
GRK7,0.961014
PRKDC,0.977625
SCD5,0.782176
PADI1,0.876030
PGLYRP2,0.859677
SLC6A18,0.910791
SLC12A1,1.012890
TRPM7,0.871160
AGPAT1,0.881066
SLC5A8,0.806870
PDE11A,0.862933
SETD2,0.815688
SHPRH,0.767808
HLTF,0.922016
PLA2G3,0.997332
