GENE,ENVISION
MYO3A,0.811110
STK32B,0.860645
GALNT12,0.752740
SH3RF3,0.993288
MAP3K4,0.924186
HECW2,0.869306
UBR3,0.773262
