GENE,ENVISION
MYO3B,0.592712
SMPD3,0.835111
CLYBL,0.804881
ATM,0.980176
FTMT,0.844137
ABAT,0.797381
SLC5A9,0.871589
UGT1A7,0.905977
SLC30A6,0.768465
LRRK1,0.913146
CAMK1,1.019420
USP29,0.935736
SRMS,0.830365
MARK1,0.918028
BIRC6,0.909764
MTMR7,0.853689
TTN,0.692737
DAGLA,0.971349
SLC38A4,0.888047
HUWE1,0.831789
SLC14A2,0.767808
ERBB4,0.507574
FRMPD2,0.944955
PLA2G4C,0.790211
HEPH,0.975905
ROR1,0.754324
PDE1C,0.867704
RHAG,0.821530
AGPAT4,0.973385
MGAT4C,0.719288
PTPRK,0.761650
