GENE,ENVISION
SPHK2,0.984035
HSPG2,0.986858
INPP5E,0.984552
