GENE,ENVISION
PFKFB3,0.766082
PKN2,1.029810
SLC47A1,0.930536
GLB1L,0.910017
