GENE,ENVISION
KAT8,0.795184
SMURF2,0.867317
SLC6A7,0.995787
UBE2O,0.902361
PEAK1,0.792758
PTK2B,0.970186
UBR2,0.741086
PDE4C,0.781252
