GENE,ENVISION
SLC6A19,0.864136
CHPF,0.735411
CYP4Z1,0.941616
