GENE,ENVISION
HECTD1,0.886963
ATM,0.974711
UGT1A8,1.040530
SLC29A1,0.762151
EHMT1,0.788344
GRHL1,0.842732
PPP1R3A,1.015340
COX8C,0.774055
TTN,0.988152
EYA3,0.804517
DPYSL3,0.856565
PIGG,0.949803
PPP2R2C,0.924337
MAST1,0.863630
PDP2,0.966073
MAN1C1,0.627624
SLK,0.911360
ACO2,0.796604
LMTK2,0.845528
ACOX2,1.013330
BHMT2,0.910333
PDE4C,0.824955
CCBL1,0.777171
PPARA,0.801970
