GENE,ENVISION
ZCCHC11,0.874855
PPP2R3A,0.767475
MAN1B1,1.005990
CPA6,0.770208
SDR9C7,0.793143
TTN,0.982519
MTMR3,0.870528
ASH1L,0.837441
WNK2,0.862048
PADI1,0.886868
PIGS,0.912121
TRIP12,0.969616
ACO2,0.891396
USP34,0.746665
TAOK3,0.924430
LARS,0.824528
LMTK2,0.908499
PIPOX,0.916459
DDR2,0.947122
GDA,0.807914
COQ6,1.003630
CREBBP,0.788286
