GENE,ENVISION
PDE4B,0.764748
HECW1,0.762927
MOGAT3,0.811543
