GENE,ENVISION
MAN2C1,0.892934
BRSK2,0.807506
EXT1,0.932440
STYXL1,0.925690
PLK2,0.904082
USP41,0.852351
WNK4,0.714898
LPPR5,0.807046
USP29,0.904452
AACS,0.867302
ATP2B2,0.718498
ST6GALNAC1,0.774188
