GENE,ENVISION
ST3GAL2,0.882795
PTK2B,0.902165
UBE2T,0.826107
NLN,0.954135
