GENE,ENVISION
GK2,0.831104
SLK,0.801309
