GENE,ENVISION
DGKZ,0.903337
PARP9,0.864449
NEDD4L,0.787101
MERTK,0.851026
DGKB,0.920234
CMTR1,0.955626
SRPK1,0.958185
TOPORS,0.996288
