GENE,ENVISION
SSH2,1.006820
PAK7,0.776185
CYP4A11,0.986884
