GENE,ENVISION
PTPN13,1.017450
PLK3,1.006440
AKT3,0.821746
COPG2,0.573827
NTRK3,0.759564
