GENE,ENVISION
TPK1,0.901119
SPHK2,0.979944
PKN3,0.873385
NOX1,0.854628
GPCPD1,0.742435
