GENE,ENVISION
PPIAL4A,1.021860
PRPF19,0.839152
MKRN3,0.937371
ADCY4,0.924553
GAL3ST1,0.759510
