GENE,ENVISION
ALDH1L2,0.707170
KYNU,0.795791
FTMT,0.919790
ENGASE,0.768642
