GENE,ENVISION
SLC13A3,0.917380
L2HGDH,0.966863
PTGIS,0.717067
WHSC1L1,0.848533
