GENE,ENVISION
POLN,0.734963
DGKZ,0.791795
MINK1,0.766123
SLC10A6,0.860634
PPP1R3A,0.861131
AMDHD1,0.787037
STK24,0.777772
TTN,0.827512
AUH,0.875008
PJA1,0.975501
ABCB6,0.843917
PLCB1,0.976476
TICRR,0.816753
PIGG,0.985962
EXTL1,0.806096
PLXNB3,0.862097
SLC20A2,0.876144
INPP5J,0.975069
MYLK,0.758012
MAP3K10,0.863878
ABCA4,0.812898
MGAT4B,0.825732
NEU1,1.003990
