GENE,ENVISION
LRP2,0.878156
SLC17A8,1.095090
LPIN1,0.949171
GNPDA2,0.727268
TKTL2,0.885443
CAMK4,0.952759
TPH2,0.919196
NOX3,0.784800
PLCH1,0.846913
SSH2,0.856737
TTN,0.978720
SLC15A2,0.927852
SPEG,0.825311
POLL,0.752033
HAS1,0.742154
GAD2,0.943663
PIP4K2B,0.954712
