GENE,ENVISION
PPAPDC3,0.877520
USP10,0.975896
GK2,1.006360
