GENE,ENVISION
PTPRU,0.914801
B3GNT2,1.006360
PDE1C,0.948675
MKRN3,0.777057
SLC22A7,0.868713
CES5A,0.911009
CHPF,0.790721
