GENE,ENVISION
ASH1L,1.032000
SLC12A7,0.854792
HGD,0.892540
