GENE,ENVISION
SLC7A6,0.917856
ABCA4,0.846596
PPP2R3A,0.914062
SMG1,0.905928
ZSWIM2,0.868390
