GENE,ENVISION
TBL1XR1,0.983600
MTR,0.880663
PFKFB4,0.858410
EPHA10,0.850731
PIK3C3,0.787101
ROR1,0.831265
