GENE,ENVISION
LRP2,1.010790
ENPP7,0.849505
SBK1,0.887149
LMTK2,0.956698
TREX2,0.908065
