GENE,ENVISION
LRP2,0.989216
BRSK2,1.061640
PPP1R3A,0.953189
FKBP11,0.769878
ACAD8,0.792913
NOX3,0.919553
PLB1,0.908198
TRIP12,0.987934
PAK7,0.922758
AANAT,0.663543
