GENE,ENVISION
KMT2C,0.907139
DNMT3B,0.938736
LARS2,0.946746
RPE65,0.938619
CPT1B,1.015690
FASTK,0.848677
PLCH1,0.819394
ACSBG1,0.954726
PTPRO,0.994092
ATP2B2,0.884568
