GENE,ENVISION
TRIM32,0.942369
COQ7,0.889102
PLCH1,0.916284
ATP6V0A2,0.896702
