GENE,ENVISION
LRP2,0.719329
SGK2,0.496484
EPHA7,0.791805
TKTL2,0.811110
PARP12,0.854516
PHKB,0.921105
DMGDH,0.963968
TRPM6,1.036880
PTPN11,0.786886
HIRIP3,0.919450
