GENE,ENVISION
UBR3,0.719785
PHLPP2,0.866481
POLK,1.019550
ACSM2B,0.908020
