GENE,ENVISION
LRP2,0.986473
PTPRN2,0.980397
NCOA6,0.818568
TICRR,1.049000
XPO6,0.910657
PTPN13,0.818568
ADCY4,0.837412
HSPG2,0.766082
CAMK2B,0.902475
GRK1,1.016030
SRPK3,0.983957
SLC27A1,0.967061
PDE4B,0.925789
TNKS2,0.881066
CHSY1,0.824991
SLC27A3,0.788851
UBR4,0.850983
