GENE,ENVISION
KMT2A,0.943015
CPA6,0.769498
PDXP,0.993486
POLE,0.777772
TTN,0.777814
PLA2G4C,0.816925
PTPRN,0.926647
PAK7,0.960006
PDE10A,0.953156
