GENE,ENVISION
USP9X,0.832583
NCOA6,0.814049
PKN2,0.899482
MYLK,0.974667
GPHN,0.919583
PRKDC,0.981777
POLE,0.869306
PIK3R4,0.814704
FGGY,0.974245
GUCY1B3,0.941753
GALNT7,0.839206
HIBCH,0.908054
NOX4,0.896757
