GENE,ENVISION
UGT3A1,0.914791
CBLL1,0.978400
