GENE,ENVISION
AOX1,0.783183
CHIA,0.909866
NDUFA12,0.762494
KARS,0.860622
