GENE,ENVISION
DUSP15,0.984961
LRP1,0.998847
SRPK3,1.002220
ROR2,0.961666
AGPAT9,1.007430
