GENE,ENVISION
SLC4A10,1.004340
LRP1,0.849394
BIRC6,0.725116
ILK,0.770215
INPP4A,0.971201
GALNT1,0.976080
ABCA4,1.005920
PADI2,0.820945
GLT8D2,0.821390
ATP2B2,0.819676
SLC27A1,0.837247
TAOK1,0.837651
