GENE,ENVISION
PLD4,0.702400
CYB5R1,0.907305
GALNT10,0.867915
TPSD1,0.860250
ADSSL1,1.007300
PDE10A,0.875026
