GENE,ENVISION
TICRR,0.913713
ASPH,0.769498
INPP4A,0.786616
ETNK1,0.804099
STAMBPL1,0.907175
SLC27A4,0.971519
