GENE,ENVISION
SARS2,1.000270
PLCB1,0.843623
RPS6KA2,0.984751
ALG13,0.856630
PLD1,1.021870
GALK2,0.811110
SLC17A4,0.928982
DEGS2,1.010010
POLR3GL,0.855099
SLC25A3,0.955020
MBOAT1,0.860263
TTN,0.880656
PIGW,0.751848
TRPM7,0.860622
