GENE,ENVISION
HSD17B10,0.529427
CDK16,0.982814
NPAS2,0.857600
PGM2,0.977222
POLR1B,0.996019
TTN,0.692209
ALG10,1.029170
ADSSL1,0.914475
USP22,0.968889
