GENE,ENVISION
FIG4,0.930596
PRODH2,0.761941
PPP1R3A,1.014910
GALNT2,0.788553
INPP5F,0.911630
