GENE,ENVISION
MARK1,0.766082
LRP1,0.709904
USP48,0.842570
SLC24A4,1.003170
PDK4,0.791852
HECTD1,0.876145
PLCH1,0.769387
TTN,0.781753
MOXD1,0.981482
HECW1,0.929683
