GENE,ENVISION
KANSL3,0.891045
FIG4,0.866757
G6PC3,1.013420
KMT2E,0.864416
