GENE,ENVISION
PANK4,0.922772
SLC2A9,0.782463
BAAT,0.882882
PADI1,0.966876
BMPR2,0.967844
SLC40A1,0.829331
