GENE,ENVISION
MYBBP1A,0.933755
TAOK3,0.901076
UBR4,0.905123
