GENE,ENVISION
TSSK1B,0.969142
RFWD2,0.869086
RAD9A,0.587815
UGT3A1,1.010930
LATS2,0.802041
LPPR5,1.016610
POLR3B,0.933747
USP29,0.927915
IKBKE,0.907753
NCOA6,0.818125
PPP1R3A,0.992443
RGL1,0.912446
SLC12A5,1.026310
SLC12A1,0.837548
LDHD,0.851980
KMT2B,0.937837
HUWE1,0.848247
MAN2C1,0.813133
ACSM2B,0.662635
CSNK1G3,0.951696
FRMPD2,0.938368
SLC15A3,0.785103
TRIP12,0.975619
SETD2,0.798398
SUV420H1,0.895298
ABCC11,1.012920
ABCG2,0.884117
TBL1XR1,1.007890
MYLK,0.908301
CDK6,0.984122
