GENE,ENVISION
RPUSD4,0.954999
KMT2A,0.825778
CYB5R1,0.853689
ADCY2,0.687450
QPRT,0.980726
PTPN13,0.838421
PPAPDC2,0.843085
USP29,0.945983
SLC17A7,0.831054
LGMN,1.000260
USP51,0.945965
DPYS,0.563451
CHD9,0.851927
YARS2,0.816457
ATP11A,1.007080
NPC1L1,0.942608
THNSL1,0.752031
CHST14,0.961025
