GENE,ENVISION
LRP2,0.853806
UROC1,1.006950
SLC24A3,0.904289
XYLT1,1.017820
MARCH4,0.932414
TTN,0.820718
HEPH,0.762629
GAL3ST2,0.933572
