GENE,ENVISION
RPS6KA6,0.826820
FAM65A,0.859419
SGK223,0.956180
ABCC8,0.977752
ATR,0.919431
UBR2,0.828124
PLA2G2E,0.962557
SETD5,0.781879
