GENE,ENVISION
STK32B,0.909817
HELZ2,0.920762
PGLYRP2,0.898450
DSTYK,0.856204
METTL3,0.796967
ACSM5,0.934343
MYLK3,0.989167
GMPPB,0.803750
SSH2,0.919286
ABCG8,0.856921
STK3,0.834726
PLCE1,0.919491
STK36,0.855075
SARDH,0.934317
CHPT1,0.851163
