GENE,ENVISION
GCNT4,0.986965
HACE1,0.925133
DSTYK,0.857184
ACOX1,0.839826
USP43,0.944286
USP42,1.022850
SLC12A5,0.983086
SLC12A1,0.788813
PDK4,0.902483
SLC18A2,0.969932
PLA2G3,0.965886
PXDN,0.745842
ABCC11,0.955314
