GENE,ENVISION
HSPG2,0.976619
SLC8B1,0.831444
SLC24A4,0.977567
PPP2R3A,0.781829
TIAM2,0.903523
TTN,0.809276
MIA3,0.945001
ACE2,1.013290
SETD2,0.835313
TRMT1L,0.952899
