GENE,ENVISION
PIP4K2C,0.858448
RNF19A,0.754564
