GENE,ENVISION
SLC17A4,0.919417
CDK13,0.865026
TTN,0.970812
