GENE,ENVISION
PLCB1,0.861416
PARP9,1.008180
FKBP8,0.897406
RNF180,0.819252
PADI3,0.913297
SARDH,0.993006
POLR3B,0.786086
TTN,1.047390
ACOT11,0.947357
PTPRK,0.786678
GAD2,0.538028
STK17A,0.996479
