GENE,ENVISION
USP9X,0.828819
HSPG2,0.956596
CDKL2,0.894321
