GENE,ENVISION
HUWE1,0.582126
SLC5A5,1.026600
WHSC1L1,0.790626
