GENE,ENVISION
MKNK1,0.861535
VRK3,1.050150
GCDH,0.898884
PPP1R3A,0.763198
LPCAT1,0.886591
