GENE,ENVISION
PDE11A,0.795911
USP33,0.980059
TTN,0.990089
SLCO2A1,0.992938
MINPP1,0.968406
