GENE,ENVISION
AOX1,0.921692
NME7,0.901718
PTPN12,0.752854
PIP5K1A,0.887162
POLG2,0.868129
HERC1,0.921661
AURKC,0.777815
SLCO1B1,0.807943
TNIK,0.766123
TTN,0.843373
STK36,0.836979
PGLYRP4,0.977346
MOXD1,0.711191
USP26,0.822567
SLC35D1,0.899871
MTMR2,0.868045
