GENE,ENVISION
HELZ2,0.974404
SGK223,0.947903
ALG2,0.786853
CLYBL,0.900832
RBBP6,0.822488
DPYD,0.967824
PLA2G7,0.642464
TTN,0.923718
AASDH,0.815896
PTPRN2,1.039540
KMT2B,0.916419
CYP4Z1,1.023090
TRHDE,0.861416
SLC13A3,0.833489
MYLK3,0.944365
XYLT1,0.839716
HERC1,0.811388
MAST1,0.856204
MERTK,0.811110
FRMPD2,0.940981
INPP5D,0.843373
SLC40A1,0.798637
AK7,0.935300
MYLK,0.806342
HAO2,0.998076
