GENE,ENVISION
GNPTAB,0.774285
P4HA3,0.752854
TRIP12,0.916792
EIF2AK4,0.795488
MOGAT1,0.809555
