GENE,ENVISION
UBE2O,0.979225
ERBB4,0.565839
PDE1C,1.106640
CDK10,0.889707
MAP3K1,0.709904
SLC7A11,0.816543
TTN,0.898252
SLC4A9,0.916272
