GENE,ENVISION
SLC12A4,0.824748
KAT6A,0.911673
GALNT15,1.019500
RNF123,0.995369
XYLT1,1.019080
