GENE,ENVISION
PCYT1B,0.847752
PLA2G4D,0.867085
CYLD,0.777199
TUSC3,0.725129
