GENE,ENVISION
B3GNT4,0.974614
AOC3,0.767806
ATP8A1,0.820824
LPIN2,0.825826
PCYT2,0.820819
AK3,0.911601
FLAD1,0.906869
MST1R,0.856692
TGM3,0.939889
GNPTAB,0.962206
USP9X,0.766044
PLCH1,0.918427
PLA2G2D,0.925450
MGAT4C,0.874839
ALG11,0.949547
SLC27A4,1.000040
TRIP12,0.774936
FUT8,0.789543
