GENE,ENVISION
ASAH2,0.938316
SDR16C5,0.820713
XYLT1,1.002670
FN3K,1.092880
ATP2B3,0.981281
DPEP2,0.955812
