GENE,ENVISION
PAPL,0.984617
ERBB4,0.981028
RGL1,0.997146
CMPK2,0.764006
PPP2R3A,0.966426
SLC24A2,0.863197
SLCO1B1,0.975171
ACSS3,0.951200
TTN,0.772755
ROR1,0.880755
