GENE,ENVISION
PTPN21,0.934611
SLC2A6,0.790516
HSPG2,0.976024
PRKDC,0.953237
AMDHD1,0.778073
SLC22A9,0.976746
