GENE,ENVISION
PIK3R5,0.811110
NPC1L1,1.010320
GLS2,0.785835
