GENE,ENVISION
LRP2,0.901263
AOX1,0.873623
PPP1R3B,1.000450
KAT8,0.597908
CHPF2,0.928804
UBR2,0.959803
TRIP12,0.766904
NT5DC3,0.900585
