GENE,ENVISION
UBE2Q1,0.713481
ATP6V1D,0.833131
ADCY2,0.958383
CYP2A13,0.888871
NUAK2,0.862186
ATP8A1,0.867317
MST1R,0.932251
BMP2K,0.858006
TNIK,0.885468
ACAD10,0.934204
PDE4C,0.798241
