GENE,ENVISION
MAN2C1,0.807780
MYLK3,0.858902
TGS1,1.014520
MOGAT2,0.925534
MYBBP1A,0.871732
PLA2G4C,0.873283
PAPOLG,0.891742
CCBL1,1.018810
SLC6A14,0.815429
