GENE,ENVISION
UBE2Q2,0.766044
WWP1,0.762027
TGM3,0.944692
POLR3B,0.859166
USP29,0.931708
USP24,0.900102
NCOA6,0.985604
SCARF2,0.923885
TKTL2,0.919404
SLC36A4,0.988545
PDE3A,0.904289
UHMK1,0.709904
RNF152,0.844537
GPCPD1,0.912121
ACVR2B,0.983997
VRK1,0.925848
ERBB4,0.722807
SLC13A1,0.845687
MOGAT3,0.742873
PLB1,0.800885
USP31,0.891919
PHEX,1.006840
ROR2,0.719100
DZIP3,0.990271
GALNT13,0.616723
STK31,1.055730
GFPT1,0.842193
SLC22A9,0.549983
