GENE,ENVISION
TSTA3,0.817740
PTRH1,0.950421
DGKH,0.841650
SUV420H2,0.956638
CHSY1,0.781841
