GENE,ENVISION
SLC29A4,0.936001
NDST4,0.816453
