GENE,ENVISION
ITPKC,0.793119
SLC34A3,0.953602
ADHFE1,0.860622
USP28,0.908110
