GENE,ENVISION
SLC2A7,0.937382
HUWE1,0.909251
WNK2,0.961996
PDK2,0.960411
TTN,0.898137
DUOX1,0.941342
