GENE,ENVISION
HECTD3,0.850902
TSSK1B,1.000910
CERS3,0.825220
SLC13A4,0.997461
MARCH5,0.782114
SLC4A4,0.735834
TTN,0.979230
AARS2,0.849383
NPC1L1,0.844813
