GENE,ENVISION
DGKZ,0.722545
GALNT15,0.977108
CHD9,0.870090
SGK223,0.891833
PPP1R3A,0.986860
FKBP11,0.978486
ACSS3,0.938419
ACSS1,1.017450
UGT3A1,1.029840
NTRK2,1.020200
AGXT2,0.893035
SLC4A4,0.913580
CES3,0.980007
PIK3R4,0.890761
TTN,0.978697
ZSWIM2,1.009360
HMGCLL1,0.753821
UGT2B28,0.769387
USP15,0.745842
PTPRK,0.913621
SLCO1C1,0.767808
