GENE,ENVISION
EHMT2,0.876800
TRHDE,0.799247
DUOX1,0.859268
PLCXD2,0.833925
UGT2A1,0.993205
HERC1,0.783900
FIG4,0.945071
TTN,0.921903
AURKB,0.918275
PIP4K2B,1.011280
ABHD5,0.901326
