GENE,ENVISION
PDE1C,0.702198
FASTK,0.993021
EIF2AK3,0.837756
ATM,0.976246
NPAS2,0.975619
