GENE,ENVISION
PXYLP1,0.843994
ZCCHC11,0.730660
LMTK3,0.917343
UQCR10,0.935964
MAPK6,0.884913
SACM1L,0.790588
PIP5KL1,0.811110
