GENE,ENVISION
USP20,0.842732
CYP8B1,1.007270
SETD2,0.818825
SDR16C5,0.942578
