GENE,ENVISION
ZCCHC11,0.787759
PRODH2,0.856880
PTDSS2,0.861416
NADSYN1,0.762927
MOCS1,0.850978
TTN,0.656033
ME3,0.956810
MYLK3,0.815250
ALG12,1.012640
