GENE,ENVISION
EHMT1,0.951220
LRP1,0.984350
ENTPD2,0.819940
PMPCA,0.719785
CHST8,0.844813
EPHA7,0.868111
ACSM3,0.915000
PRDX1,0.910408
UBE3B,1.006330
AMDHD2,0.849747
NOL9,1.008690
TTN,0.815688
PNPLA7,0.900372
KAT6A,0.865841
