GENE,ENVISION
AASS,0.926113
PTPRS,0.813133
PTPN13,0.939872
UAP1,0.888907
DUSP28,0.941493
ENPP6,0.913869
CPT1B,0.968563
ATR,0.842832
CDC42BPB,0.863940
NEU4,0.776307
LMTK3,0.846237
ACOT12,1.027770
ALG14,0.979857
