GENE,ENVISION
NCOA3,0.947287
SLC9A7,0.813133
NSDHL,0.811211
ELOVL3,0.785835
FRMPD2,0.841282
HEPH,0.742435
RNF216,0.850208
