GENE,ENVISION
BIRC6,0.735001
MOCS1,0.961453
MED1,0.848737
MYLIP,0.981288
TTN,1.015500
UHRF1,0.897906
TAOK2,0.763348
