GENE,ENVISION
PLCD3,0.988499
DUSP27,0.828991
