GENE,ENVISION
SLC6A3,0.978465
ALG2,0.921607
TRPM6,0.980965
PPARA,0.911619
