GENE,ENVISION
LARS,0.861416
GALNT14,0.770208
PPP1R3A,0.940397
ERBB4,0.952824
ATM,0.923876
PON3,0.558756
SLC4A7,0.805923
HAO2,0.962142
CHPF,0.778646
PXDN,0.858722
