GENE,ENVISION
SLC4A10,0.810043
MAP3K1,0.717424
