GENE,ENVISION
UROC1,1.011070
TRHDE,0.863630
SUCLA2,0.987617
MST1R,0.949817
ACSM2A,0.790678
MKRN2,1.007300
PI4K2A,0.822843
ACAD11,1.007780
