GENE,ENVISION
UCKL1,0.836539
DUOX1,0.779256
SLC28A3,0.852119
HIPK3,0.905296
MAST1,0.893579
USP9X,0.912796
CDC42BPG,0.820729
UAP1L1,0.900822
NOX4,0.858410
HEPH,0.941486
UBR4,0.895659
