GENE,ENVISION
TTN,0.864262
MYLK4,0.899614
CHST4,0.791263
USP48,0.916296
ALK,0.845984
