GENE,ENVISION
STK32C,0.848229
PNLIPRP3,1.015200
MYO3B,0.873729
SGK3,0.709904
NAAA,0.909552
PIKFYVE,0.868342
CDK15,0.807620
PLCH1,0.745842
TTN,0.752384
KAT6A,0.853855
AKR1C1,0.802565
CREBBP,0.540436
REG3A,0.980011
