GENE,ENVISION
PDIA6,0.772274
ATP8A1,0.815582
SLC9A8,0.987641
PRKDC,0.953237
VARS2,0.866991
TTN,0.974865
PAPD4,0.819678
UBR2,0.970206
LARS2,0.920032
