GENE,ENVISION
LRP2,0.780327
NEK5,0.911681
UGT3A1,0.731947
USP10,0.988016
ATP1A4,0.875917
TTN,0.744242
LPCAT1,1.008740
DYRK1B,0.871160
PXDN,0.928439
DUSP27,0.833005
