GENE,ENVISION
COLGALT2,0.828529
KMT2C,0.873220
ASH1L,0.772581
DPYSL2,0.705442
DDR2,0.996646
KCNJ11,1.006710
EIF2AK4,0.893810
SLC12A5,0.899765
STK24,0.857831
POLE3,0.931615
QTRT1,0.922845
SLC25A13,0.842559
