GENE,ENVISION
HACD3,0.813133
ULK4,0.844321
KMT2E,0.910892
PTPN13,0.908565
RBBP6,0.825429
PRKDC,0.797250
LHPP,0.813012
MOCS1,1.010210
EP300,0.855799
TNNI3K,0.861376
