GENE,ENVISION
CDK13,0.889269
ATP6V0A2,1.028070
