GENE,ENVISION
PRKAG2,0.857473
NCOA6,0.807462
STK31,0.896468
PTPN13,0.979048
BIRC6,0.860942
UGT3A1,1.010840
RBBP6,0.768373
KL,1.036090
EPHA7,0.766044
PADI3,0.944690
MED1,0.980158
TTN,0.988733
TRPM6,0.817746
IP6K3,0.943133
MTMR2,0.837508
ABCA3,0.934402
