GENE,ENVISION
STK31,0.952436
FKBP8,0.745842
KMT2E,0.780801
