GENE,ENVISION
HS3ST4,0.814683
ATP6V1H,0.782862
CTSF,0.878055
SLC25A19,0.855075
SGPP2,0.777880
GAD2,0.752296
