GENE,ENVISION
PLCB1,0.835928
NDST4,0.851930
UHRF1,0.970019
SLC15A4,0.933475
