GENE,ENVISION
MYO3A,0.897493
SLC2A8,0.769387
SLC13A1,0.873281
SLC13A5,0.992505
SETD1B,0.996537
MIA3,0.957618
HEXDC,0.780535
