GENE,ENVISION
POLR3E,0.932717
PTPN21,0.766449
ALK,0.914055
ACVR1C,0.579811
AMPD3,1.010710
RAD9A,0.787352
G6PC3,0.933090
LRP1,0.736240
DUSP18,0.916454
FAAH2,0.997373
CDK10,0.764378
