GENE,ENVISION
GNPTAB,0.895214
SLC26A9,0.982479
UCK2,0.856621
TTN,0.967696
ENPP7,0.862997
