GENE,ENVISION
LPIN2,0.921767
TBCB,0.980111
NT5C1B,0.954260
GFPT1,0.766123
B3GAT1,0.805227
ACAD11,0.820347
UGGT2,0.662128
