GENE,ENVISION
AASDH,0.958603
ABHD6,0.971858
MASTL,0.942253
LGSN,1.031170
