GENE,ENVISION
MARK4,0.976339
LIPE,0.940092
ACVR1C,0.855821
PPP1R3A,0.975227
WNK3,0.797250
USP7,0.815582
SLC4A5,1.017230
TTN,0.916516
EP300,0.913128
ZCCHC6,0.731631
SPTLC3,0.918401
