GENE,ENVISION
HIPK3,0.901104
ST3GAL1,0.903989
HECTD1,0.868111
BHMT,0.868853
MAT2B,0.801500
SLC7A7,0.990004
CYP27A1,0.785035
LATS2,0.869824
SLC5A11,0.984223
PYCR2,0.977466
RNF19B,1.008710
MARCH8,0.754599
RNF31,0.946247
