GENE,ENVISION
PTDSS2,0.861535
SUV39H2,0.892522
LPIN3,0.847894
ABCG8,0.973706
PRKAG2,0.970381
PRKDC,0.872565
NOX1,0.820762
TNIK,1.004570
PPAT,0.928866
SLC29A4,0.929108
TTN,0.899661
GCDH,0.569047
SLC26A8,0.918913
KCNJ8,0.675525
PXDN,0.843197
