GENE,ENVISION
ATP6V0B,0.988949
SLC9A4,0.769387
USP48,0.854838
PARP14,0.826645
RPAP2,1.009400
SLC22A11,0.953541
MKRN3,0.926435
TTN,0.636843
STK36,0.751333
TUT1,0.992188
ALG13,0.898333
ABCC2,0.797623
