GENE,ENVISION
OCRL,0.957272
KMT2B,0.911603
LPIN2,0.842310
MYLK,1.004340
GDPD2,0.870986
CDC42BPA,0.917301
CCBL2,0.995302
CTDSP1,0.816424
CHST7,0.873814
SLC35A1,0.774585
