GENE,ENVISION
CHST7,0.979423
PGS1,0.873385
