GENE,ENVISION
B4GALNT4,0.867480
AGXT2,1.009910
ADCY10,0.972767
USP25,0.777772
RNF31,0.923253
LOXL2,0.769878
SLC9A7,0.754599
SLC9A2,0.909499
TTN,0.822565
DGKB,1.017010
NUDT9,0.963433
CPT1C,1.017660
MAT2B,0.813133
MAN2A1,0.883376
PLCL1,0.774752
SETD2,0.862865
TPTE2,0.954640
PARP10,0.881264
SLC22A9,0.903627
STK31,0.916225
ATP1A4,0.757643
HECW2,0.769810
SPEG,0.790673
NPC1L1,0.780535
