GENE,ENVISION
USP17L2,0.777772
MERTK,0.913372
UGT3A1,0.810335
USP9X,0.864972
TNIK,0.858357
DYRK4,0.729373
COX7B2,0.917332
SLC10A2,0.961152
SLC10A1,0.874838
DHRS9,1.009310
OLAH,0.802211
OXSM,0.912954
NTRK3,0.829479
SLC12A5,0.831721
SLC12A7,0.831794
TTN,0.742316
REG3A,0.710695
MAN2C1,0.861451
PIKFYVE,0.993875
CLC,0.919220
MIA3,0.886016
PDE10A,0.763152
SUV420H2,0.665593
SLCO1C1,0.995553
CSAD,0.679810
MDH1B,0.911730
KAT6A,0.829861
