GENE,ENVISION
SLC34A1,0.845131
CDS1,0.905972
SLC12A5,0.830858
