GENE,ENVISION
ST6GALNAC5,0.778646
MYLK4,0.968600
TNIK,0.909210
