GENE,ENVISION
PLCB4,0.921501
CHD9,0.838741
SDR42E1,0.980465
LPPR4,0.796034
PLCE1,0.973096
PADI4,0.893495
SLC29A1,0.867063
NSD1,0.859206
CHPF,0.783271
