GENE,ENVISION
SLC34A3,0.962433
MARK2,1.015830
