GENE,ENVISION
TNK1,0.823419
GALK2,0.772821
BIRC6,0.995052
CDK17,0.869045
CES5A,0.899725
USP31,0.832854
