GENE,ENVISION
CSNK1A1L,0.744187
MKNK2,0.943196
SLC32A1,0.929832
MYLK,0.844280
WNK4,0.986170
ATP6V0A4,0.979930
USP13,0.982319
NT5C1B,0.878209
SSH1,1.002120
GAL3ST3,0.729798
COASY,0.846598
TTN,0.720931
