GENE,ENVISION
DNMT3B,1.024920
ADCY2,0.552289
CTDSPL2,0.782980
XYLT2,0.842548
WNK4,0.961693
PARP10,0.914800
PFKP,0.989482
USP13,0.833037
ACSM2B,0.954439
MAP3K3,0.932714
DUSP23,0.832101
TNNI3K,0.800383
CSGALNACT1,1.005490
