GENE,ENVISION
PLK2,0.719643
PLCD3,0.904495
