GENE,ENVISION
RNF167,0.775842
UROC1,0.968980
HSPG2,0.981656
TTN,0.846257
SLC35A2,0.976419
ATP2B2,0.771232
