GENE,ENVISION
MAP3K9,0.836406
PLA2G12B,0.812059
HSPG2,0.839207
WNK4,0.867027
GPLD1,0.719288
DYRK4,0.752031
PLA2G4F,0.958383
GALNT3,0.971682
