GENE,ENVISION
GALNT14,1.060530
ERBB4,0.911935
GPT2,0.873880
SLC17A6,0.942430
SLC22A11,0.917355
TIAM2,0.775548
DIO2,0.888069
AATK,0.983097
ATP2B2,0.762093
