GENE,ENVISION
PCYT1B,0.852418
PARP4,0.855075
HS3ST3A1,0.810006
POLR3B,0.861177
AACS,0.943176
MCEE,0.975423
