GENE,ENVISION
SIRT2,0.971747
TICRR,0.978231
ULK4,0.964309
SLC7A11,0.832500
DUSP16,0.769387
TYRO3,0.975905
