GENE,ENVISION
LRP2,0.783160
CPT1B,0.856725
WNK3,0.905439
TTN,0.874758
USP32,0.810821
ST6GALNAC1,0.892379
