GENE,ENVISION
KMT2A,0.894182
ATM,0.963908
CAMK1D,0.961018
PTPN13,0.767808
CROT,0.897359
PPP2R3A,0.966113
SLC13A4,0.979492
MYLK,0.796436
NEK8,0.965322
ACSS3,0.864629
L2HGDH,1.073370
MARK1,0.861535
PARP4,0.799167
SLC22A8,0.932067
TTN,0.752854
