GENE,ENVISION
MARK4,0.837816
GRK7,0.919776
SDR9C7,1.001150
