GENE,ENVISION
PTPN13,0.923030
DHRS2,0.758355
TTN,0.814173
