GENE,ENVISION
DYRK1A,0.719643
PRKCZ,0.860577
OXCT2,0.992616
