GENE,ENVISION
PINK1,0.924180
EPHA7,0.983903
NCOA1,0.847462
