GENE,ENVISION
HUWE1,0.877696
SPEG,0.856577
MAP3K1,0.786678
ACSBG1,0.958157
PGLYRP2,0.805072
