GENE,ENVISION
SDR42E1,0.945909
DNMT3A,0.786678
