GENE,ENVISION
NEDD4L,0.918805
PMVK,0.940092
NEU2,0.879134
