GENE,ENVISION
NAGPA,0.865227
AMPD2,0.719785
CDK10,0.901918
TESK2,0.886772
COPG1,0.974728
SLC6A13,0.983411
ABCC2,0.937013
