GENE,ENVISION
PLK2,0.825436
CDK11A,1.002090
