GENE,ENVISION
LRP2,0.871214
SMURF1,0.945333
ASH1L,0.961042
UROC1,1.019920
METTL3,0.737066
NOX1,0.947594
SRMS,1.005780
PLCE1,0.743783
PXDN,0.778646
ITK,0.800394
