GENE,ENVISION
USP24,0.855073
KAT2B,0.914497
