GENE,ENVISION
PTPN13,0.752854
NCOA3,0.752854
SLC27A6,0.990048
ACY3,0.839563
