GENE,ENVISION
AKT3,0.925467
TTN,0.987558
PIPOX,0.840574
