GENE,ENVISION
LRP1,0.829326
RGL1,0.814299
BIRC6,0.925595
TTN,0.860360
SAP130,0.783346
ATP6V0A1,1.017010
