GENE,ENVISION
SLC9A2,0.825747
PPP1R3A,0.943821
GDA,0.752854
EPHA7,1.012310
TKTL2,0.897371
PTK6,0.781078
PDE1C,1.012540
TTN,0.813133
ATP11A,0.752854
SLC26A7,0.979144
PLA2G4C,0.940585
USP31,0.820450
DUSP16,0.776365
