GENE,ENVISION
KMT2C,0.852092
STK26,0.852901
AGXT2,0.805628
FITM2,0.973222
SLC35B2,0.767556
TTN,0.931459
CDC42BPB,0.611923
