GENE,ENVISION
HS3ST5,0.905100
PTPRS,0.855398
PI4KB,0.926584
NSDHL,0.811995
CTDSPL2,0.842570
PRPF19,0.855469
CHIT1,0.842794
MYLK3,0.763674
TTN,0.975865
PDE11A,0.833131
CNDP1,0.797012
DUSP27,0.879653
