GENE,ENVISION
ASH1L,0.600634
L2HGDH,1.015630
UBE2J1,0.895631
PIKFYVE,0.818912
SLC2A13,0.953368
RAD18,0.943034
NDST4,0.769356
MAP3K4,0.932493
PTPN14,0.889269
HERC1,0.896928
NOX3,0.904935
STK33,0.952745
TTN,0.646791
MIA3,0.961361
EPHA10,0.813664
