GENE,ENVISION
HIPK1,0.882986
PPP2R3A,0.769239
SLC12A1,0.945730
TTN,0.814173
SLCO1C1,0.914606
