GENE,ENVISION
FMO2,0.777057
ULK4,0.985880
PPP1R3A,1.010890
PDE3A,1.014300
SLC5A5,0.983989
AURKB,0.856059
ACAD10,0.921091
KAT6A,0.943750
