GENE,ENVISION
NCOA2,0.801916
CREBBP,0.803550
TRHDE,0.957674
ALG2,0.790467
TMEM27,0.987312
ALG6,0.792547
SLCO1B3,0.766096
HECW1,0.856204
HELZ2,0.797083
TRIB3,0.874052
USP31,0.968637
SETD2,0.815036
SETD5,0.932755
ABCC2,1.004440
