GENE,ENVISION
DHRS4,0.689216
PRKDC,0.957856
TTN,0.693463
ME3,0.915728
STK38,0.935738
USP25,0.752854
PIP4K2B,0.912512
