GENE,ENVISION
SIRT3,0.922157
SLC24A3,0.766082
NRF1,0.771232
