GENE,ENVISION
PLXNB3,0.861517
ABCA3,0.940648
ATM,0.925282
MDH1B,0.907504
USP47,0.926141
TECRL,0.841011
SLC24A2,0.726924
BMP2K,0.844178
CPT1C,1.005810
FARSB,0.810780
PRKCZ,0.936905
TTN,0.777380
IKBKE,1.005830
ATP2B2,0.792236
MDP1,0.967300
CDC42BPA,0.757871
