GENE,ENVISION
TAOK2,0.945066
ABCG8,1.023660
AQP10,1.021140
TPH2,0.777772
TTN,0.935977
UGGT2,0.926615
SAP130,0.822369
