GENE,ENVISION
MAP4K3,0.987262
TGM3,0.980794
DPYSL3,0.921374
PEAK1,0.782394
ABCA3,0.876266
TIAM2,0.948857
CTSF,0.756060
PADI3,0.842204
PADI4,0.841528
TNKS2,0.832841
MCCC2,0.590256
UBR4,0.869698
