GENE,ENVISION
MAP4K2,0.858410
PPP1R3A,0.830140
GLTP,0.985614
ATP1B4,0.986226
ROCK1,0.925209
PHEX,0.957814
SLC12A6,1.017970
TTN,0.860510
ATP2B2,0.820924
SLCO4A1,0.714747
GALNT3,0.978220
