GENE,ENVISION
UBE2Q2,0.845726
LRSAM1,0.978118
SLC4A7,0.776743
PNPLA6,0.999663
PRKD1,0.968192
PLCD3,0.804608
