GENE,ENVISION
CAMK1,0.566687
NSD1,0.938871
HELZ2,1.000980
