GENE,ENVISION
CYP3A43,0.574004
PAFAH2,0.765266
ST6GALNAC4,0.798139
UBE2J2,0.888773
TRAF7,0.942932
KMT2A,0.847411
PRRT2,0.855388
SLC26A1,0.913185
COPG2,0.863112
TTN,0.906785
USP24,0.924078
SHPRH,0.949868
