GENE,ENVISION
PLCB4,0.856025
PRPF4B,0.881208
SETDB1,0.955125
SMG1,0.866751
PTPRK,0.920697
CHST4,0.959621
