GENE,ENVISION
SLC41A1,0.864326
GSTO2,0.720931
