GENE,ENVISION
KMT2A,0.855389
AKT3,0.636607
