GENE,ENVISION
INPP5D,0.788930
MTMR3,0.939370
SDR16C5,0.967590
LCLAT1,1.013620
STYK1,0.973704
CAMK4,0.974555
ACSM2B,0.814576
AKT3,0.965283
ABCC8,0.938180
TTN,0.957047
PIGV,0.916058
MGAT5B,0.769878
TRPM6,0.946476
PTPRH,0.998045
SLC25A13,0.974246
PDE10A,0.909693
ACSBG1,0.980204
