GENE,ENVISION
CAMK2D,0.561337
SLC9A5,0.902922
MAN2A1,0.995548
