GENE,ENVISION
BRSK1,0.796912
AMN,0.721575
EIF2AK3,0.771555
RIPK1,1.021600
ATP11C,0.802058
TTN,0.551920
SSH1,0.968941
NLK,0.852901
