GENE,ENVISION
SMURF2,0.868352
SDR16C5,0.958967
PDE7A,0.889801
SLC12A7,1.010640
CDC42BPG,0.977466
MGAT5,0.832583
GGT7,0.894985
SLC35B4,0.920190
