GENE,ENVISION
PAN2,0.860942
CPT1C,0.958421
SLC9A8,0.864686
PRKD1,0.855341
