GENE,ENVISION
FMO1,0.938769
ASAH2,0.942464
PLK2,0.964135
SQLE,0.733618
MBOAT1,0.813133
TTN,1.049410
USP29,0.802461
PTPRO,0.987455
GAD1,0.970506
NRF1,0.981891
