GENE,ENVISION
TNKS2,0.763930
MAP3K14,0.856204
GRHL1,0.901644
