GENE,ENVISION
SLCO1B1,1.057310
PNLIPRP3,1.006780
TTN,0.634522
ROR1,0.807296
