GENE,ENVISION
RIOK2,0.860192
GALM,0.992730
AURKC,0.992762
RNF139,0.988443
PIKFYVE,0.885828
