GENE,ENVISION
PGM2L1,0.995726
SMURF2,0.920494
SMG1,0.861535
SGK2,0.893386
EXT1,0.932178
NEK1,0.982283
DDR2,0.984299
TLK2,0.861177
NEDD4L,0.861177
CYP26B1,0.963607
ABCG8,0.830530
FIG4,0.947208
ABCA3,1.021340
MIA3,0.848881
MGAT4B,0.818534
GAL3ST1,0.907682
LIPE,0.820630
SLC22A8,0.929757
PAK1,0.860981
