GENE,ENVISION
ACVR2B,0.870025
LRRK1,0.872260
LIPG,0.951542
EXTL1,0.989845
PPP2R3A,0.998790
ACAT2,1.015350
CHSY1,0.854838
HIPK1,0.830805
LPCAT2,0.719288
TTN,0.856592
DIO2,0.785442
USP51,0.959006
PLA2G4F,0.958383
