GENE,ENVISION
UPP1,0.982744
PARS2,0.767475
ATM,0.841262
PPM1K,0.745842
TTN,0.844341
HECW2,0.767381
SLC15A2,0.787232
SPEG,0.786678
SHPRH,0.784841
PRKD1,0.864700
