GENE,ENVISION
ADI1,0.844335
LMTK2,0.933695
