GENE,ENVISION
UBR3,0.863306
TRPM6,0.987713
GUK1,0.720985
PTPRR,0.839174
