GENE,ENVISION
SLC25A2,0.833090
CA14,0.559479
PRKDC,0.786853
