GENE,ENVISION
ASAH2,1.022520
UBE2E3,0.736638
