GENE,ENVISION
WNK2,0.898650
PLCB1,0.971675
ELOVL1,0.978203
