GENE,ENVISION
ACOT11,0.946784
AASDHPPT,0.993386
TTN,0.813133
PIKFYVE,0.964576
