GENE,ENVISION
DGKZ,0.899708
ASH1L,0.787877
UBE2O,0.855398
RNF185,0.787106
MAP3K3,0.955695
ROCK1,0.713239
PLCB2,0.903597
XYLT1,0.848991
ATP1A4,0.990761
CHST5,0.810405
ABCC11,0.958400
