GENE,ENVISION
B3GNT8,0.896891
ATM,0.961858
POLE3,0.926608
TTN,0.759110
GTF3C4,0.792489
