GENE,ENVISION
STK11,0.703464
KMT2A,0.781950
POLD3,0.912900
FAR1,0.766837
SLC46A1,0.978935
