GENE,ENVISION
HERC1,0.887878
UBR2,1.009460
TTN,1.003910
