GENE,ENVISION
AOC3,0.774484
KMT2A,0.882019
AGXT2,0.979193
POLR3E,0.921501
ATP11A,0.986328
AWAT1,1.001120
B3GNT6,0.979572
HACE1,0.995931
EXT1,0.794779
SLC9A2,0.801717
TTN,0.845680
PISD,0.837092
ASH1L,0.903005
SIRT7,0.864262
ERBB4,0.953376
SH3RF1,0.742435
PIGK,0.879914
TIPARP,0.778185
HELZ2,0.826193
HEPH,0.752854
VRK3,0.987840
CNDP1,0.882510
TBL1XR1,1.024800
PTPN13,0.824871
SLC17A6,0.979082
CSAD,0.750357
NEDD4L,0.921257
CREBBP,0.802936
