GENE,ENVISION
STK32B,0.763930
RFWD2,0.852569
FLAD1,0.849833
CSAD,0.910685
CTDP1,0.845658
LPPR3,0.968884
TTN,0.753389
