GENE,ENVISION
PDE4C,0.857157
GALNT13,0.600518
RPS6KC1,0.977185
MIB1,0.943413
NTRK3,1.015120
HERC3,0.999091
TTN,0.624314
LDHD,0.871879
SCD5,0.985209
SGK2,0.779654
