GENE,ENVISION
SLC5A5,0.952280
SLC27A1,0.913675
DUPD1,0.813482
GPAT2,0.772039
MAP3K10,0.945792
SLC18A3,0.945589
NOX3,0.978483
TTN,0.656404
SLC29A1,0.802721
GTF3C4,1.000120
SLC26A8,0.988329
TRIP12,0.610201
MAP3K15,0.744183
ST6GALNAC3,0.923429
HLTF,0.765266
REG3A,0.923906
