GENE,ENVISION
LRRK1,0.856204
AASS,0.928035
CAMK2B,0.694242
GRK1,0.969575
SLC12A7,0.937983
LPCAT2,0.831493
PPP2R2B,0.646561
