GENE,ENVISION
SLC17A4,0.854830
MELK,0.839207
PAK7,0.963577
