GENE,ENVISION
MYO3A,0.981369
DAGLA,0.922040
TMLHE,0.893503
QPRT,0.857077
PLOD1,0.967682
PGLYRP2,0.907705
TTN,0.848437
PDE11A,0.857831
SLCO1C1,0.744925
ZC3HAV1,0.942420
