GENE,ENVISION
ATM,0.879281
PIGT,1.006620
RBBP6,0.828747
