GENE,ENVISION
SLC6A13,0.823130
PLCB4,0.943716
