GENE,ENVISION
ATP6V0A4,0.852756
SLC12A4,0.779894
MTHFD2L,0.925663
SLCO1B3,0.851697
