GENE,ENVISION
SLC9A5,0.852147
GK2,0.902567
SMURF2,0.835319
B4GALNT3,0.818687
ST8SIA4,0.917501
UGT2A3,0.796345
MAT1A,0.884166
PRKD1,1.063960
SLCO1B1,0.816806
EHMT2,0.836013
TTN,0.799172
TMX3,0.961794
TRPM6,0.984608
PTPRH,0.871081
PTK2,0.781327
TNNI3K,0.860577
FGGY,0.934109
