GENE,ENVISION
SLC25A13,0.940409
NAPRT,0.905932
NGLY1,0.959192
GRHPR,0.970376
NEK1,0.879022
