GENE,ENVISION
PLCB3,0.892420
MTMR3,1.016990
GLYCTK,0.975490
STK3,0.803864
PRKG2,0.813107
PIK3C3,0.796912
ST6GALNAC3,0.993224
ZCCHC6,0.814354
SLCO1C1,0.799619
