GENE,ENVISION
SLC41A1,0.977746
PLCB3,0.907749
PEMT,0.848866
UCKL1,1.003120
PLK3,0.955593
ITPKC,0.846794
RIPK3,0.797683
LPCAT1,0.978062
RNF25,0.815428
EP300,0.850387
AASDH,0.982381
INPP5J,0.870463
