GENE,ENVISION
RPS6KA1,0.865823
PAN2,0.857046
CDK13,0.878850
PPT2,0.877492
ACSM2A,0.829967
GRK1,0.675740
