GENE,ENVISION
HS2ST1,0.898292
CPT1B,0.982497
GNE,1.010720
