GENE,ENVISION
PDE7A,0.793664
CHIA,1.004150
PDE4D,0.760650
PSKH2,0.974853
PLA2G4D,0.910147
