GENE,ENVISION
GSTA5,0.752854
PADI2,0.827021
USP15,0.849827
RNF139,0.944026
SLC30A6,0.866133
SLCO1C1,0.752854
