GENE,ENVISION
SLC6A20,0.999305
SLC20A1,0.919841
ALK,0.942960
MOGS,1.016740
USP9X,0.889211
ME3,0.759805
TTN,0.977608
HECW2,0.982694
