GENE,ENVISION
STK32B,0.799145
LRP1,0.922040
PARP12,0.681313
HUWE1,0.783434
NDST4,0.909537
ACSM2B,0.768972
SLCO1B3,0.989489
GALNT8,1.015820
MANSC1,0.969076
HS6ST3,0.915949
TP53RK,0.932702
PLA2G4F,0.790393
