GENE,ENVISION
MAP3K15,0.968804
PLCL1,0.982497
FAR1,0.719785
SSH3,0.727762
STK36,0.946086
PAPOLG,0.873147
TTN,0.775127
