GENE,ENVISION
BIRC6,0.870840
SLC12A7,0.850992
UXS1,0.822776
