GENE,ENVISION
NSD1,0.987930
PADI6,0.958754
