GENE,ENVISION
CDK19,0.848040
GALNT11,0.882881
CYP4F11,1.092310
NEK8,0.962176
AWAT1,0.967615
PDP1,0.858410
USP9X,0.762093
LRP1,0.869232
TTN,0.692979
PPIE,0.996191
SHPRH,0.864849
TAOK1,0.830857
