GENE,ENVISION
LGALS13,0.926205
SLCO1B1,1.112700
SLC9A2,0.765266
SLC4A5,0.912292
SLC22A6,0.940776
TTN,0.985016
PLA2G3,0.969551
UGT2B28,0.737046
SLC6A14,0.820310
PDE10A,0.824795
UBR4,0.720644
