GENE,ENVISION
SSH1,1.010590
PRKG2,1.064730
