GENE,ENVISION
RWDD2A,0.950554
GPT2,0.853317
WARS2,1.002150
HECW2,0.745842
SLC5A7,0.884738
NSD1,0.780282
CHST5,1.008180
CSGALNACT1,1.056040
