GENE,ENVISION
AMPD2,0.766837
SLC2A14,1.007950
SLC7A3,0.831393
MAN1B1,0.919609
PPP1R3A,0.784176
A4GNT,1.006240
CAMK4,0.831870
SLC12A7,0.975996
TTN,0.857942
ATP6V0B,0.813273
PLCB1,0.725514
SH3RF3,0.878453
EXT1,0.813521
SDR42E1,1.001200
SLC24A2,0.923870
PADI3,0.852732
ATP2B3,0.869306
ST6GALNAC2,0.850515
BDH1,0.819345
ABCG5,1.034630
SLC17A4,0.988142
CDS1,0.788960
ETNPPL,0.985133
ATP6V0A4,0.991065
MTRR,0.939945
NEU4,0.933107
PAK7,0.857819
