GENE,ENVISION
RPS6KA2,0.858112
LGMN,0.958704
CSNK1G3,0.559709
EYA1,1.008570
USP47,0.866919
PRPF4B,0.766044
XYLT1,0.975847
PLCL1,0.904481
MDH1B,0.920381
ALG11,0.944136
CHFR,0.823419
TRPM6,0.726904
NTRK3,0.875743
PTPRK,0.860577
AATK,0.909302
ENPP7,0.991774
