GENE,ENVISION
SLC4A10,0.755866
CYP4Z1,1.050110
ZNRF2,0.914219
STYK1,0.972717
EXTL1,0.826924
PARP6,0.898645
SLK,0.612200
CHST9,0.875594
PDIA2,0.926265
EZH1,0.754690
SLC6A18,1.022220
MED1,0.806983
CREBBP,0.580943
LCLAT1,0.960895
B3GALTL,0.756303
SETD5,0.901299
AUH,0.835693
CTPS2,0.991652
