GENE,ENVISION
DUOX1,0.934846
PKN2,0.847794
ANKRD1,0.869306
PTPRR,0.851970
