GENE,ENVISION
ENOPH1,0.721932
ALG1,0.840440
KMT2E,0.993600
ROR1,0.976579
