GENE,ENVISION
UAP1,1.033060
MARS2,0.769838
AGXT2,0.829902
POLD3,0.829035
PINK1,0.981371
UBR2,0.988231
