GENE,ENVISION
NUDT9,0.877776
DHRS4,0.704690
TTN,0.780152
