GENE,ENVISION
EHMT1,0.863406
STK35,0.824779
B3GALT1,0.948115
ABCA3,0.856693
PARP14,0.941023
CNDP2,0.863871
SLC13A5,0.903161
UGT2A1,0.815824
HERC1,0.726372
MED1,0.904883
ABCB6,0.991041
SLC5A6,0.981473
OXCT2,0.971393
ALG13,0.886267
ACO2,0.797535
SLCO4A1,0.976444
ACSS1,0.904339
SLC27A3,0.774033
NAAA,0.865923
