GENE,ENVISION
USP38,0.882803
AK3,0.809408
CTSF,0.841517
PIGO,0.954071
