GENE,ENVISION
PCK2,0.982474
MARCH10,1.027700
CYB5R2,0.978559
SLC7A3,1.001800
ATP6V0A1,0.879817
ACER1,1.003200
CHD9,0.853054
UHRF1,0.838815
SLC34A1,0.867018
TTN,0.813133
COPG1,0.899718
AARS2,1.004690
ABCB6,0.956023
STK36,0.961437
CAMK2B,0.800930
PADI6,0.951287
ST6GALNAC5,0.997852
IP6K2,0.910083
GALNT2,0.714989
UBR4,0.762093
PDE4C,0.990819
SLC17A8,0.856830
DDR2,0.577953
PARP12,0.775957
MLK4,0.746629
SARDH,0.940463
ABCA3,0.776348
MGAT4C,0.778646
PIP4K2B,0.943142
