GENE,ENVISION
UBE2Q2,0.869045
AGXT2,1.016080
POLR3B,0.802521
LPIN2,0.825809
PDE1C,1.013520
NTRK2,0.825539
RNF20,0.769107
ITPKC,0.895963
TTN,0.966277
SLC47A2,0.951591
NNT,0.976029
PIGG,0.710695
ENPP7,0.864471
PADI1,0.901474
MAN1C1,0.991816
SLC26A8,0.824373
NT5DC3,0.914393
GALNT14,0.842264
FUT10,0.797456
LGMN,0.994569
GPT2,0.887248
ATP6V0A4,0.840464
PTPRO,0.919195
SLC22A8,0.948015
