GENE,ENVISION
PTK7,0.843197
WARS2,0.754009
SSH2,0.991222
MARCH4,0.973773
MAPK6,0.881377
SLC26A7,0.920062
SLC27A4,0.986891
