GENE,ENVISION
CDK16,0.923627
USP49,0.935888
NEK1,0.987889
