GENE,ENVISION
MKNK2,0.895631
CHST8,0.851697
LMTK3,0.896528
NDST4,0.958104
MERTK,0.972841
