GENE,ENVISION
BIRC6,0.845827
FARSA,0.968093
HSPG2,0.812159
USP21,0.804212
MAP3K1,0.835084
