GENE,ENVISION
MAP4K2,0.983155
GNPTAB,0.915776
ENPP7,0.955063
PPT2,0.782862
PLOD1,0.988588
DARS2,1.006390
WWOX,0.860942
SLC27A5,0.918799
USP34,0.986752
