GENE,ENVISION
SLC27A5,0.965765
KAT6B,0.865588
EZH2,0.768298
NEU1,0.766141
