GENE,ENVISION
CHD9,0.787596
SLC17A1,0.934258
