GENE,ENVISION
CHST11,0.952375
DZIP3,0.908743
EARS2,0.807726
NGLY1,0.762244
SLC7A3,0.862828
PTPRK,0.875750
MIB1,0.929047
SLCO1B1,0.726656
FUT5,0.850773
PPAT,0.891742
TTN,0.957436
HECW2,0.786678
WNK3,0.788952
AACS,0.862511
SETD2,0.934657
AASDH,0.884610
ZC3HAV1,0.910143
