GENE,ENVISION
XPO6,0.719785
AASDH,0.959481
SQLE,0.983585
PRKDC,0.859985
