GENE,ENVISION
BIRC6,0.982307
SLC13A2,0.830916
PGLYRP2,0.746629
