GENE,ENVISION
STK32C,0.871555
TTN,0.962807
USP15,0.825523
