GENE,ENVISION
IRAK3,0.806424
USP51,0.988354
