GENE,ENVISION
AMPD3,0.975642
LPPR5,0.955945
MOGS,0.769880
LRRK1,0.937000
