GENE,ENVISION
UBE2Q1,0.876369
KMT2A,0.905068
SLC2A13,0.835050
PIGO,0.972991
MAP3K10,0.852105
PLB1,0.846730
KAT6A,0.767367
LARS2,0.786680
