GENE,ENVISION
LRP2,0.758012
HECTD1,1.073580
MGAT4C,0.832875
