GENE,ENVISION
PLA2G4F,0.824095
NEK9,0.891742
FGGY,0.845198
ALK,1.009910
