GENE,ENVISION
LRP2,0.858680
DNMT3B,0.825053
PNLIPRP3,0.897914
MTHFD1L,0.991908
PCYOX1,0.960348
UBE3C,0.759907
PARP14,0.995219
HSPG2,0.857184
MAST1,0.846134
ABCC8,1.002700
ALG12,0.892991
DYRK1B,0.798727
ST6GALNAC3,0.829961
PXDN,0.828122
