GENE,ENVISION
FUT5,0.849747
KYNU,0.957129
LGSN,1.024870
PLD1,0.953235
PPP1R3A,0.828162
DGKD,0.880024
PCYOX1,0.890933
PIK3R5,0.861920
ST8SIA1,0.839207
PIP5KL1,0.890681
TPTE2,0.894720
RHAG,0.930479
MYO3B,0.998143
CYLD,0.928541
TTN,0.920899
HECW2,0.818992
SLC5A8,0.956902
UGGT2,0.896409
ROR2,0.692557
SAP130,0.978351
