GENE,ENVISION
PAK7,0.982121
KMT2E,0.919503
SLC38A2,0.834651
CDK12,0.868901
SLC13A3,0.911516
SLC12A5,0.971745
PIK3C3,0.901001
