GENE,ENVISION
STK32B,0.858410
HERC4,0.902812
PARP8,0.869086
CDKL4,0.850672
KAT2B,0.917295
MAP3K12,0.782257
PADI2,0.719378
TTN,0.699930
CDC42BPB,0.696833
FAAH2,0.986597
B3GAT1,0.810742
TRIM63,0.935506
SLC15A4,0.868459
HECW1,0.981554
