GENE,ENVISION
USP17L2,0.952301
ART3,0.871174
MTMR14,0.825861
GALNT13,0.713041
PTK6,0.972315
MGST2,0.958070
POLE,0.813133
CBLL1,0.899245
TECRL,0.770775
SLC6A13,0.913577
PTPRN,0.915985
SLC6A14,0.902322
CERS3,0.786853
FUT8,0.924789
