GENE,ENVISION
ASH1L,0.858403
DYRK1B,0.772274
PLD1,1.014700
UBE2O,0.904294
DPYD,0.903030
RHCG,0.813399
TKTL2,0.764711
MYLK,0.966264
SLC39A7,0.975889
CSAD,0.741545
PNPLA3,0.936542
AAK1,0.926300
ATP6V1G3,0.929698
TTN,0.883673
UBA2,1.005020
MUL1,0.952099
ST6GALNAC1,0.882795
GALNT3,0.824971
