GENE,ENVISION
B3GALT5,0.791827
CA9,0.979434
INPP5D,0.804099
ENPP6,0.890973
KMT2A,0.966068
ACSM2A,0.866373
PDE1C,0.840307
CDC42BPG,0.910973
PGS1,0.755898
PTPRO,0.816712
RFWD2,0.882588
PTPRJ,0.964796
