GENE,ENVISION
PANK1,0.612006
SIRT7,0.877931
WNK4,0.755606
SLC22A10,0.783566
ABCA3,0.860793
MGAT4C,0.973288
RNF31,0.721555
TTN,0.848707
