GENE,ENVISION
SLC26A8,0.947741
MAP3K10,0.919116
DNMT3A,0.820209
