GENE,ENVISION
NTRK3,0.832567
SETD2,0.777535
ACSM5,0.954910
SUV39H2,0.860263
SDR16C5,0.957535
