GENE,ENVISION
AARS2,1.012900
USP49,0.954783
HECW2,0.951417
SAP130,0.893666
