GENE,ENVISION
UST,0.932683
PLCD3,0.860622
PPWD1,0.854838
