GENE,ENVISION
SLC7A6,0.933575
PDE4D,0.822709
SLC13A5,0.816212
TOPORS,0.752031
