GENE,ENVISION
SLC6A13,0.870711
SLC51B,0.928156
GPLD1,0.992474
MAT2B,0.818771
