GENE,ENVISION
SLC6A3,1.015030
ZCCHC11,0.973980
LCLAT1,0.973396
SLC2A14,0.920024
USP7,0.948351
CYP4F8,0.934543
MAP2K1,0.942054
B3GAT1,0.745537
CHIA,0.950245
EHMT1,1.012570
SLC5A12,0.773101
TTN,0.434463
HUWE1,0.859095
SLC14A2,0.786853
SSH2,0.886099
SLC27A6,0.933953
ROR2,0.637809
PLA2G4D,0.824576
MTFMT,0.942063
ALDH1L2,0.935234
PARP14,0.806384
RPS6KC1,0.783416
CEPT1,0.964441
CDK3,0.984946
AK7,0.750845
RNF123,0.811388
