GENE,ENVISION
LRP2,0.726904
SLCO1B1,1.027050
UBE2J1,1.017800
MAST1,0.863630
PDK2,0.890786
FUK,0.774254
PPIAL4A,0.753911
PLA2G7,0.509314
USP9X,0.709904
SLC6A18,0.870938
TTN,0.719072
MERTK,0.740205
PHLPP2,0.816537
GBA2,0.777880
RARS2,0.960508
PSKH2,0.810076
PXDN,0.752854
MGAT5,0.827742
