GENE,ENVISION
AOX1,0.899526
WWOX,0.969092
PLCL2,0.955023
PTPRK,0.858410
SLC4A4,0.793496
