GENE,ENVISION
FMO1,1.008030
SLC9A2,0.873183
PIGS,1.034320
CROT,0.828885
HS6ST3,0.889269
AURKC,0.900288
CHSY3,0.916516
PARP10,0.981668
PPIAL4A,0.891985
SLC12A7,0.750770
LRP1,0.827633
TTN,0.792561
FRMPD2,0.850723
RNF139,0.856409
EYA1,0.879541
PDE10A,0.812139
ABCC2,0.958121
