GENE,ENVISION
PLCB4,0.850983
STK26,0.811640
SLC2A6,0.818568
PDE3B,0.914354
USP13,0.960783
SLC29A4,0.805337
SARDH,0.902122
TRMT1L,1.014050
ROR1,0.935133
