GENE,ENVISION
KARS,0.782647
GRHPR,0.934938
MAP3K2,0.850156
UBE2R2,0.965668
CTDP1,0.812458
SLC26A11,0.993994
