GENE,ENVISION
TPTE2,0.797826
WHSC1L1,0.873763
HIPK2,0.854838
MAN1C1,0.918462
SLC35A1,0.926441
USP24,0.869045
