GENE,ENVISION
HACL1,0.992308
SLC26A7,0.909115
PPP1R3B,0.790796
UBR4,0.787101
