GENE,ENVISION
LRP2,0.916689
LBR,1.003950
TTN,0.862886
