GENE,ENVISION
RAD18,0.810171
SLC18A2,0.847718
NCOA1,0.854838
MYLK,0.818205
SLC4A8,0.953754
