GENE,ENVISION
LRP2,0.735569
TNK1,0.820729
FAXDC2,0.781700
