GENE,ENVISION
B4GALNT2,0.776801
TGM7,0.849462
PKN1,0.954993
EIF2AK3,0.916753
HUWE1,0.853757
USP9X,0.864972
NOX5,0.941744
TTN,0.748181
PTPRH,1.013350
