GENE,ENVISION
CYP4F8,1.017280
USP18,0.946577
ELOVL3,0.835830
PXDN,0.863197
MAP3K5,0.804227
