GENE,ENVISION
LRP2,0.913931
HACD4,0.921257
PPP1R3A,0.916699
SLC13A1,0.940192
PLCL1,0.915408
FIG4,0.884685
TTN,0.974761
HS6ST3,0.869151
NSD1,0.846048
MYO5B,0.942810
CYP4X1,1.022410
CSGALNACT2,0.925390
SLC27A3,0.870883
