GENE,ENVISION
KARS,0.910151
HUWE1,0.925317
NDUFA13,0.942499
MAP2K1,1.060820
SLC36A1,0.874616
HERC1,0.943560
SLCO1B3,0.997278
LPCAT1,0.876930
PTPRO,0.861518
ACOT4,0.887846
NMNAT1,1.017790
SLC46A1,0.737183
SLCO1C1,0.877875
