GENE,ENVISION
NCOA2,0.780351
TTN,0.918629
ZCCHC11,0.850964
HUWE1,0.664300
GNPNAT1,0.880230
ADCY1,0.843946
HACL1,0.911913
SLC13A3,0.944003
SLC13A5,0.937827
CYB5R2,0.731121
SPRYD3,0.861416
HECW1,0.978504
AICDA,0.959279
PIP4K2C,0.998848
B3GALNT2,0.714583
