GENE,ENVISION
GGH,0.974746
SDR16C5,0.927619
