GENE,ENVISION
SLC9A4,0.859491
CPT1C,0.942094
INPP5E,0.954235
ACSS3,0.939226
ACSF2,0.969198
MST1R,0.788361
PDIA2,0.970437
MKRN3,0.888183
SLC27A3,0.729046
POLH,0.903641
