GENE,ENVISION
PRKDC,0.871272
HSD17B11,0.749005
PASK,1.036420
