GENE,ENVISION
DUOX2,0.949697
HSD17B10,0.870898
SUV39H2,0.842369
BRSK2,0.967896
VRK3,0.960196
ATM,0.903347
HSPG2,0.907175
AGXT2,1.014490
AWAT1,0.739804
VARS2,0.962459
PTK2B,0.965438
PLCH1,0.865228
ATR,0.931440
TTN,0.649294
NT5C1A,0.822595
SPEG,0.986237
EP300,0.750586
UGGT2,0.714396
ZNF645,0.766480
GALNT2,0.825495
ATHL1,0.886524
