GENE,ENVISION
MAP4K1,1.010120
AOX1,0.939653
PTPRS,0.926426
USP29,0.917752
RNF19B,1.066930
SUCLA2,0.861416
SLC17A7,0.898962
MAN2A1,0.782987
PHKB,1.022440
SLC12A7,0.915417
TTN,0.900104
ACSBG2,1.028770
HLTF,0.820674
USP34,0.904265
UHRF1,0.952144
FABP9,0.844813
