GENE,ENVISION
KMT2C,0.889714
FMO1,0.894738
G6PC2,0.764839
MKRN3,1.015580
TTN,0.975122
DYRK1A,0.918805
SLC27A1,0.902351
