GENE,ENVISION
MAP4K1,0.978069
LMTK2,0.867382
SRMS,1.055620
TTN,0.838890
PHOSPHO1,0.729514
AASDH,0.826499
