GENE,ENVISION
GALNT13,0.921521
SLC2A9,0.861835
DAK,0.941272
RRM2B,0.777414
TTN,0.823622
WWOX,0.754690
SLC26A9,0.866982
CCNB1IP1,0.980846
