GENE,ENVISION
PTK2,0.937623
ATP1B4,0.800689
ABCC11,0.934569
XPO6,0.906355
EXTL1,0.846018
SLC17A6,0.995581
ATM,0.762397
SLC7A9,0.787352
NPAS2,0.913039
PGLYRP2,0.965376
UBR4,0.803613
ROR2,0.853612
USP20,0.754599
