GENE,ENVISION
LRP2,0.772898
PTPRN2,1.035350
ACOX1,0.665610
LIPG,0.807957
ADCY2,0.859125
TUSC3,1.008770
PDE1B,0.781677
UGT3A1,1.016270
ACSM2A,0.970235
ATP1A4,0.833969
ZSWIM2,0.985754
HMGCLL1,0.909348
ALG10,1.006740
