GENE,ENVISION
NCOA3,0.860290
KCNJ8,0.670591
ABCG5,0.957639
BIRC6,0.819798
WNK1,0.908347
BMP2K,0.957277
SUV420H1,0.758100
CMAS,0.984994
STK31,0.868529
PPA2,0.683987
SLC2A6,0.855075
CRLS1,0.780152
MGAT5,0.984112
RNF216,0.779318
ROR2,0.578944
TTN,0.905385
