GENE,ENVISION
SPHK1,0.958595
MAP4K2,0.853082
ACVR1,1.050500
SLC2A13,0.922924
PDK3,0.855925
HECW2,0.966397
NEU1,0.953869
