GENE,ENVISION
MAP3K10,0.913627
ELOVL5,0.846849
