GENE,ENVISION
PDE4B,0.725819
CHIA,0.815992
LRP1,0.869232
