GENE,ENVISION
CYP8B1,0.976330
EPHA10,0.857415
