GENE,ENVISION
PLCZ1,0.948492
NOX5,0.927135
TPK1,0.889229
B3GAT1,1.007990
COX7B2,0.975264
CHIT1,0.699272
DIO2,0.828280
DYRK1B,0.975565
KMT2A,0.863993
PLCB4,0.865227
MARK2,0.967581
PIKFYVE,0.877458
WNK3,0.758012
ACSF3,0.820382
WNK4,0.787683
PPP2R2B,0.946134
HERC1,0.709904
GALNT12,0.966206
PDE10A,0.866108
PCYT1B,0.901586
LMTK3,0.879543
GSTM4,0.719288
ABCC8,0.960799
