GENE,ENVISION
NCOA3,0.767155
ABCA3,0.934680
TKTL2,0.825564
ACSF3,0.973264
PDE3A,0.874718
MAST1,0.818667
TTN,0.778646
PLCD3,0.904935
