GENE,ENVISION
STK32B,0.935011
SMG1,0.861373
PLXNB3,0.775769
MST1R,1.004270
CHSY3,0.767475
MKRN3,0.750145
SLC12A6,0.946774
ETNK1,0.852120
HEPH,0.828512
USP31,0.914650
CHPF,0.857157
CREBBP,0.727660
SLCO1C1,0.893615
