GENE,ENVISION
GDPD2,0.970586
PPP2R3A,0.855075
ATR,0.765511
SPTLC3,0.992628
