GENE,ENVISION
MYO3A,0.774024
DUOX1,0.942229
ABCC2,0.728231
