GENE,ENVISION
EIF2AK1,0.983005
BIRC6,0.831375
MAP3K15,0.841673
PIGQ,0.790796
