GENE,ENVISION
UGT1A10,0.733174
ASAH2,0.963798
HUWE1,0.881222
ACSM5,1.007270
PLCL1,0.831507
LATS2,0.835553
SLCO1B3,0.855334
TTN,0.762629
USP29,0.846766
PTPN14,0.866475
PTPRK,0.767475
