GENE,ENVISION
LRP2,0.914683
DPYSL3,0.842271
SIRT5,0.950812
CDK12,0.865841
SLCO2A1,0.766082
PTPN14,0.791852
STAMBPL1,1.002690
MOGAT3,0.809434
MERTK,0.916861
QTRT1,0.942420
UBR3,0.861416
ZNF645,0.838902
ELP3,0.867317
CREBBP,0.669511
