GENE,ENVISION
TUT1,0.813255
IRAK3,0.842671
RNF19B,0.768623
ECHDC2,0.677550
