GENE,ENVISION
LRP2,0.777880
STK31,0.874102
TTN,0.953859
SLC22A10,0.974943
GDA,0.769810
