GENE,ENVISION
MAP4K1,0.966470
SLC5A12,0.830309
UGT3A2,0.915832
PARP6,0.761650
FTMT,0.787803
MAN2A1,1.062690
MKRN1,0.727359
TIAM2,0.837522
CSNK1G1,0.900250
ABCC8,0.836351
MGAT5B,0.886225
NOX1,0.912079
PSKH2,0.837107
TAOK3,0.801952
