GENE,ENVISION
NOX3,0.918726
NOX4,1.009260
INPP5J,0.862722
