GENE,ENVISION
PTPN23,0.944606
ADCY1,0.834931
MTR,0.780905
WNK3,0.986758
WNK1,0.743605
GNPDA2,0.941426
SSH2,1.013420
LPCAT3,0.778646
MTRR,0.976639
SLC15A2,0.812920
SETD5,0.930242
SUV420H1,0.936306
DPEP2,0.962435
