GENE,ENVISION
SLC4A5,0.788325
PLA2G12A,0.867615
EP300,0.777634
MAPK11,0.711054
DUSP27,0.999944
