GENE,ENVISION
ZSWIM2,1.018920
USP42,0.873663
