GENE,ENVISION
ALG11,0.932068
SLC6A19,0.925377
HSD11B2,0.978449
