GENE,ENVISION
HSD17B12,0.979091
PIGB,0.878526
ACSBG2,0.957199
PIGG,0.777880
UBE2F,0.842466
GLT8D1,0.945637
IKBKE,0.963839
GAD2,0.838197
