GENE,ENVISION
MYO3A,0.903363
MAP4K1,0.917123
NEK5,0.786378
PDE3A,0.831052
NOX5,0.989633
TTN,0.761360
