GENE,ENVISION
ACSS3,0.821448
METTL1,0.969500
LDHAL6A,0.700077
