GENE,ENVISION
TGM3,0.874208
ACVR1,0.734690
B4GALNT1,0.741392
RPE65,0.897905
FTMT,0.926244
CSAD,0.892154
NOX3,0.762629
ACER2,0.820310
SLC9A2,0.943472
DHRS9,0.995522
TKTL2,0.780889
PIK3R4,0.875712
TTN,0.766069
NLN,0.845845
PLCB1,0.754690
KDSR,0.756765
PLCD4,0.910001
USP34,0.891577
UHRF1,0.922039
UBR4,0.839152
UBE4A,0.837554
SLC17A8,0.857985
SUCLA2,0.887162
MYLK,0.901658
GDPD2,0.892849
STK35,0.820420
HECW2,0.906101
NPC1L1,0.777554
