GENE,ENVISION
SLC4A10,0.832942
PTPRU,0.758018
DNMT3A,0.999625
TLK1,1.024240
B3GNT3,0.873593
PARP6,0.996942
MOGAT2,0.790904
POLR1E,0.776876
DUSP5,0.768591
PTPRN,0.902246
FUCA2,0.833830
SLC25A10,0.980355
