GENE,ENVISION
ST6GALNAC1,0.920835
DPEP2,0.796554
UBR4,0.913563
