GENE,ENVISION
LMTK2,0.859529
WNK1,0.853806
TNIK,0.855073
TTN,0.936118
NSD1,0.773907
MCCC2,0.971019
