GENE,ENVISION
SLC5A11,0.845922
MAP3K1,0.766090
MAN2A1,1.005190
DARS2,0.924093
FPGS,0.823674
CDK5,0.866765
PPIG,0.770426
ATP11C,1.000730
TRMT1L,0.937627
