GENE,ENVISION
KAT8,0.945842
NCOA6,0.928250
PPWD1,0.766082
CARS2,0.950695
FAR2,0.857157
UHRF2,0.802999
ABCC11,0.805481
