GENE,ENVISION
CPT1C,1.034770
CERS2,0.834320
CYP2A13,0.927028
ATR,0.839032
TTN,0.924401
ADCY10,0.995811
