GENE,ENVISION
GRK7,0.819000
WNK1,0.822295
STK26,0.937622
TNK2,0.903317
