GENE,ENVISION
COPG1,1.005550
USP35,0.781586
DPYD,0.722344
