GENE,ENVISION
AMPD2,0.871160
PTPN11,0.813440
PDE4D,0.832090
