GENE,ENVISION
PAPL,0.980009
PTPN13,0.790367
HIF1AN,0.777772
TCIRG1,0.973083
TTN,0.830985
SLC27A4,0.922150
AARS2,0.986328
EP300,0.731412
