GENE,ENVISION
DNMT3A,0.862365
SLC32A1,0.855267
XYLT1,0.990164
FARSB,0.861535
MED1,0.835084
TTN,0.874758
SRD5A3,0.948985
PLIN4,0.753999
