GENE,ENVISION
PLCB2,0.910987
B3GNT7,0.941923
ABCG8,0.982126
ACSM3,0.916251
ATP6V0A4,0.990285
UGT3A2,0.877159
SLC27A6,0.885291
