GENE,ENVISION
ST3GAL3,0.876418
MAP3K2,1.010410
PDE3A,0.988585
SLC2A11,0.752854
SLC4A5,0.805912
ZC3HAV1,0.997790
ABAT,0.610561
TTN,0.898084
