GENE,ENVISION
CYP2A13,0.808962
KYNU,0.817189
SLC17A8,0.959307
PHEX,0.889414
WNK2,0.942192
ATP8A1,0.796912
SLCO2A1,0.882734
PSAT1,0.948757
MAPK15,0.882306
SARDH,0.932264
TTN,0.912716
CHIA,0.804512
RNF2,0.995966
SLCO1C1,0.853806
