GENE,ENVISION
POLR1E,0.823722
PLXNB3,0.882984
KMT2A,0.845464
SMG1,0.932178
TRHDE,0.863197
ATP6V0A1,1.004190
BIRC6,0.868877
TNK1,0.927684
ENOPH1,0.974249
PRKCD,0.972301
PIGS,0.868752
SLC12A4,0.887472
AOC3,0.785640
PADI2,0.820536
UGP2,0.854968
GALM,0.916532
PDE11A,0.861195
SAP130,0.766044
TTN,0.620282
