GENE,ENVISION
SLC15A2,0.836383
UGT2A3,0.710431
