GENE,ENVISION
KMT2C,0.828726
PNLIPRP3,0.996165
PLD1,0.953407
TRHDE,0.711191
ST3GAL4,0.948036
KCNJ8,0.869358
CAMK2B,0.547776
SLC12A5,0.782692
MKRN3,0.806998
AGPAT3,0.855358
USP20,0.901951
