GENE,ENVISION
LRP1,0.898483
PTPRS,0.777555
SMURF2,0.870159
PKN1,0.822835
PLK3,0.834812
PLOD1,1.017940
CDC14A,1.008860
HERC1,0.774644
CYP2A13,0.942220
SETD1B,0.970220
TTN,1.085040
USP26,0.977398
SLC5A9,0.832595
ATP2B3,0.861416
CYP24A1,1.007360
RNF123,0.819876
GAD2,0.966632
