GENE,ENVISION
LRP2,0.823794
PLIN4,0.938286
SLC27A3,0.912709
