GENE,ENVISION
USP17L2,0.925039
WNK1,0.807987
RNF216,0.947457
GALNT8,0.959204
