GENE,ENVISION
TNK2,0.899040
IARS2,0.999965
GSTM4,0.983752
IP6K2,0.942672
KMT2B,0.911499
