GENE,ENVISION
LRP2,0.731864
PIGQ,0.870842
PDE4C,0.938903
