GENE,ENVISION
CDC42BPG,0.833945
ZCCHC6,0.836993
ACSBG2,1.000080
