GENE,ENVISION
STK32C,0.997036
PLB1,0.942820
B3GNTL1,1.023640
SLC24A3,0.842732
MARCH4,0.861131
TIAM2,0.928535
HECW1,0.882881
GLB1L,0.929082
TTN,0.844969
