GENE,ENVISION
ACVR2B,0.830536
EHMT2,0.982283
SLC38A1,0.839112
PKN1,0.854282
DUOX1,0.854890
GRK7,0.953754
TKTL2,1.002600
MTHFD2L,0.942189
CTDP1,0.803579
LATS2,0.883893
POLR3E,0.982812
TTN,0.762927
MGAT4C,0.840769
COPG1,0.909687
GBA2,0.912323
UGGT2,0.935351
USP36,0.850481
GPCPD1,0.761815
