GENE,ENVISION
USP45,0.856768
BAAT,1.023790
