GENE,ENVISION
KMT2C,0.815467
ITPK1,0.573591
RPS6KA2,0.870432
DAK,1.006420
LDHD,0.804598
NAGK,0.962454
