GENE,ENVISION
SLC38A5,0.864956
VRK1,0.892169
LPIN3,0.962952
