GENE,ENVISION
SLC2A7,0.864566
MKRN3,0.750145
MAN1C1,0.647577
