GENE,ENVISION
SMURF1,0.843611
EHMT1,0.910619
HECTD1,0.822981
BHMT,0.731455
MED1,0.759805
ENTPD2,0.910361
