GENE,ENVISION
CHIT1,0.836443
CYP46A1,1.009410
