GENE,ENVISION
SLC26A8,0.849056
SLC2A13,0.882991
TPSAB1,0.895683
KL,0.988130
