GENE,ENVISION
PARP14,0.797256
TTN,0.844840
