GENE,ENVISION
TNK2,0.967433
RALBP1,0.605557
TRHDE,0.869662
CDK13,0.852609
ATP6V1H,0.796790
SLC5A12,1.012000
SLC26A1,0.926839
PLCD4,0.860192
TTN,0.817354
POMGNT1,0.860021
