GENE,ENVISION
PKN1,0.841612
NT5C3A,0.669139
