GENE,ENVISION
PGM2L1,0.846134
PLB1,0.735261
RBBP6,0.921461
SLCO1B3,0.975538
USP20,0.752854
QPRT,0.807799
CHD9,0.797250
ACSM3,1.034020
NEK9,0.767031
C1GALT1,0.722438
TTN,0.483698
TRPM6,0.844813
SLC6A14,0.914666
WNK2,0.792331
GDE1,0.776892
HEPH,0.844063
DDR2,0.874378
SLC17A1,0.822843
STK31,0.768327
HECW2,0.919346
MTRR,1.007110
KAT6B,0.745842
AGPAT9,0.977879
