GENE,ENVISION
NTRK3,0.856709
MST1R,0.990304
ABCB6,0.656678
TESK1,0.811419
