GENE,ENVISION
LRP2,1.019550
SLC4A10,0.871007
HS3ST5,0.723357
ZNF645,0.675855
LGSN,0.952821
GALNT13,0.848300
SLC6A3,1.002580
GNPTAB,0.946624
ALDH1L2,0.886017
KAT5,0.901184
CTSF,0.929467
SLC29A4,0.929586
UBA2,0.865428
ME3,0.861490
ULK4,0.921845
DMPK,0.951406
FUK,0.986126
RNF31,0.977673
