GENE,ENVISION
CBLC,0.847867
ZCCHC11,0.927357
USP9X,0.869045
TAOK3,0.657620
