GENE,ENVISION
KMT2C,0.876519
ERBB4,0.956569
SLC7A8,0.857889
SLC32A1,0.974826
NTRK3,0.825258
LPPR4,0.947363
DECR1,0.855199
