GENE,ENVISION
SLC9A4,0.811110
MYO3A,0.776047
TPTE2,0.814166
GAL3ST4,0.996883
ASAH1,1.014420
