GENE,ENVISION
GALNT5,0.969979
LRP1,0.745842
PTPRH,0.964721
