GENE,ENVISION
HSD17B11,0.922471
LIPE,0.880504
WNK1,0.868529
NDST4,0.925081
BMP2K,0.982156
TNNI3K,0.860622
ABCC2,0.831442
