GENE,ENVISION
CDK12,0.905833
TRIM32,0.942680
GDPD2,0.909286
WARS2,0.943727
ROR2,0.948726
