GENE,ENVISION
ABCD2,0.870033
SLC27A1,0.975747
ABAT,0.936351
