GENE,ENVISION
UGT2B28,0.772738
CREBBP,0.836459
SGK223,0.928304
NEDD4L,0.844934
