GENE,ENVISION
BIRC6,0.914674
ATM,0.916456
CHSY3,0.918100
DARS2,0.944006
ATR,0.842832
PGS1,0.993261
POLH,0.975870
XPO7,0.846050
AARS2,0.808474
TRPM7,0.896726
UGGT2,0.776516
ZCCHC6,0.876704
ACVR2B,0.979717
MTMR14,0.926155
SLC24A2,0.857244
ACSM2B,0.779314
TIPARP,0.909447
SETD2,0.921981
SETDB1,0.857198
GDPD2,1.028610
MAP3K12,0.919448
PLCE1,0.860704
CLK4,0.932498
