GENE,ENVISION
EXT1,1.007220
CYP2A13,0.856887
A4GNT,0.944689
CYP46A1,0.927070
CEPT1,0.975333
PFKFB4,0.905668
PRKCZ,0.865550
SLC29A1,1.020180
TRPM6,0.876751
RNF216,0.960301
AWAT2,1.013070
