GENE,ENVISION
INPP5J,0.865927
TIAM2,0.931214
SLC36A1,0.912594
CYP4F8,0.928847
ELOVL4,0.861416
AKT3,0.823329
SPRYD3,0.861979
CHST6,0.890150
