GENE,ENVISION
CHFR,0.780149
TTN,0.869306
PXDN,0.863197
