GENE,ENVISION
KAT6B,0.721813
CERS4,0.974102
ASAH2,0.767381
PLB1,0.814345
