GENE,ENVISION
KDSR,1.003130
CDK19,0.893602
CYP4A11,1.024430
PLD3,0.861672
USP25,0.879635
COLGALT1,0.855516
MGAT5B,0.937245
GTF3C4,0.961033
LPIN2,0.946578
AARS2,0.783160
UGGT2,0.794450
ERN2,0.929839
