GENE,ENVISION
PTPN18,0.868424
COL4A3BP,0.970586
EXT1,1.031790
SLC22A12,0.889448
NCOA1,0.764382
SLC38A1,0.939104
USP20,1.006490
