GENE,ENVISION
USP24,0.864972
COLGALT1,0.914931
SLC24A3,0.794946
TMX3,0.835278
PRKDC,0.998905
