GENE,ENVISION
DAGLA,0.856968
LGALS13,0.839152
IP6K2,0.849578
FKBP4,0.914405
SDR42E1,1.000450
SLC29A4,0.868103
TTN,0.792013
USP31,0.881638
CDK3,0.867002
SETDB1,0.790408
