GENE,ENVISION
UGT1A7,0.856294
HS3ST2,0.843373
