GENE,ENVISION
SLC41A1,0.892442
LRP2,1.018060
PTK2,0.903388
GALNT13,0.738814
ADCY2,0.782480
STK32B,0.777772
PTGIS,0.811886
MYLK2,0.822602
ACSM2B,0.934974
SLCO1B1,0.834350
GGTLC2,0.883688
GALNT8,0.825320
TTN,0.732887
LDHD,0.901865
