GENE,ENVISION
CREBBP,0.930690
ITK,1.009100
PPP1R3A,0.970702
HUWE1,0.923447
MYLK2,1.004330
TTN,0.663256
AATK,0.921602
NEU4,0.900627
ATP6V0D2,0.984176
PSKH2,1.018200
GAD2,0.914054
