GENE,ENVISION
LRP2,0.901263
PAN2,0.920813
SMG1,0.770096
PPP1R3A,0.923846
KMT2E,0.847603
USP47,0.885628
USP10,0.942926
FTMT,0.960694
AZIN2,0.819543
MAP3K10,0.827962
GUCY1A3,0.928838
ATP1A4,0.704062
SIRT7,0.856204
ATHL1,1.000850
UBR2,0.866297
TST,0.986762
USP34,0.787101
USP36,0.977595
