GENE,ENVISION
CHST11,0.978565
UBA3,0.802058
LRSAM1,1.010210
LRRK1,0.861329
