GENE,ENVISION
B3GNT5,0.846932
FUT5,0.930092
IP6K3,0.979091
MAN2A1,0.901118
SPHK2,0.888376
