GENE,ENVISION
ECH1,0.944455
MAP3K15,0.844196
GPHN,0.885628
PLCXD2,0.742435
VRK2,1.009540
