GENE,ENVISION
B3GALTL,0.857934
MARCH4,0.933125
MAN1C1,0.715000
TTN,0.766015
GK2,0.917078
