GENE,ENVISION
SLC32A1,0.857624
ILK,0.804112
PLCE1,0.903596
PPWD1,0.976174
USP24,0.624121
DPYD,0.569784
HKDC1,0.910991
PDE1B,0.827580
AARS2,0.815931
FANCL,0.813133
SH3RF3,0.775629
CAMK2G,0.737717
MAST1,0.931978
STK3,0.877875
PLA2G2E,0.962740
SLC26A7,0.798596
PIGZ,0.988021
DUSP16,0.914945
NT5DC3,0.745842
SLC20A1,0.889165
PTPRR,0.834688
TGS1,0.766096
ATR,0.990568
SDHC,0.890282
PAK2,0.703852
