GENE,ENVISION
ALG2,0.855075
HS2ST1,0.634608
IDI2,0.793827
DMGDH,0.811465
SLC25A28,0.757458
PANK3,0.836043
PTPN21,0.851214
LPIN2,0.926817
MARS2,0.923679
SLC12A6,0.991531
TTN,0.662267
DYRK1A,0.896008
IL4I1,0.983254
TARS2,0.733815
PIGM,0.780205
ACSM2A,0.749367
ACOT4,0.793964
LGMN,1.036000
FAM65A,0.978234
ABCG8,0.986436
GUCY1B3,0.838066
PRKD1,0.866171
