GENE,ENVISION
USP24,0.839227
MYLK,0.783311
