GENE,ENVISION
SLC12A1,0.822913
SETD2,0.826106
GLYCTK,0.731304
SLC17A1,0.977151
ALG9,0.894419
