GENE,ENVISION
CHD9,0.811955
DNMT3B,0.688920
USP47,0.828220
