GENE,ENVISION
MYO3A,0.765137
SLC9A2,0.807412
PPP1R3A,0.921001
TTN,0.769810
UBR4,0.995747
PTPRH,0.816860
