GENE,ENVISION
MYO3A,0.977879
DPAGT1,0.930907
PTPRS,0.764378
ERBB4,1.010600
PPP1R3A,0.983942
PTPN13,0.790467
PDIA5,1.011790
NDST4,0.784714
SLC12A1,0.972151
TTN,0.849346
TRHDE,0.852147
ROR2,0.791045
