GENE,ENVISION
CTPS2,0.973359
MAP3K2,0.854113
MOGS,1.006290
WNK1,0.852092
SLC23A1,0.972870
ATP1A4,0.898918
CDC42BPG,0.728388
GALNT6,0.976620
