GENE,ENVISION
LRP2,0.822584
PLCB3,0.918037
PKN1,0.955897
TRHDE,0.833416
ADCY2,0.974460
PLD3,0.912832
DUOX1,0.856204
OLAH,0.957093
PRKCE,1.024330
TECR,0.951615
MAN1B1,0.796554
CHD9,0.866915
ALDH6A1,0.766044
MGAT4A,0.861535
TTN,0.660559
STAMBPL1,0.766082
IL4I1,0.718768
NPC1L1,0.858006
