GENE,ENVISION
MYO3A,1.014180
PARP8,1.008370
DPYD,0.908754
MTR,0.864589
BIRC6,0.981518
PRKD1,0.989737
CHST8,0.956698
NOX5,1.059740
ABCC8,0.835543
FUT9,0.931718
GLYAT,0.868933
KAT6A,0.914158
CSGALNACT2,0.842732
NEK11,0.796554
PXDN,0.860566
