GENE,ENVISION
DAGLA,0.970927
CREBBP,0.808129
DUSP9,0.816824
DPYSL3,0.843039
PPP1R3A,0.928075
PLCB1,0.950225
SLC17A6,0.866298
PDIA2,0.933054
NTRK3,0.845945
CYLD,0.970012
SLC22A7,0.967283
LRSAM1,0.981717
TTN,0.822130
SLC25A18,0.901409
POLR3B,0.792236
AARS2,0.744620
XYLT1,1.024600
DGKD,0.968389
EXT2,0.879180
