GENE,ENVISION
ATP6V0A4,0.748231
LGSN,0.975064
PLCB1,0.971918
EIF2AK1,0.815467
CES3,0.950562
RIPK1,0.967659
FIG4,0.996132
PAK7,0.847604
DPEP2,0.964299
