GENE,ENVISION
CDK12,0.972008
AOX1,0.905136
SLC30A6,0.989727
DHRS2,0.953474
