GENE,ENVISION
CAMK2D,0.983731
USP16,0.920402
