GENE,ENVISION
UGT3A1,0.928671
POLE,0.884634
SLC5A5,0.923524
SLC29A1,0.918598
MGAT5B,0.855025
NCOA2,0.857266
PCYOX1,1.021370
CHIT1,0.842679
GK2,0.981238
CPA6,0.736377
CNDP1,0.852609
CES5A,0.848486
TTN,0.913097
ATP6V0D2,1.052000
KMT2B,0.828038
CYP4V2,0.916864
WNK1,0.769588
MAN2A1,0.973486
ROR2,0.859044
RIPK3,0.975919
ABCG5,1.080580
INPP5F,0.924321
SLC22A16,0.971304
METTL1,0.765266
PTK2B,0.892931
SLC23A2,0.828003
MYO5B,0.842245
KAT6A,0.818992
