GENE,ENVISION
SLC22A12,0.989340
LRSAM1,0.968529
