GENE,ENVISION
SLC6A3,1.002380
PGM2L1,0.809151
NME7,0.745842
CYP1B1,0.709623
GALNT13,1.048140
MYLK,0.871770
CYP26B1,0.983717
POLE,0.968856
