GENE,ENVISION
TRHDE,0.824140
SIK2,0.984860
PADI1,0.968889
CDC42BPB,0.851164
ATP2B2,0.885468
PTPRJ,0.975210
