GENE,ENVISION
PCYT1B,0.900006
EXT2,0.897090
SLC9A2,0.890420
PRPF4B,0.905107
MIB1,0.897153
MKRN1,0.862944
HIPK1,0.773663
HECW1,0.869449
SLC30A1,0.957325
