GENE,ENVISION
SLC25A15,1.006070
SLC9A8,0.852625
SLC29A1,0.765832
TAOK3,0.943546
