GENE,ENVISION
HERC1,0.949357
SLC22A6,0.854821
MYO3B,0.983447
TTN,0.833555
