GENE,ENVISION
IL4I1,0.884941
EP300,0.918556
