GENE,ENVISION
KMT2C,0.859397
NCOA3,0.789083
RPS6KA2,0.955686
SLC7A6,0.762629
ACSL6,1.001110
SLC12A5,0.707650
CES3,0.942945
