GENE,ENVISION
RBKS,0.971444
TTN,0.933704
DPEP2,0.977910
LPCAT1,0.846473
