GENE,ENVISION
PTK2,0.948766
TNIK,0.780062
PIK3R4,0.876346
HECW1,0.753911
PLB1,0.972430
ACOT4,0.609613
POLL,0.857498
SAP130,0.894364
