GENE,ENVISION
SLC9A4,0.985077
CYP8B1,1.012590
UGT3A1,0.769828
SLC13A4,0.886048
NOX4,0.843609
GDA,0.752854
PIK3R4,0.878176
TTN,0.731845
ADCY10,0.972036
EPHA10,0.860577
SLC15A2,0.820216
TRPM6,0.751418
USP37,0.939577
