GENE,ENVISION
HAS1,0.795488
DPYSL2,0.802911
GALNT13,0.964353
ST3GAL4,0.984370
ATM,0.827205
KAT2A,0.845984
PHKB,1.013390
HERC1,0.896364
GDA,0.791193
SLC5A8,0.944258
AICDA,0.919094
