GENE,ENVISION
SSH1,0.899293
BSCL2,0.956190
DUSP9,0.805100
SLC2A11,0.856714
WWP1,0.877448
