GENE,ENVISION
ACOX1,1.042220
SLC6A7,0.844731
BARD1,0.912000
TRIM33,0.856788
USP3,0.881155
CAMK2B,0.618189
NEK8,0.971903
SSH1,0.936359
