GENE,ENVISION
PLD4,0.942200
SPHK1,0.797432
RPS6KA6,1.030140
SLC2A13,0.930051
DUSP8,0.835569
STK39,0.896174
