GENE,ENVISION
SLC47A2,0.872449
FAM65A,0.786164
