GENE,ENVISION
SETD2,0.826106
PDE3A,0.803323
MARK1,0.943592
UGT2A1,0.809552
NLN,0.865900
