GENE,ENVISION
CHST11,0.939612
TTN,0.843373
