GENE,ENVISION
AOX1,0.946124
QTRTD1,0.858272
SLC14A2,0.857244
NEK9,0.795157
TTN,0.896830
PINK1,0.963263
SUV420H1,0.835773
PRKD2,0.827721
ABCC11,1.025680
