GENE,ENVISION
ST3GAL2,0.855529
ASH1L,0.863430
HSD17B11,0.943271
CDO1,0.950797
HECTD1,0.921620
MED1,1.005860
TRIB3,0.807784
RNF139,0.919904
IP6K2,0.939606
COQ3,0.982757
