GENE,ENVISION
PTPRU,0.897315
EHMT2,0.943256
ABCD2,0.968053
PKN1,0.818967
HUWE1,0.885116
RIPK3,0.796706
GDPD2,0.716354
GALE,0.890722
FIG4,1.009140
LPPR4,0.925436
ZSWIM2,1.007510
COPG1,0.997797
SLC6A13,0.818760
PAPOLG,0.935437
RNF31,0.954956
