GENE,ENVISION
MAT1A,0.776639
LDHAL6A,0.852580
CYP26B1,0.850651
PRKCQ,0.862536
TTN,0.781245
PPIG,0.758012
SLC47A1,0.818345
SETD2,0.948187
