GENE,ENVISION
UBE3B,0.829830
PNKP,0.854874
USP24,0.866693
ROR2,0.954254
UXS1,0.874913
