GENE,ENVISION
UGCG,0.854447
RNF167,0.909695
PPM1K,0.856592
FKBP4,0.850438
GALM,0.859359
SETD5,0.898993
