GENE,ENVISION
MYO3A,0.917773
DAGLA,0.818193
LPPR4,0.865324
SLC40A1,0.987905
SLC9A5,0.848707
