GENE,ENVISION
SLC6A20,0.942947
KYNU,0.730625
PARP9,0.760773
CHST8,0.851697
ACSF2,0.954097
ASH1L,0.835921
LATS2,0.906057
LOXL2,0.976736
TTN,0.817353
CMTR1,0.884002
SLC27A6,0.992572
EYA1,0.842069
PI4KB,1.014730
