GENE,ENVISION
LARS,0.851395
PARP14,0.763381
ELOVL4,1.045560
ETNPPL,1.000390
