GENE,ENVISION
SLC4A10,0.873334
NEK5,0.949166
WWP1,0.907921
SLC13A3,0.919007
USP36,0.910434
DGKH,0.767635
USP9X,0.771815
SLC12A7,0.851040
TTN,0.812886
PSKH2,1.026240
TESK2,0.992253
