GENE,ENVISION
SPEG,0.825940
KMT2A,0.908220
PLCB3,0.541565
MAT1A,0.536341
PDIA2,0.939879
