GENE,ENVISION
SUCLG2,0.866101
AASS,0.958386
CA14,0.958727
SSH2,0.859456
USP48,0.780930
