GENE,ENVISION
PUS1,0.930651
PNLIPRP3,0.845774
PTPN13,0.781327
TKTL2,0.815467
DEGS2,0.987153
NEK9,0.767223
CHST8,1.012210
AOC3,0.914279
UBA2,0.815038
MARK1,0.869232
USP29,0.841203
FRMPD2,1.004110
HEXDC,0.819498
ABCD2,0.853511
SETDB1,0.987416
TAOK2,0.809656
