GENE,ENVISION
SLC5A9,0.876612
DUSP6,0.958895
HS3ST4,0.812999
CYB5R1,0.752854
CDK13,0.982202
