GENE,ENVISION
SLC6A3,0.968329
HECTD1,0.855905
CYP4A11,1.013430
HSPG2,0.894055
ACSM2A,0.717785
UGT2A1,0.986337
MAST2,0.856371
AK5,0.902169
CYP4F3,0.958624
PBK,0.857244
