GENE,ENVISION
SLC52A1,0.905668
PIGC,0.909787
ADCY2,0.900652
ALG2,0.888313
POMGNT1,0.838419
SLC32A1,1.001400
WNK1,0.807880
HKDC1,0.873385
ITPA,0.845639
FPGS,0.856737
STARD3,1.052650
TNKS2,0.869045
INPP5J,0.985337
