GENE,ENVISION
EP300,0.945363
GK2,0.814355
C1GALT1,0.832562
COPG2,0.959136
NDUFA12,0.844875
ATR,0.991222
LARS2,0.826863
