GENE,ENVISION
MARCH10,0.961354
RPS6KA2,1.023450
DDR1,1.016400
ADCY1,0.871999
PARP4,1.039480
UGT3A1,0.989237
HECW1,0.778646
MAP2K5,0.800646
HS3ST3B1,0.905102
