GENE,ENVISION
LOXL2,0.822477
NCOA6,0.859359
NEK1,0.877153
PLCL2,0.999563
NTRK3,0.833750
ATP11C,0.942338
PHEX,0.962250
SETD5,0.729373
