GENE,ENVISION
EP300,0.854838
CYP4F11,0.859905
FTMT,0.985426
