GENE,ENVISION
ABCA4,0.967013
PPM1K,0.859623
TTN,0.969929
PLCL1,0.902078
