GENE,ENVISION
SLC4A4,0.843231
PIGK,1.098680
PRKG2,1.008710
