GENE,ENVISION
ABCA4,0.752292
AAK1,0.770134
TAOK2,0.856592
