GENE,ENVISION
LATS2,0.975281
GALNT13,0.701797
HS6ST2,0.877331
