GENE,ENVISION
PCK2,0.993655
TPH2,0.883175
POLE,0.820964
GLT8D1,0.772193
