GENE,ENVISION
POLE,0.955697
ZCCHC11,0.866475
SLC7A9,1.019920
MAP4K3,0.536325
WWP1,0.892188
