GENE,ENVISION
PDP1,0.820621
GPHN,0.988734
GMPPB,1.012750
