GENE,ENVISION
DDR1,0.696844
TTN,0.980842
UGT2A1,0.953074
PIKFYVE,0.945545
