GENE,ENVISION
NUAK2,0.863995
GRK1,0.730440
