GENE,ENVISION
HS3ST5,0.940725
LIPE,0.884611
ALK,0.824422
DSTYK,0.903554
ROCK1,0.933370
CAMK2A,0.740705
TESK1,0.937399
ITPA,1.002560
TTN,0.917168
FUT8,0.767475
DUSP10,0.833303
FUT9,0.922129
PDK4,0.899888
