GENE,ENVISION
NCOA2,1.005920
NCOA3,0.859021
NEK5,0.743696
GALNT12,0.847554
ENPP2,0.742328
WNK4,0.970018
TTN,0.841894
PDE11A,0.917865
