GENE,ENVISION
AATK,0.853834
ATP2B3,0.887162
CHIA,0.936437
AASDH,0.993079
NEDD4L,0.945845
