GENE,ENVISION
OCRL,0.910425
HECTD3,0.825523
UROC1,0.843889
KMT2E,0.867489
CDK12,0.824693
UBE3C,0.941968
ACOX1,0.974629
AFMID,0.924103
USP51,0.907220
MOCS1,0.995752
TRIB3,0.891321
TUT1,0.944444
UBR2,1.004100
B3GAT1,0.914338
GPCPD1,0.861416
SLC25A13,0.970165
GALNT2,0.791403
USP37,0.918136
