GENE,ENVISION
GGTLC1,0.843881
SLCO1B1,0.770834
SLC22A10,0.779821
ERBB4,0.867544
WARS2,1.014560
PDIA2,0.957167
MAN2A1,0.726904
ATP6V0A4,1.001800
AMDHD2,0.750770
HELZ2,0.979124
TTN,0.545153
ATP6V0A2,0.910282
SLC30A7,1.010720
SETD5,0.771899
TYRO3,0.758101
COX7B2,0.839103
