GENE,ENVISION
ATP1A4,0.910753
SLC20A1,1.022690
