GENE,ENVISION
DNMT3B,1.010690
DNMT3A,0.861373
VRK1,0.851026
PIGO,0.908908
SGMS2,0.779200
PIGV,0.877057
EP300,0.790245
