GENE,ENVISION
CPT1B,0.929500
CDK13,0.868196
PRODH2,0.961939
SLC13A4,0.913729
USP7,0.867317
GLT8D1,0.890200
MCAT,0.740930
