GENE,ENVISION
B3GAT1,0.814486
PLCH1,0.972130
