GENE,ENVISION
SLC26A9,0.838637
USP34,0.796790
