GENE,ENVISION
ATP6V1D,0.982001
MAP3K1,0.835084
TTN,0.984260
