GENE,ENVISION
SLC5A9,0.951512
PLIN4,0.941009
PRKG2,0.968959
