GENE,ENVISION
CHD9,0.877628
CYP4F8,0.965255
TRPM6,0.820351
CDC42BPG,0.977068
RNF19B,0.769661
