GENE,ENVISION
PGAP1,0.869449
PEAK1,0.803445
NARS2,0.923152
SLC22A13,0.780025
CDKL3,0.959724
TTN,0.657797
MOGAT1,0.867513
UGT2B28,0.849558
ALG13,0.887637
