GENE,ENVISION
MAP3K3,0.941762
PLCL1,0.986112
