GENE,ENVISION
DAGLA,0.895935
LOXL2,1.000300
PTPN21,0.790414
SLC29A1,0.762151
