GENE,ENVISION
LRP2,0.973483
PTRH2,0.851330
DAGLB,0.813448
