GENE,ENVISION
ST8SIA4,0.895156
ST3GAL4,0.938833
PMPCA,0.837084
COPG1,0.562941
