GENE,ENVISION
OCRL,0.950311
GNMT,0.925272
B4GALNT3,0.865228
HS2ST1,0.751660
USP20,0.869233
PTPN21,0.864262
ECH1,0.708164
PLCH1,0.914401
TTN,0.815976
TRPM7,0.992319
EYA1,0.930713
SH3RF3,0.980176
PNKP,0.868345
TOPORS,1.023050
SLC26A1,0.855646
SRMS,0.835932
SPEG,0.976273
HEPH,0.914750
SLC27A3,0.809477
CHST13,0.769387
SLC20A1,0.830308
ALK,0.891878
DDR1,1.029910
FUT7,0.970290
STK36,0.819531
AATK,0.766741
