GENE,ENVISION
LRP1,0.905058
PRPF19,0.885628
WARS2,0.912277
HUWE1,0.703458
MST1R,0.834460
HECW1,0.752854
