GENE,ENVISION
MMAA,1.004270
FLVCR1,0.739795
PLA2G2E,0.882808
MAP3K5,0.627506
