GENE,ENVISION
KMT2B,0.854287
HECTD1,0.766123
HMGCLL1,0.843197
GLT8D2,0.864566
USP15,0.777772
ACAD11,1.035250
EHHADH,0.968841
