GENE,ENVISION
PTPRN2,1.066860
TBL1XR1,0.953451
CDK12,0.915231
ALG6,0.982531
TUT1,0.820674
SETD2,0.927558
CCBL1,0.963456
