GENE,ENVISION
MAP4K3,0.778660
SUV420H2,0.593548
