GENE,ENVISION
LRP1,0.869232
SMG1,0.861373
ST3GAL6,0.980084
TREX2,0.994108
MYLK2,0.958364
SLC2A12,0.900419
NOX5,0.896341
TTN,0.693958
USP33,1.006610
