GENE,ENVISION
ASH1L,0.952789
WNK1,0.769790
SLC4A8,1.010440
HIPK2,0.854525
ZC3HAV1,0.933485
GLT6D1,1.044560
IP6K2,0.958182
SLC25A11,0.951108
TXNRD1,0.770409
