GENE,ENVISION
NME7,0.821968
AHCYL2,0.994193
WNK4,0.764676
NADSYN1,0.745842
ACSM2B,0.695289
MARCH7,0.986082
LPCAT2,0.984270
MARK1,0.889062
POLI,1.010790
