GENE,ENVISION
CBR4,0.854792
RNF133,0.945715
SLC13A4,0.939652
PBK,0.917125
