GENE,ENVISION
NDUFB9,0.966788
BIRC6,0.907605
PPP2R3A,0.901695
PDE11A,0.789861
ALG1,0.941600
USP48,0.759907
SLC36A2,0.927415
SLC12A1,0.994790
SLC47A2,0.959233
AASDH,0.925393
SLC46A1,0.928113
ITPK1,0.913110
HSPG2,0.685452
PARP8,0.933814
LIPG,0.977932
PNKP,0.991227
WNK4,1.001820
CSNK1G1,0.937709
PLB1,0.962960
ST6GALNAC5,0.936157
ABHD6,0.952604
USP36,0.753972
UBR4,0.884430
RPS6KA1,1.087860
BRAP,0.893660
MYLK,0.726449
PPP3CA,0.954145
