GENE,ENVISION
STUB1,0.722238
MAT2B,0.958337
GCNT1,0.910434
TTN,0.791852
PRKCD,0.895209
