GENE,ENVISION
SLCO1B1,0.848110
AADAT,0.960729
PEAK1,0.817589
WWP1,0.719643
CHD9,0.862997
RNF123,0.957901
TGM7,0.953550
PTPN14,0.883325
USP34,0.881066
HERC3,1.008050
SLC22A7,0.951507
FUCA2,0.864767
MGAT4C,0.819676
TRMT1,0.828737
PDZD4,0.770834
USP7,0.881066
EHHADH,0.537877
DGKD,0.802781
