GENE,ENVISION
AOX1,0.829856
PKN3,0.855075
MAPK15,0.970368
CSNK1G1,0.772399
GALNT8,0.881321
HEPH,0.864936
