GENE,ENVISION
SLC12A5,0.917646
SLC9A5,0.868277
CMTR1,0.811641
SLC5A6,0.772397
