GENE,ENVISION
UGT3A2,1.031050
KMT2C,0.943011
SLC41A2,0.849671
SGK3,0.857184
TTN,0.882395
