GENE,ENVISION
PAK7,0.989619
SUCLA2,0.786835
MYO3B,0.829195
USP15,0.755919
