GENE,ENVISION
CHST12,0.728927
TSSK2,0.788028
FAM65A,0.813105
SLC12A1,0.858309
TTN,0.742154
PIGX,1.019080
UBR2,0.870148
