GENE,ENVISION
CHD9,0.907719
CYP2A13,0.800548
MVK,0.888497
DDR1,0.854889
GTF3C4,0.854506
