GENE,ENVISION
MAP4K1,0.833593
PTPN23,0.857244
PTPN21,0.989011
COL4A3BP,0.736377
CYP4Z1,0.995071
ERBB4,0.965930
ATM,0.953381
PGLYRP2,0.735261
ABCC8,0.900230
TTN,0.887111
ME3,0.761760
SLC5A8,0.796027
ATP6V0D2,0.919364
BDH2,0.960677
PDE10A,0.976975
