GENE,ENVISION
SLC13A2,0.982381
B3GNT9,0.835212
UBE2Z,0.914739
BCO1,0.896251
OXCT2,0.653236
NAGK,0.973900
