GENE,ENVISION
MTMR7,0.859021
PHLPP2,0.860263
NOX1,0.988543
TTN,0.781841
RPS6KA6,0.892534
