GENE,ENVISION
MAP3K10,0.812520
FPGS,0.980749
SLC2A14,0.942956
PRKCE,0.985265
WNK4,0.940539
