GENE,ENVISION
PTK7,0.811125
CHIT1,0.802074
MYLK,0.983428
MKRN3,0.978294
TTN,0.972883
ACSBG2,0.992114
NT5DC3,0.773805
