GENE,ENVISION
SUV420H2,0.591281
NEK7,0.868930
LRP1,0.913105
DZIP3,0.878966
USP17L2,0.941069
ABCG8,0.945210
PTPN12,0.759805
SLC3A1,0.862611
PDE1C,0.848701
SLC6A19,0.874196
GALNT8,0.919134
TTN,0.660516
PTPRH,0.938069
MECR,0.937081
ST6GALNAC5,0.985920
SRPK2,0.835084
PLIN4,0.931172
DUOX1,0.819728
DUSP27,0.726904
