GENE,ENVISION
LRP2,0.932616
EHMT1,1.100730
ZCCHC11,0.829543
SLC13A3,0.769987
ADCY1,0.836578
DSTYK,0.791852
PTPN11,0.804835
PRODH2,1.016200
NDST4,0.832893
LOXL2,0.895516
PASK,0.668035
LMTK2,0.854048
PDP1,0.769765
PADI2,0.857885
NT5C1B,0.959908
ZSWIM2,0.959094
DMGDH,0.935601
PTPRK,0.905097
FUT9,0.843097
TTN,0.456666
