GENE,ENVISION
PLA2G7,0.949042
SLC20A1,0.952168
ABCC8,0.964646
USP36,0.794961
DPYD,0.968646
