GENE,ENVISION
PEAK1,0.792049
TKTL2,0.837606
PDE3A,1.017350
HECW2,0.709904
CWC27,0.915971
PDE4B,0.923281
NAGK,0.766082
