GENE,ENVISION
HERC1,0.919391
SMG1,0.866593
TTN,0.904745
CREBBP,0.802936
KAT2B,0.566595
