GENE,ENVISION
PCK2,0.907188
LMTK2,0.864113
