GENE,ENVISION
MYO3A,0.961306
SLC1A5,0.829175
AMPD3,0.864248
ACAD9,0.959679
SUCLA2,0.861416
PLOD1,0.818282
ACSBG1,0.982066
CDK15,0.901428
STK38L,0.766123
DGKH,0.992071
MOGAT2,0.982203
TTN,0.913895
POLN,0.989552
RNF138,0.925579
pk,0.802828
NLK,0.905346
PDE10A,0.816982
TESK2,0.777880
TAOK3,0.787808
