GENE,ENVISION
LPIN3,1.019550
PPP1R3A,0.753625
B4GALNT3,0.843058
RNF185,0.932836
PLCZ1,0.817896
SLC22A6,0.879023
MAP3K5,0.914513
C1GALT1,0.895020
DUSP27,0.934747
