GENE,ENVISION
TSSK6,0.943156
LRP1,0.892627
TLK2,0.746665
SLC28A3,0.942260
CDK11A,1.019810
SLC36A2,0.787245
