GENE,ENVISION
ACVR1C,0.813233
ACE2,0.907411
PDE1B,0.952564
SLC17A7,0.943861
TTLL10,0.942293
UBE3C,0.881293
SLC26A9,0.831064
NNT,0.918041
