GENE,ENVISION
HMGCS1,0.770409
DUSP22,0.909494
SLC35A2,0.997683
LGMN,0.807585
