GENE,ENVISION
USP10,0.976215
LPPR4,0.866140
ALG12,0.837455
SETDB1,0.793990
USP51,0.952723
