GENE,ENVISION
ERBB4,0.801071
MOGS,1.013480
STK31,0.837105
SLC23A2,0.768525
SSH2,0.790228
TTN,0.914405
SGPP1,1.001780
BCO1,0.931745
