GENE,ENVISION
SLC22A6,0.797952
ZCCHC11,0.995359
PTDSS2,0.791193
LOXL2,0.915189
FKBP8,0.930175
