GENE,ENVISION
MAP3K9,0.907355
ATM,0.815364
ATR,0.984026
TTN,0.993520
