GENE,ENVISION
EHMT1,0.936915
PAFAH2,0.969100
FUT10,0.902162
ACVR1,0.776287
UBE2J1,0.964801
B4GALNT2,0.986165
PKN3,1.003490
PRPF4B,0.842570
PTPRU,0.910055
ENTPD8,0.975026
CERK,0.943355
PGLYRP2,0.992788
PTPN21,0.921501
SACM1L,0.931058
USP28,0.834103
PLIN4,0.911851
NTRK3,0.947794
SETD5,0.978248
RNF31,0.945076
