GENE,ENVISION
GSTA5,0.986923
DNMT3A,0.812963
LPIN2,0.873634
