GENE,ENVISION
UGT1A10,0.967738
CDK12,0.762927
SLC22A11,1.028860
PGLYRP3,0.786853
MAP2K1,0.967732
PLCE1,0.972438
