GENE,ENVISION
MYO3A,0.777880
NDST4,0.984235
ENPP2,0.967674
SETD1B,0.921714
PXDN,0.876519
FABP9,0.818891
