GENE,ENVISION
PMPCA,0.966224
PPP1R3A,0.853790
EPHA7,0.868930
FLAD1,0.825373
SLC22A16,1.039940
FIG4,1.024220
PIGS,0.768586
CDK6,0.725756
EP300,0.723562
USP34,0.855073
