GENE,ENVISION
ICK,0.991273
GGTLC1,0.777039
DPYSL2,0.913203
MAT2B,0.753389
DSTYK,0.782862
PON3,0.893118
CYP4F8,0.950982
YARS2,0.881260
TTN,0.811272
SLC5A9,0.971611
GAL3ST3,0.841682
PXDN,0.854838
