GENE,ENVISION
SLC6A3,1.012930
FLVCR1,0.814683
UGT3A1,0.903047
PRPF4B,0.810780
G6PC2,0.984758
USP26,0.905559
B3GAT1,0.810583
CYP4Z1,0.965573
CYP3A43,0.907267
SLC9A2,1.009020
PLCH1,0.796554
TTN,0.916284
TRMT1,1.008930
DAGLA,0.758813
KMT2A,0.841894
PARP9,0.978746
UGT2A3,0.986085
ACSF3,0.849890
GALNT8,0.791187
IP6K3,0.747650
PDE10A,0.860942
STK17A,0.988255
DDR1,0.605032
HSD3B7,0.977224
MYO5B,0.984735
