GENE,ENVISION
FKBP8,0.829751
SHPRH,0.848707
GALK2,0.856138
ADCY10,0.872202
