GENE,ENVISION
ADCY1,0.811977
DPYD,0.818070
AK7,0.867510
SLC4A5,0.971845
LRRK1,0.911494
TTN,0.786668
ATP6V0A2,0.864814
ATP6V1C2,0.941744
DIO2,0.940072
