GENE,ENVISION
DPEP2,0.852092
METTL3,0.987863
GALNT13,0.859452
UBE2R2,0.868671
