GENE,ENVISION
ASH1L,0.892911
LMTK2,0.856871
BRSK1,0.845128
SLC17A6,0.872454
MAT1A,0.581399
ABCA4,0.916338
TTN,0.771765
USP25,0.917978
SLCO1C1,0.848107
SLC22A9,1.056710
GALNT13,0.791787
