GENE,ENVISION
HUWE1,0.939398
ALG6,0.820940
ACOX2,1.099640
NCOA3,0.925359
PPP1R1B,0.982814
SMG1,0.819191
GRHL1,0.754599
STYXL1,0.792947
UBE3A,0.664961
TTN,0.849346
DOT1L,0.818942
ACY3,0.937750
KMT2E,0.827966
CDK11A,0.851798
HERC4,0.719785
SUV420H2,0.866120
SLC20A1,0.994708
CYP4A11,0.860792
ALK,0.831370
DDR2,0.991158
POMGNT1,0.967091
TRHDE,0.871160
STK31,0.849163
ABCC8,1.019420
