GENE,ENVISION
PINK1,0.970047
GRK7,0.996441
ALG8,0.839722
CDK12,1.009780
PIKFYVE,0.954108
