GENE,ENVISION
HSPG2,0.822007
PARP10,0.931233
SLC25A18,1.007150
GFPT1,0.868111
TRPM6,1.007110
AASDHPPT,0.916410
ABCC11,1.006600
