GENE,ENVISION
AGK,0.878909
ERBB4,0.640460
MAP3K4,0.754152
HERC1,0.796747
SLC22A6,0.984975
SLC22A8,0.898669
