GENE,ENVISION
TSTA3,0.861416
TECR,0.876817
FPGS,0.913820
TTN,0.765266
GDE1,0.812141
ACOT11,1.002140
