GENE,ENVISION
PDE3A,0.963198
UST,0.874760
GALNT8,0.780727
NPC1L1,0.868529
SH3RF1,0.914173
