GENE,ENVISION
HACL1,0.876557
G6PC2,0.904094
