GENE,ENVISION
ATP6V0B,0.846746
EPHA7,0.856025
KYNU,0.564050
PSAT1,0.950672
TAOK1,1.003500
