GENE,ENVISION
LRP2,0.910949
BIRC6,0.985904
SCD5,0.985350
EPHA10,0.913039
MYO5B,0.824150
USP7,0.746665
UGGT2,1.006580
GALNT2,0.934122
