GENE,ENVISION
DDR2,0.792018
CAMKK1,0.843276
ATP2B2,0.867317
RNF123,0.841185
SLC32A1,1.002540
