GENE,ENVISION
NSD1,0.779131
DPYS,0.870571
EZH1,0.860577
DIO2,0.991416
TUT1,0.982686
