GENE,ENVISION
LRP2,0.916745
MAP4K2,0.871160
INPP5D,0.996343
BARD1,0.592963
PDIA5,1.012500
WWP1,0.890379
ALG5,0.958827
MARCH4,0.926321
SLC6A19,0.871530
RDH10,0.857184
TTN,0.910065
SLC26A11,0.894661
COQ3,0.836115
