GENE,ENVISION
PAN2,0.900068
PLD3,0.923318
ATP8A1,0.885671
B3GNTL1,0.975916
GPAT2,0.811668
TTN,0.818566
DGUOK,0.964013
PTPRO,0.990870
APOA5,0.853791
PLIN4,0.874841
SLC26A11,0.972097
SETDB2,0.832717
TAOK3,0.916569
