GENE,ENVISION
USP44,0.845390
HELZ2,0.914630
