GENE,ENVISION
MYLK3,0.984370
MARS2,0.914894
MAN1C1,0.988745
BHMT2,0.807985
TTN,0.936965
CLK4,0.910690
