GENE,ENVISION
AOX1,0.752031
GANC,0.865227
ASPH,0.976176
TTN,0.876519
FPGS,0.978816
