GENE,ENVISION
ADCY4,0.793990
LPIN2,0.798820
TTN,0.775711
PXDN,0.944349
KAT5,0.898858
