GENE,ENVISION
LRP1,0.919498
BIRC6,0.854764
TKTL2,0.931696
POLG2,0.669831
MAP3K4,0.859919
TTN,0.912108
WNK3,0.945611
SLC8A2,0.827534
PPID,0.818753
TAOK2,0.762927
