GENE,ENVISION
MGAT5B,0.989761
CHPF2,0.947858
LRTOMT,0.974365
ABCG5,1.012270
SUV420H1,0.938430
