GENE,ENVISION
GAL3ST3,0.875261
SLCO4A1,0.959598
TTN,0.813133
