GENE,ENVISION
PPIL2,0.786678
CHIA,0.988538
ETNK1,1.004920
