GENE,ENVISION
SLC6A3,0.879854
SARS2,0.899882
PIGB,0.974507
MAN2C1,0.951203
PEAK1,0.916987
GNPTAB,1.008790
SLC17A6,0.975609
PPIL2,0.808149
LPCAT4,0.816142
ZC3HAV1,0.855824
SLC26A6,0.928564
NSD1,0.828122
SMG1,0.985896
