GENE,ENVISION
SLC38A5,0.981091
PLCB1,0.880247
ALG8,0.982696
NME7,0.917702
HELZ2,0.871264
HSPG2,0.983097
NDST4,0.781598
CHKB,0.808931
POLD3,0.976337
TTN,0.755107
SLC26A6,0.984056
STK38,0.871747
HEPH,0.984524
TRPM6,0.790467
USP34,0.742298
MGAT3,0.824239
ACSBG1,0.842351
