GENE,ENVISION
USP29,0.668444
SMG1,0.747768
B3GNT2,0.704606
USP21,0.867033
