GENE,ENVISION
CDC42BPB,0.950573
TARS2,0.967228
HECW2,0.856204
CYB5R1,0.798241
NEK1,0.918346
AK3,0.808079
BIRC6,0.672418
CHIT1,0.959324
RPS6KC1,0.973381
TIAM2,0.859890
PASK,0.818372
AGPAT6,0.981091
AAK1,0.891089
TTN,0.970551
ADCY10,0.702657
USP28,0.836446
MMAA,0.874194
SLC35D2,0.876745
UGGT2,0.878681
NAGK,0.946189
SSH3,0.844760
