GENE,ENVISION
HECTD2,0.871160
NEK7,0.884434
ITK,0.533303
ICT1,0.900142
ACSM2A,0.879072
LDHAL6A,0.905040
MOK,0.953784
C1GALT1,0.959989
MAN1C1,0.717074
MGAT4A,0.995782
TRPM6,0.910789
SUV420H2,0.784686
