GENE,ENVISION
SLC10A2,0.833015
AS3MT,0.727828
PPP1R3A,0.977097
SGK223,1.011510
EPHA7,0.868111
CEPT1,0.902596
G6PC2,0.769342
SLCO1B3,0.916166
TTN,0.599278
SSH1,0.813028
LMTK3,0.751384
TESK1,1.099750
