GENE,ENVISION
RNF149,0.828241
ECHDC2,0.941317
MACROD1,0.854525
