GENE,ENVISION
ACSL6,0.867768
AQP10,0.850562
PLCL2,0.744188
KAT2A,0.947052
TTN,0.689005
EHHADH,0.811872
RNF20,0.904969
CREBBP,0.869001
