GENE,ENVISION
PTPN13,1.007610
OGDH,0.838662
PDPR,0.927984
COQ3,0.967958
