GENE,ENVISION
ST3GAL2,0.906467
USP25,0.920809
KMT2E,0.957301
ERBB4,0.890511
DUOX1,0.775823
ACSM2B,0.627949
ATP6V0A4,0.973569
DUSP19,0.946874
TTN,0.977722
TECRL,1.007650
POLM,0.889240
FKBP8,0.939911
HEXDC,0.869840
NLN,0.867072
