GENE,ENVISION
SLC9A5,0.971067
GK2,0.974308
SLC13A3,0.799218
AMHR2,0.981152
SLCO1B1,0.781312
MKRN2,0.908702
