GENE,ENVISION
ASH1L,0.762163
NME7,0.774158
RALBP1,0.811938
DPYD,0.950918
SLC13A3,0.956596
NHLRC1,0.965683
MKRN2,0.752854
TTN,0.711722
SLC26A6,0.816375
NSD1,0.585207
