GENE,ENVISION
NSD1,0.882125
ALG12,1.020160
HUWE1,0.939897
PLCE1,0.777057
