GENE,ENVISION
SSH2,0.828984
PDE3A,0.914581
TARS2,0.767475
INPP5D,0.998505
TTN,0.851213
