GENE,ENVISION
RPS6KA6,0.784450
ADCY2,0.831722
LRSAM1,0.878042
WNK1,0.816424
CERCAM,0.846249
GMPPB,0.991491
SLC6A14,0.826971
MARCH1,0.865565
ABCA3,0.991352
ENGASE,0.772696
ALG11,1.015670
CHFR,1.009540
PRRT2,0.915316
HS3ST2,0.792561
