GENE,ENVISION
ITPK1,0.949831
ACSM3,0.712886
HSPG2,0.729458
AGXT2,0.966822
ABCC8,0.817740
CDC42BPA,1.016470
MGAT4C,0.857157
PAK6,0.811110
ALG12,0.818528
PAK2,0.859060
