GENE,ENVISION
PADI2,0.871342
SLC17A8,1.027510
PDK4,0.755898
GPHN,0.975501
