GENE,ENVISION
LRP1,0.907860
UGT3A1,0.965951
NEK8,0.958083
NEDD4L,0.875622
AURKC,0.974757
USP32,0.814173
