GENE,ENVISION
SLC6A7,0.819879
LPPR5,1.057020
DYRK4,0.921257
SLC30A1,0.815898
SAP130,0.899573
PPP1R3B,0.785658
UBE3B,0.970083
UBE3C,0.820237
SLC38A2,0.732422
USP43,1.005260
POLD3,0.913331
MARK1,0.820002
TTL,0.957570
DUSP7,0.778589
MTMR3,0.954059
ZCCHC6,0.864443
PIP4K2C,0.958337
TARS2,0.772227
ST3GAL5,0.823152
PIKFYVE,0.773370
TRMT1,0.711724
SLK,1.028530
ACO2,0.578691
PLA2G4D,0.965244
LRP2,0.877608
PTPRU,0.820205
ADCY2,0.728812
RBBP6,0.769810
STK38,0.867696
CREBBP,0.792798
