GENE,ENVISION
MAP3K2,0.966906
ACSM5,0.762122
ADCY1,0.686529
USP15,0.767475
