GENE,ENVISION
SLC6A3,0.915866
SLC7A9,1.013570
NUAK2,0.804788
ATM,0.758677
PTK2B,0.956243
LPPR4,0.958073
NOX4,0.926426
ACAD10,0.813415
B3GAT1,0.905792
PMPCA,0.861535
ASPH,0.983173
PHKB,1.082970
SLC6A19,0.875107
TUT1,0.822042
DNMT3A,0.867317
LRSAM1,0.735360
PIGK,1.011820
PPP2R2B,0.909000
TGS1,0.786164
PAPD4,0.948171
TRIP12,0.771854
USP33,0.753821
TPTE2,0.814749
CCBL2,0.588167
