GENE,ENVISION
GALNT14,0.890623
LRP1,0.738064
MIB1,0.780698
TTN,0.999015
DIO2,0.949531
SLC5A7,1.005630
SLC5A8,0.977466
MCCC2,0.771108
SLC15A4,0.746013
