GENE,ENVISION
CDK12,0.856204
XPO7,0.755113
XYLT1,1.021320
