GENE,ENVISION
PPIAL4A,1.021860
MAST1,0.769743
PTPN11,0.933711
