GENE,ENVISION
GALNT14,1.101240
PLCB4,0.955852
PLCH1,0.928269
ATR,0.922756
USP26,0.853353
TST,0.796576
GALNT7,0.941763
NGLY1,0.959869
