GENE,ENVISION
WWP1,0.932356
PTPN13,0.968809
HIPK2,0.906130
ATR,0.930177
MARK1,0.861177
ABAT,0.708091
