GENE,ENVISION
OGDH,0.746665
MOGAT3,1.003630
UGT1A10,0.945943
