GENE,ENVISION
LBR,0.843375
LGMN,1.003570
AMPD3,0.964624
SLC22A6,0.799179
RBBP6,0.954274
STK31,1.016380
TNIK,0.842193
BRAP,0.963657
POMT1,0.880031
