GENE,ENVISION
TRHDE,0.789861
PPP1R3A,0.939154
DGKB,0.988464
PADI4,0.876554
MARK2,0.615180
UBR3,0.771362
PDE11A,0.868287
ABCD2,1.005540
