GENE,ENVISION
NIT2,0.948866
KCNJ8,0.912654
ATP2B3,0.857831
BRSK1,0.851053
FKBP10,0.769342
NUAK2,0.780959
GK2,0.762629
PARP12,0.961637
PLCXD2,0.970741
PGM2,0.916742
MAT1A,0.842019
ABCA4,0.948991
CSNK1G1,0.882679
SLC23A2,0.836918
TTN,0.955616
GMPR2,0.563392
MCEE,0.978559
RNF5,0.913457
PLIN4,0.812614
TYRO3,0.981812
GPHN,0.913667
