GENE,ENVISION
PDZD4,0.845703
SLC7A5,0.889678
SLC6A14,0.864283
