GENE,ENVISION
HECTD1,0.761650
LRRK1,0.985077
SLC24A4,0.948350
PTGIS,0.752664
TTN,0.743531
EHHADH,0.617323
GAL3ST4,0.980377
