GENE,ENVISION
USP17L2,0.929052
SLC36A4,0.983341
SGK2,0.496484
BIRC6,0.570708
PLB1,0.811420
MAP3K4,0.867093
SDR42E1,0.984600
TTN,0.713343
LPCAT1,0.754539
FKBP3,0.825532
SHPRH,0.972852
SLC15A4,0.916848
