GENE,ENVISION
RIPK3,0.934557
DDR1,0.971485
ATR,0.918872
SLC25A11,0.957284
