GENE,ENVISION
B4GALNT3,0.759590
RNF180,0.932275
RBBP6,0.852031
RIPK3,0.913252
GPLD1,0.988216
NOX4,0.914050
KL,0.892983
SLC10A2,1.019580
NCOA1,0.840245
LRRK1,0.875220
PPP1R3A,1.035950
TKTL2,0.791187
SLC9A8,0.928367
TTN,0.603918
DGKB,1.008480
ASH1L,0.791888
PLCB4,1.020020
B3GALT1,0.792053
TRHDE,0.898854
ACSS3,1.005140
WNK3,0.855025
GFPT1,1.007830
SULT4A1,0.870598
XPO7,0.758766
CSAD,0.703376
PTPN14,0.868844
HECW2,0.853002
MTRR,1.003010
CTBP1,1.048600
UGT2B28,0.758016
