GENE,ENVISION
KAT2A,0.952687
BCO1,0.791190
GUCY1B3,0.942332
NTRK2,0.943912
SHPRH,0.719288
SLC43A2,0.916681
