GENE,ENVISION
KCNJ11,0.815842
HECTD1,0.862669
SLC40A1,0.818823
AHCYL2,0.814547
UBE3B,0.828311
CYP8B1,0.969559
PIGS,1.012220
DPYS,0.975908
PGLYRP2,0.883477
HACD4,0.825379
FUT2,0.966139
UBR2,0.820446
SLC27A6,0.764620
ADCY1,0.549306
