GENE,ENVISION
PLCH1,1.021550
AK7,0.763403
