GENE,ENVISION
MST1R,0.900509
GUCY1A3,0.790414
INPP5D,0.856204
GUCY2D,0.820775
