GENE,ENVISION
USP47,0.902115
ABCA4,0.849640
LMTK2,0.984170
UGT2A1,0.970582
MAP3K5,0.872863
