GENE,ENVISION
ENTPD4,0.924934
LMTK2,0.866983
WWP1,0.767475
POLG2,0.834467
TRIT1,1.015130
SUV420H1,0.842248
CSGALNACT1,0.755141
