GENE,ENVISION
SLC6A13,0.778174
SLC2A13,0.867594
ACSBG1,0.978584
TMX3,0.833733
USP20,0.847697
