GENE,ENVISION
ATM,0.932530
SLC4A4,0.954569
ATR,0.956373
GCNT4,0.832504
NEK1,1.006580
MASTL,0.967104
PFKP,0.830192
TTN,0.565848
MTMR7,0.856592
MECR,0.855075
UGGT2,0.910116
KMT2C,1.013590
KMT2A,0.815036
PARP8,0.818744
SIRT5,0.870929
ENPP6,0.971737
UBA2,0.879039
SLC15A2,1.004580
UBR2,0.902970
PDE10A,0.909117
GALNT15,0.996090
TLK1,0.868111
COMTD1,0.975030
MAP3K10,1.007890
BMPR2,0.922352
GLS2,0.842750
