GENE,ENVISION
PTPRU,0.856204
CDK19,0.817418
SLC17A6,1.002430
ACSM5,0.966298
MYLK,0.956698
RIPK1,0.905819
MAST1,0.843810
SARDH,0.850831
