GENE,ENVISION
CYP26B1,1.020220
NRF1,0.792236
