GENE,ENVISION
AOX1,0.842531
SLC27A6,0.830048
TTN,0.813133
FKBP10,0.752854
TUSC3,0.746216
