GENE,ENVISION
NAGPA,0.815467
GK2,0.860510
TSSK2,0.931659
GALNT7,0.922751
