GENE,ENVISION
SLC23A1,0.981119
CYP2A13,0.870291
POLM,0.946849
OGDH,0.712612
UBR4,0.815582
