GENE,ENVISION
HECTD3,0.817109
UAP1L1,0.846698
TTN,0.732952
SAP130,0.856384
ASAH2,0.904334
