GENE,ENVISION
GALNT5,0.874378
ABCC8,0.975681
FPGS,0.909431
NEU1,0.966581
DPYD,0.945513
