GENE,ENVISION
MAST2,0.962057
UAP1,0.957529
ACAD11,0.801326
PTPRJ,0.862251
