GENE,ENVISION
SLC4A10,0.964052
MYO3B,0.826194
ITK,0.568130
SLC13A3,0.757500
NDST4,0.878265
AK5,0.983615
SLC22A4,0.951095
HECW1,0.882149
SSH2,0.975512
CDC42BPA,0.475932
ME3,0.790414
GFPT1,0.782112
CHPF,0.939726
TTN,0.973347
GALNT3,0.803902
