GENE,ENVISION
SLC9A7,1.045940
TTN,0.753825
ADCY2,0.936284
PDZD4,1.012660
