GENE,ENVISION
ATP6V0A4,1.012780
PISD,0.859067
TTN,0.931920
