GENE,ENVISION
PRPF19,0.841803
PDE1B,0.890537
AK5,0.986349
