GENE,ENVISION
LPIN3,0.870913
DUOX2,0.930801
TTN,0.787373
CAMK2B,0.916516
AGXT2,1.011160
