GENE,ENVISION
SLC25A2,0.832620
CROT,0.821968
NCOA1,0.978155
POLE,0.980031
DAK,1.015670
