GENE,ENVISION
UBE2Q1,0.847846
KMT2A,0.892686
EPHA7,0.916144
AK7,0.725525
TIAM2,0.852335
USP16,0.982198
HECW1,0.937556
PLB1,0.944921
TOPORS,0.911832
