GENE,ENVISION
PLCB1,0.868111
AOC3,0.978380
GCNT1,0.970214
NCOA6,0.849180
BMP2K,0.945354
CERK,0.814749
BHMT2,0.975078
SLC18A3,0.917780
KAT6B,0.788805
CLK4,0.710120
