GENE,ENVISION
NCOA2,0.791852
MAN2C1,0.900255
DPYSL3,0.917492
SLC14A1,0.949522
DUOX1,0.932874
BIRC6,0.856315
TKTL2,0.790774
PLB1,0.968663
PARP2,0.840137
UGGT2,0.783140
PDK3,0.867712
TTN,0.618841
TECRL,0.973132
TSSK2,0.879978
EYA1,0.859995
