GENE,ENVISION
TRIT1,0.967418
TICRR,0.988751
TTN,0.994920
MYBBP1A,0.765364
ST6GALNAC3,0.922226
PLA2G4F,0.910937
FUT8,0.783042
