GENE,ENVISION
POLA2,0.949220
BIRC6,0.919220
ACSBG2,0.958481
SLC5A9,0.940092
SHPRH,0.909480
DPYD,0.592977
ROR2,0.865018
TAOK1,0.918750
ACOT11,0.904136
FUT2,0.984821
ITPK1,0.720756
BARD1,0.940098
CYP2A13,0.917594
WNK4,1.012060
SUV420H1,0.712134
MCCC1,0.959799
UBR4,1.005240
CYP4F22,0.988837
TNNI3K,0.915996
NEK1,0.797250
STK31,0.856204
FUCA2,0.950313
CINP,0.851697
