GENE,ENVISION
PTPN21,0.997231
PDE1C,0.810166
NTAN1,0.835613
SLC13A2,0.977758
UPRT,0.823015
TXN2,0.939547
GUCY1A3,0.860510
SLCO3A1,0.977598
SLC5A7,0.988706
DUSP5,0.958710
HAO2,0.818953
ST6GALNAC3,0.716608
