GENE,ENVISION
ACSS2,1.012070
USP25,0.985562
PDIA2,0.936926
HELZ2,0.795679
