GENE,ENVISION
SLC9A8,1.006870
PLA2G3,0.869411
