GENE,ENVISION
MKRN3,0.867529
MYO3B,1.022610
ITPKC,0.944096
