GENE,ENVISION
AMDHD1,0.863895
MARK1,0.917445
SLC35D2,0.884221
SLC15A2,0.817450
GALM,0.814095
USP34,0.909570
ZCCHC6,0.919286
