GENE,ENVISION
CHST12,1.002040
HS2ST1,0.834068
RPS6KC1,0.834232
ASPH,0.955067
USP40,0.950483
SLC12A1,0.946573
TTN,0.869306
MIA3,0.985073
SLC5A7,0.798948
ROR1,0.731240
