GENE,ENVISION
ALK,0.950274
ERBB4,0.897357
PDE1C,0.953082
PPP2R3A,0.822295
PRKCE,0.850087
KAT2B,0.912735
QPCT,0.863767
DPYS,0.733779
PDPR,0.919089
SLC12A6,0.829993
TTN,0.700433
TRIB3,0.935241
TRPM6,0.808046
FAM65A,0.845519
BRSK1,0.741008
HECW1,0.762927
