GENE,ENVISION
KMT2C,0.760521
MARCH10,0.907983
PNLIPRP3,0.810975
NCOA6,0.916653
PHOSPHO1,0.853529
UCKL1,0.887592
SETD5,0.876085
CERK,0.906778
PRKAA1,0.930332
PDPR,0.835814
MIOX,0.896244
TTN,0.870803
DIO2,0.978606
TNS2,0.900958
FN3K,0.917549
GALNT7,0.919517
PTPRK,0.914331
SLCO1C1,0.804079
