GENE,ENVISION
POLE,0.888539
TRPM6,0.864748
TTN,0.849110
PRKDC,0.780016
