GENE,ENVISION
B4GALNT2,1.017720
AOX1,0.907399
LIPE,0.955125
TBL1XR1,0.823657
SGK223,0.941341
EIF2AK3,0.987586
ATM,0.887620
ATP1A4,0.713102
SLC5A9,0.807434
IRAK4,0.864761
