GENE,ENVISION
EP300,0.772043
TTN,0.901626
