GENE,ENVISION
PLD1,0.873579
BARD1,0.966959
PPP2R3A,0.868434
ACSM2B,0.779314
GDA,0.854838
ABCC8,0.768859
AARS2,0.767072
