GENE,ENVISION
XYLT2,0.974133
USP34,0.908479
GLS2,0.745842
SLK,0.946720
