GENE,ENVISION
HUWE1,0.951429
TRIT1,0.992553
LGSN,0.954088
PLD1,0.893615
SLC9A2,0.874839
UGT3A1,0.866031
ACSL6,1.050250
PMM1,0.764333
GLYAT,0.941108
TTN,0.775496
HMGCLL1,0.979146
POLR3B,0.963367
ACOT4,0.524562
ABCD2,0.853511
SLC22A8,0.966461
FUK,0.938214
PPARA,0.891473
GRHL1,0.852901
