GENE,ENVISION
SLC9A5,0.857042
PADI3,0.937347
FRMPD2,0.982369
