GENE,ENVISION
SDSL,0.915819
ERBB4,0.957259
UGGT2,0.938712
UBE3A,1.017260
SARDH,0.960105
MAP3K14,1.000060
HAS2,0.924123
WNK3,0.800634
ELP3,0.856937
PDE10A,0.754599
ABCC2,0.789301
