GENE,ENVISION
TCIRG1,0.987534
HACD3,0.912194
EPHA7,0.945583
PIK3R5,0.792070
PRKDC,0.978838
SUCLG2,0.858410
FIG4,0.921965
TTN,0.995040
ATP11A,0.770409
PTPRO,0.769765
PDE4C,0.770409
ST6GALNAC2,1.007900
