GENE,ENVISION
PTPRU,0.983335
WNK1,0.985950
CHST14,1.013830
CYP46A1,0.806897
NDST4,0.783009
SLC4A7,1.010650
DGKB,0.852956
EP300,0.914079
