GENE,ENVISION
GALNTL5,0.953293
KMT2C,0.916390
USP25,0.767072
PTK7,0.659374
UCKL1,0.952119
MYO3A,0.796204
MYLK3,0.877903
KL,0.952083
SRMS,0.840543
RDH10,0.925023
HECW1,0.902421
USP28,0.827381
ABCB6,0.845923
USP32,0.869306
EP300,0.789861
SHPRH,0.778646
NPC1L1,0.844813
PIGU,0.992071
TTN,1.008930
