GENE,ENVISION
HECTD2,0.988143
HLTF,0.860263
COLGALT1,0.798241
TPH2,0.880031
STYK1,0.857244
