GENE,ENVISION
CYP46A1,0.946557
HSPG2,0.787692
TTN,0.597098
PPP2R2C,0.688384
PASK,0.976884
