GENE,ENVISION
OCRL,0.937001
ASH1L,0.828110
KYNU,0.531214
MKNK2,1.030980
CLYBL,0.883149
TPSD1,0.842792
