GENE,ENVISION
PPP1R3A,0.813519
PRKAA1,0.803123
DYRK4,0.710695
