GENE,ENVISION
KAT6A,0.922443
PDIA5,0.918049
SLC40A1,0.853412
