GENE,ENVISION
PARP15,0.908468
ABCG5,0.955575
TTN,0.820643
