GENE,ENVISION
MAP3K10,0.777095
HECW2,0.762927
