GENE,ENVISION
FASTK,0.932821
RFK,0.782792
PRKAG2,0.938880
RDH5,0.871951
TAOK1,0.798967
