GENE,ENVISION
RPS6KA1,0.831156
USP48,0.745842
SGK223,0.977445
PEAK1,0.960647
WHSC1L1,0.873872
CPA5,0.963633
CSNK1G2,0.650465
STK31,0.992119
GUCY1A3,1.007570
NTRK2,1.014440
MLKL,1.022080
PHKB,1.035450
ALG11,1.004690
PFKP,0.916858
PPCS,0.907145
NAGS,0.957194
