GENE,ENVISION
OCRL,0.809022
MYLK4,0.796881
PTK2B,0.982115
DHDH,0.806664
TTN,0.843373
POLN,0.907394
CREBBP,0.787938
