GENE,ENVISION
LRP2,0.842699
PLCB2,0.917187
DMGDH,0.884105
NPC1L1,0.991609
