GENE,ENVISION
NCOA2,0.917811
PANK3,0.907725
SMG1,0.776919
CAMK1D,0.906732
IPMK,0.792562
PRKDC,0.833616
PRKD2,0.766044
NSD1,0.801961
MCCC2,0.935681
ROR1,0.933241
DUSP27,0.831874
