GENE,ENVISION
EIF2AK1,0.859985
PRKAG2,0.933614
PRKCD,0.730303
HERC1,0.847697
MYLIP,0.866047
TTN,0.812995
ALG11,0.958307
TAOK3,0.865154
