GENE,ENVISION
MAP4K2,0.822345
SIRT7,0.886740
VRK3,0.802777
