GENE,ENVISION
UBE2Q1,1.015610
CREBBP,0.771158
GALNT13,0.954743
XPO7,0.879707
CDK12,1.018750
PTPRJ,0.891620
SLC22A9,1.002970
HERC3,0.843770
PLCH1,1.003780
TTN,0.544697
PLA2G4C,0.925053
ACAD10,0.882933
SLC26A11,0.757886
ROR2,1.010930
PXDN,0.714763
