GENE,ENVISION
SLC9A5,0.791852
PTPN13,0.922717
USP47,0.888488
ATM,0.988764
MKRN3,0.764203
MGAT5,0.945214
PTPRH,0.830620
SLC17A6,1.048320
SLCO1C1,0.727227
