GENE,ENVISION
PTPN13,0.832890
FASTK,0.972138
TKTL2,0.902876
KAT6A,0.887584
CARM1,1.015330
