GENE,ENVISION
BIRC6,0.907724
USP9X,0.885671
LPPR4,0.971016
SLC5A7,0.809764
SLC38A1,0.843808
ACAD10,0.965723
SLC25A13,0.921706
PHEX,0.803179
CMPK2,0.824306
STK26,0.780063
DGKH,0.896191
POLD3,0.966184
GBE1,0.528582
HAS2,0.754223
TTN,0.672117
SH3RF2,0.871677
SLC13A1,0.971059
UCK2,0.808483
SLC24A2,0.795488
PLCL1,0.931261
PADI3,0.971557
MOGAT1,0.907032
SCD5,0.780581
PIGO,0.965726
KAT6A,0.661389
LRP1,0.854838
ADCY2,0.549710
PIP4K2C,0.814129
NEU4,0.878043
PDE4B,0.888418
PTPRH,0.787286
CCBL2,0.668261
