GENE,ENVISION
SMG1,0.789861
CYP4Z1,0.816148
PADI6,0.982604
MARCH7,0.751253
PARP10,0.981552
SLC4A7,0.779665
ZC3HAV1,0.667120
IKBKE,0.985151
ATP2B3,0.854838
PIP4K2B,1.031420
TOPORS,0.904786
