GENE,ENVISION
NUAK2,0.952574
DMGDH,1.025000
IKBKE,0.991719
MOXD1,0.840242
DUSP22,0.998871
NCOA2,0.956810
ASAH2,0.852036
PFKP,0.982239
TTN,0.477710
DOT1L,0.813401
COL4A3BP,0.703016
EXT2,0.796110
ERBB4,0.565839
GMPPA,0.841121
GGT7,0.992938
ATP2B3,0.739411
CHST2,0.979126
CNDP1,0.803876
RPS6KA1,0.954334
GPT2,0.851144
ABCG8,0.993891
SPEG,0.797250
MANSC1,0.932712
