GENE,ENVISION
SLC25A37,0.752854
B3GNT6,0.973872
NUDT5,0.891980
AHCYL2,0.958480
