GENE,ENVISION
ITK,0.857513
ATP8A1,0.949234
MAP2K1,0.963313
PNPLA3,0.865843
PADI3,0.790587
MAN1C1,0.843338
TIPARP,0.972242
TTN,0.823698
ADCY10,0.993159
RNF217,0.750610
MTMR3,1.001820
ABCA3,0.867574
