GENE,ENVISION
AMPD3,1.006520
CYP8B1,0.917569
TSSK1B,0.977489
HACE1,0.844934
MYLK,0.946552
