GENE,ENVISION
SLC52A2,0.782711
CHST2,0.943504
