GENE,ENVISION
HAO1,0.958757
STK35,0.762927
PTK7,0.985638
