GENE,ENVISION
SLC22A8,0.964277
EZH2,0.852901
RPAP2,0.834172
