GENE,ENVISION
SLC5A7,0.892489
UBR4,0.802521
