GENE,ENVISION
HECTD1,0.996707
ACVR1C,1.011620
DCLK2,0.860942
GAMT,0.750922
PDE11A,0.825523
PLIN4,0.902329
UROC1,0.880335
ASAH2,0.863189
SLC12A7,0.929286
ZC3HAV1,0.878884
PRKG2,0.962996
ACOX1,1.001240
TTN,0.415059
SLC38A4,0.834645
STRA6,0.969792
SLC24A2,0.974383
PPP2R2B,0.864987
DUSP18,0.830096
ATP2B2,0.993387
PDE10A,0.719785
LRRK1,0.757477
GALNT12,0.860977
PLD1,0.885839
KCNJ8,0.908543
ATP6V0A4,0.878268
ABCA4,0.788508
UBE2U,0.968107
