GENE,ENVISION
MAP3K2,0.986479
NIT2,0.965922
PRKDC,0.822584
BDH1,1.024620
