GENE,ENVISION
PTK7,0.997160
PLCB1,0.789861
HSPG2,0.774620
SLC7A3,0.890999
SLC4A4,0.880611
SLC5A7,0.860328
NCOA2,0.903273
SLC10A2,1.033800
XPO7,0.787101
UBE3C,0.795911
PFKP,0.871244
SLC34A1,0.940462
TTN,0.705563
DYRK1A,0.762093
PPP1R1A,0.978519
SLC24A4,0.893503
RPS6KA2,0.786153
TPH2,0.929960
FRMPD2,0.808553
SETD5,0.858048
PDE10A,0.863306
LRP2,0.817860
ZNRD1,0.960190
CYP24A1,0.974007
LMTK2,0.924942
SLC17A4,0.971166
PARP14,0.884434
TPTE2,0.900183
PDE1B,0.758101
MMAA,0.946173
UGT2B28,0.916336
