GENE,ENVISION
ASPH,0.860326
TTN,0.913706
SLC15A4,0.878444
EPHA10,0.814173
