GENE,ENVISION
SLC14A1,0.866709
PRKCE,0.916004
CHSY1,0.983343
TTN,0.857605
ABAT,0.924997
GUCY1B3,0.766110
