GENE,ENVISION
SMURF1,0.985421
UBE2O,0.969069
ASH1L,0.831649
LRP1,0.878152
ACVR1,0.756104
XPO7,0.766123
PLB1,0.996250
UAP1,0.845693
SLC2A13,0.856089
POLE,0.915239
PRKG2,0.793995
PLA2G4C,0.805187
PRKD2,0.917492
BRSK2,0.968064
