GENE,ENVISION
ASPG,0.871844
RFWD2,0.873283
LRRK1,0.769387
SLC7A9,1.009970
SLC32A1,0.980650
GPT2,0.953320
ELOVL2,0.954081
