GENE,ENVISION
SLC10A2,1.017580
PPP1R3C,0.797350
SLC5A6,0.790463
SLC25A2,0.966195
RHBG,0.803412
EIF2AK4,0.770409
PRKD1,0.852879
UBE2E2,0.811813
PGLYRP2,0.913347
DUSP9,0.776522
ZSWIM2,0.963820
PDE1B,0.764378
CCBL1,0.993143
PPIE,0.871519
CHST2,0.876579
TRMT1L,0.981144
DECR1,0.967516
