GENE,ENVISION
SLC10A2,1.014170
CYP8B1,0.857086
EPT1,0.812892
PRKCQ,0.973021
TRPM6,1.005880
PTPRK,0.933255
DAPK2,0.773375
