GENE,ENVISION
LDHD,0.912093
MBOAT2,0.857157
TKTL2,0.993913
GAD2,0.864600
