GENE,ENVISION
HECTD1,0.867317
ACVR1,0.870716
UBE2O,0.865275
PIKFYVE,0.872022
SLC7A5,0.879628
DHRS2,0.958574
PLCL1,0.903033
SLCO1B3,0.823901
MAPK6,1.014300
PADI4,0.849115
EPHA10,0.845133
SPEG,0.778762
TRPM6,0.769387
SLC25A10,0.730289
