GENE,ENVISION
SLC35D2,0.827732
PRKCE,0.829273
FRMPD2,0.949482
