GENE,ENVISION
SLC15A2,0.928260
RPS6KA2,1.018010
