GENE,ENVISION
ITK,1.007860
GNPTAB,0.988901
PNPT1,0.820392
CYP4F11,0.977057
CYB5D1,0.876122
CHD9,0.961115
TTN,0.818102
PTPRN,0.770409
USP18,0.914581
