GENE,ENVISION
NADSYN1,0.743157
SLCO4A1,0.905982
SLC25A13,0.885204
TTN,0.953075
AHCYL2,0.874842
