GENE,ENVISION
UBE2O,0.765266
TRHDE,0.843373
UGT3A2,0.877159
PLCZ1,1.017450
AMHR2,0.979821
NTRK3,1.005410
PKN1,0.852257
MARCH7,0.856204
ATP1A4,0.827406
DYRK4,0.732248
WWOX,0.904287
APOA5,0.808759
MAPKAPK5,1.014840
POLL,0.755732
ACSBG1,0.836512
