GENE,ENVISION
MARCH10,0.854125
TAOK1,0.841394
WWP1,0.827778
