GENE,ENVISION
CBLC,0.794625
NOX5,0.792331
ST6GALNAC4,0.986328
SMARCD3,0.786086
