GENE,ENVISION
PANK1,0.957126
SAE1,0.967019
TTN,0.715627
CAMK2B,0.762995
