GENE,ENVISION
LRP2,0.968651
TGM3,0.880659
BRSK1,0.767965
HSPG2,0.734078
TTN,0.772755
SMPD3,0.914220
SLC5A9,0.795894
