GENE,ENVISION
USP17L2,1.013410
FMO1,0.752031
ST3GAL6,0.897092
PCYT2,0.987116
PDE3A,0.896900
MYLK,0.854500
PGLYRP3,0.992268
ATR,0.722585
ADSSL1,0.928146
ST6GALNAC3,0.909407
