GENE,ENVISION
YARS2,0.968275
PIK3R5,0.967082
