GENE,ENVISION
KMT2A,0.789454
LMTK2,0.914677
XPO7,0.850983
PLCZ1,0.865612
RPS6KC1,0.743325
LIPG,0.959991
DGKH,0.742435
PRKDC,1.005740
SLC12A4,0.984779
NOX3,0.803979
PLCH1,1.008350
MGAT5B,0.789083
DMPK,0.713806
HEPH,0.841609
TGS1,0.874758
AMDHD2,0.767475
TRPM6,0.895266
TICRR,0.975780
