GENE,ENVISION
ROR2,0.964219
RNF182,0.942743
