GENE,ENVISION
PLA2G15,0.921933
SMG1,0.921553
PPP2R3B,0.860577
MAP3K1,0.909851
SLC7A11,0.988110
SAE1,0.963338
