GENE,ENVISION
RIOK2,0.916284
BIRC6,0.906044
PTPRH,0.884282
MYBBP1A,0.874386
