GENE,ENVISION
SLC12A5,0.976869
ACOT12,0.830481
