GENE,ENVISION
GUCY2D,0.834754
SLC7A8,0.938240
DPYD,0.770892
GGT7,0.965171
SLC13A1,0.922200
GLT8D2,0.968101
NCOA6,0.960409
TRPM6,0.923549
ACAD10,0.903735
TTN,0.731313
