GENE,ENVISION
SARS2,0.797102
SLC17A4,0.983923
PLK2,0.897152
GDA,0.914822
PLCE1,0.914842
DUSP9,1.013920
