GENE,ENVISION
PTK2,0.953105
ACSS2,0.904807
PRKDC,0.798998
GANC,0.772898
FAXDC2,0.970886
ALG14,0.762629
