GENE,ENVISION
PRKCQ,0.970789
ABCA4,1.011820
IP6K1,1.010150
MERTK,0.765266
