GENE,ENVISION
TRIM11,0.779316
PTPRN2,0.882621
SMG1,0.828068
GALNT13,0.969281
PLCB1,0.842271
PDE7A,0.906726
DUSP27,0.811971
