GENE,ENVISION
TRIM11,0.903257
KARS,0.751253
FLVCR1,0.994846
AMPD3,0.979743
CLYBL,0.914319
UGT3A1,0.830600
AKT3,0.810461
NOX5,0.891764
PDE11A,0.866609
DGKZ,0.977673
PNLIPRP3,0.948225
XPO6,0.915895
PIGG,0.641458
ACSM5,0.655171
NTRK3,0.862714
SLC12A1,0.867948
DYRK1A,0.852901
VRK2,0.817589
SLC24A4,0.754690
CES3,0.818307
PGM2,0.918805
MAST2,0.808226
CYP24A1,0.981238
CSGALNACT2,0.847283
BDH1,1.016650
LRP1,0.605687
GALNT13,0.652294
PADI3,0.868529
PPIG,0.860337
SLC22A9,0.924893
