GENE,ENVISION
LRP2,0.959957
HADH,0.962365
POMGNT1,0.954440
RIPK3,0.871540
WNK4,0.994476
SLC22A6,0.922438
TTN,0.858722
