GENE,ENVISION
PLCB1,0.812250
ZCCHC11,0.989040
GALNT13,0.936384
ERBB4,0.821290
PKN3,0.721932
ATM,0.851678
OGDH,0.946725
MARK4,0.858390
TTN,0.856204
PHEX,1.035910
SLC25A13,0.960582
ACMSD,0.717984
CAMK1D,0.812119
