GENE,ENVISION
AASS,0.764929
MAST2,0.834683
ATM,0.921197
