GENE,ENVISION
SLC27A6,0.930139
SGK3,0.908110
HECTD1,0.874878
SLC25A18,0.936684
HAO2,0.773730
ATP2B2,0.854615
CMTR1,0.842637
ROR1,0.955603
GPHN,0.856565
