GENE,ENVISION
KMT2A,0.769305
SLC1A5,0.929757
CAMK1D,0.899954
LRSAM1,0.973282
PDE3A,0.962854
PARP6,0.802521
PRPF4B,0.841650
CARM1,0.972891
TTN,0.858707
TNS2,0.823336
POMT1,0.888949
UBR2,0.828265
PAK7,1.006580
SHPRH,0.837619
NPC1L1,0.743605
TAOK2,0.939750
HECW1,0.719288
