GENE,ENVISION
MYO3A,0.796204
UBR2,0.973288
SLC5A11,0.830122
