GENE,ENVISION
NCOA2,0.905464
SLC17A6,0.829225
NTRK3,0.986059
TTN,0.785835
MGAT4C,0.950095
CHFR,0.992071
TUT1,0.785763
UBR2,0.836406
GALNT6,0.879854
