GENE,ENVISION
LRP2,0.719329
ACSF2,1.015440
SLC5A7,0.915424
DPYS,0.902684
ABCB6,0.822977
DECR2,1.023690
UGT2B28,0.845853
