GENE,ENVISION
SLC41A1,0.763489
TKTL2,0.981171
SLC5A11,0.804716
ME3,0.720931
