GENE,ENVISION
LRP2,0.745842
RPS6KA2,0.762539
HS3ST4,0.769810
RNF133,0.896900
SLC9A2,0.823683
CYP8B1,1.015020
AMHR2,0.964659
CA13,0.596844
NADSYN1,0.856594
PRKDC,0.977814
SLC22A6,1.042130
MAN1C1,1.023220
TTN,0.714162
ATP11A,0.861416
USP15,0.871160
HEPH,0.807668
CSGALNACT2,0.925919
PDE10A,0.887011
ABCC2,1.017870
