GENE,ENVISION
DNMT3B,0.956567
SLC10A2,0.968719
ASH1L,0.775196
KYNU,0.890655
ALK,0.981094
ERBB4,0.767047
SLC25A3,0.943870
STYXL1,0.783288
SLC2A14,0.770462
MAP3K15,0.773303
TTN,0.826842
SLC18A2,0.865445
UGT2B28,0.730660
MVK,0.696307
DGKD,0.775111
DYRK4,0.898465
