GENE,ENVISION
SLCO1B1,0.975643
MYO3B,0.753911
PIM2,0.919242
SLC35B4,0.870283
