GENE,ENVISION
PAK7,0.979437
BRSK2,0.730963
AMN,0.985013
VARS2,0.821604
DGKB,0.801575
POMT2,0.977777
