GENE,ENVISION
SIRT3,1.003120
PAPL,1.003510
ADCY1,0.785727
DPYD,0.980071
BMP2K,0.933842
MOCS1,0.965294
SRMS,0.744620
CCNB1IP1,0.876841
MYO5B,0.901971
FUK,0.917713
