GENE,ENVISION
ERBB4,0.945709
METTL1,0.967771
ATM,0.971852
SLC24A2,0.791852
SLC12A7,0.969205
RNF115,0.998562
GLT8D2,0.910827
USP44,1.012950
