GENE,ENVISION
MARCH10,0.982960
GPLD1,0.757477
ADCY1,0.632881
DPYD,1.017120
PTPN13,0.769387
GRK7,0.998332
PLCL2,0.869136
SLCO2A1,0.811110
DOLPP1,1.001310
CAMK2D,0.998966
TNIK,0.850315
PADI2,0.831874
ZC3HAV1,0.979967
PHLPP2,0.824816
SMG1,0.878810
PDE4B,0.893992
PDE4C,0.853689
HGD,0.950638
PTPRR,0.853689
