GENE,ENVISION
OGDH,0.718498
ACSM1,0.971829
MAP3K15,0.908432
FARSA,0.977788
MAN2A1,0.976570
MAP2K1,0.927242
PDE7B,0.980718
CES5A,0.795361
TTN,0.826024
MERTK,0.738343
SLC35A3,0.907676
DGKB,0.939858
TRPM6,0.991632
PIK3C3,0.862469
USP34,0.862469
FUT9,0.893630
SLCO1C1,0.910314
