GENE,ENVISION
HECTD1,0.980396
PARP10,0.905621
DNMT3A,0.771232
TTN,0.791852
GUCY1B3,0.616404
ABCC2,1.033030
