GENE,ENVISION
HS3ST5,0.714301
SLC13A1,0.924344
USP4,0.884061
SLC26A6,0.813977
PPARA,0.947699
ACOT6,0.982999
