GENE,ENVISION
ENPP2,0.931280
SLCO2A1,0.750069
USP7,0.866693
ABCA4,1.029650
USP21,0.941331
SLCO1C1,0.858248
