GENE,ENVISION
AADAT,0.900264
CYP4F11,1.046400
MST1R,0.947004
SLC22A10,0.906174
MARCH4,0.795493
MARCH1,0.891577
TTN,0.989496
ATP2B3,0.847794
POLI,0.917837
