GENE,ENVISION
MOK,0.750770
UROC1,0.990126
ERBB4,0.852820
BIRC6,0.864418
ATM,0.783653
ETFDH,0.664556
CYP27A1,0.961419
PTK2B,1.015420
SLC12A6,0.848875
SMARCD3,0.796912
TTN,0.687081
PTPN12,0.919250
GAL3ST1,0.860390
MYO5B,0.833692
KAT6A,0.975783
PIK3C3,0.881614
