GENE,ENVISION
PTPRN2,0.932422
CYP4A11,0.937793
RPS6KA6,0.882053
ERBB4,0.948461
WNK3,0.776904
SLC24A4,0.885105
ROCK1,0.787698
PLCL2,0.832651
CHSY3,0.839207
GSTA3,0.977438
NOX1,0.832766
LPPR5,1.073690
DPYSL2,0.582095
TTN,0.629289
PDE10A,0.889707
USP30,0.906467
PARP8,0.996937
CTDSP1,0.973019
