GENE,ENVISION
PRKAG2,0.931029
TTN,0.979067
INPP5F,0.822856
