GENE,ENVISION
CSNK1G2,0.659686
SLC17A6,0.982610
