GENE,ENVISION
DPYSL3,0.749592
ARG2,0.552331
FUT5,0.978916
TTN,0.975141
USP32,0.833131
PRKD2,0.778592
