GENE,ENVISION
HELZ2,0.953629
BIRC6,0.911399
UBE2R2,0.880781
CYP27A1,1.052300
PLCH1,0.820746
MED1,0.910161
ATP6V0A2,0.957023
FRMPD2,0.986879
ATP6V1C2,0.982930
UBR4,0.873283
