GENE,ENVISION
KMT2A,0.932520
PTPN14,0.942475
