GENE,ENVISION
UBR2,0.851109
CAMK1D,0.902041
CYB5R1,0.817643
