GENE,ENVISION
SLCO1B1,1.091200
SLC22A12,0.967408
SLC25A13,0.953798
ST6GALNAC2,0.783258
