GENE,ENVISION
FADS3,0.777880
TRPM7,0.912489
TTN,0.742623
