GENE,ENVISION
COLGALT2,0.766082
PLCB1,0.976495
SLC7A5,0.952038
DDR1,0.737838
MIB1,0.852351
MARCH1,0.943472
TTN,0.966762
SHPRH,0.753821
SLC15A4,0.905993
