GENE,ENVISION
PGAP1,0.801289
MINK1,0.820824
FUT11,0.981656
HACE1,0.886963
GUCY2D,0.986024
ALK,0.807786
PARP6,0.951305
MKRN2,0.996569
RDH11,0.936130
KAT6B,0.908979
DAPK2,0.916173
RNF19A,0.828573
