GENE,ENVISION
MKRN3,0.824297
SLC24A3,0.942187
SLC4A8,0.976416
SLC35A3,0.843312
