GENE,ENVISION
MDH1B,0.792827
FUT10,0.908468
UGGT2,0.930530
GALNT13,0.714099
SMG1,0.842570
