GENE,ENVISION
TIAM2,0.882938
CERS2,0.786678
DPEP2,0.891911
