GENE,ENVISION
PTGES2,0.787877
GALNT6,0.922996
TTN,0.905646
USP35,0.914371
