GENE,ENVISION
PDE1C,0.848055
MAP3K9,0.991632
EIF2AK4,0.919473
MARCH3,0.925387
PIPOX,0.971536
