GENE,ENVISION
SLC1A5,0.845040
ATP1B4,0.693432
SLC8A2,0.914822
MAP3K14,0.870574
