GENE,ENVISION
KYNU,0.921422
TTN,0.719288
MARCH8,0.719785
