GENE,ENVISION
EPHA7,0.879707
GGTLC1,0.704606
CHPF,1.000450
SLC5A5,0.973241
