GENE,ENVISION
SMG1,0.963754
PLD1,0.980192
NEK1,0.823738
UGT3A1,0.945625
SLC25A37,0.858722
PLCH1,0.817589
PLCE1,0.850629
TTN,0.795488
ABAT,0.822910
MOGAT1,0.961055
PRKCQ,1.022320
TNS2,0.944527
RNF125,0.759519
TAOK1,0.554350
