GENE,ENVISION
TNK2,0.974604
LRP1,0.977269
LIPE,0.971984
SLC13A2,1.002440
PKN2,0.857831
ABCA4,0.997898
FAXDC2,0.720434
SLC26A7,1.048290
ACOT13,0.995365
DUSP27,0.909787
