GENE,ENVISION
DUOX2,0.816809
HECTD3,0.904707
RPS6KA2,0.706931
ABCD2,0.850399
TLK1,0.766123
HECW2,0.923612
PIKFYVE,0.878421
BIRC6,0.906572
INPP5J,0.824816
SSH1,0.743605
DYRK4,0.986538
SLC22A7,0.906471
NOL9,0.977656
TTN,0.778729
ADCY10,0.992071
CDK13,0.794089
KAT6B,0.876013
PDE11A,0.759907
TOPORS,0.976733
CBLL1,0.858346
