GENE,ENVISION
ERBB4,0.687097
PTPRH,0.781349
DDR2,0.917902
UGT2A3,0.812271
CERK,0.945402
UGT2A1,0.934751
SLC5A12,0.789275
PDE1C,0.942928
PDE7B,1.019920
KAT2A,0.645036
COPG1,0.950159
DGKB,0.869493
SLC30A6,0.853481
UHRF1,0.981091
STK17A,0.825381
