GENE,ENVISION
SLC12A4,0.878026
SLC22A8,0.995369
NCOA6,0.764839
