GENE,ENVISION
STK4,0.741571
MYO3B,0.935497
SLC2A6,0.872662
PPAPDC1B,0.838612
MAP3K5,0.786964
SMARCD3,0.802521
MAPK6,0.957674
DUSP4,0.505992
DUSP6,0.930899
MAP3K14,0.857226
