GENE,ENVISION
ATP2B2,0.792236
HS3ST4,0.781162
USP7,0.861177
