GENE,ENVISION
SLC22A16,0.864423
SSH2,0.888124
USP48,0.769591
GAD1,0.901079
