GENE,ENVISION
STYXL1,0.937112
LBR,1.019080
TSSK2,0.883982
SLC9A7,0.868184
HECW2,0.959522
