GENE,ENVISION
HUWE1,0.798481
LOXL2,0.852367
SLCO3A1,0.757458
EPHA7,0.923612
MTMR3,1.024890
DGUOK,0.879145
AK7,1.020930
KAT5,0.776163
MLK4,0.982381
NTRK3,0.868041
HERC1,0.728420
ABCC8,0.841558
TTN,0.847437
LPCAT1,0.842239
HEPH,0.903594
ACSM2A,0.918940
CHST7,0.857831
