GENE,ENVISION
PTK2B,0.564833
PDE3A,0.965362
NANS,0.811048
PRKD1,0.803522
UBR4,0.896528
