GENE,ENVISION
KMT2A,0.861376
UBLCP1,0.911090
RPUSD4,0.979827
STK31,0.992879
SPEG,0.973663
RNF217,0.908342
