GENE,ENVISION
LRP2,0.726904
TCIRG1,0.782381
USP25,0.864144
UBE3A,0.732308
GALNT13,0.958603
RPS6KA6,0.668734
MTRR,1.019120
TECRL,0.966299
ZNF645,1.021100
CPA5,0.949046
FASTK,0.971579
TTN,0.903075
GUCY1B3,0.812801
NEU4,0.975939
ACE2,0.583229
AARS2,0.974245
PDE4C,0.873385
CHST4,0.733578
MAP3K15,0.673243
