GENE,ENVISION
CHPF,0.776182
AASS,1.011720
SLC13A1,0.993330
FAAH2,0.830773
NTRK2,0.955186
HECW1,0.871897
ABAT,0.815314
TRIM32,0.773833
ST6GALNAC5,0.778646
PNPLA8,0.968512
CHST6,1.014270
