GENE,ENVISION
GAD1,0.969618
GGT7,0.927010
