GENE,ENVISION
UGGT2,0.931905
USP48,0.887162
