GENE,ENVISION
ADCY2,0.926615
UGT3A2,0.921462
TRMT1,0.970012
SLC6A13,0.816103
SPEG,0.781566
ST6GALNAC2,1.008260
