GENE,ENVISION
ICK,1.005590
ADCY4,0.938905
BAAT,0.947119
GUCY1A3,0.905859
CDC42BPG,0.949206
TTN,0.856204
HAO2,0.815467
PIK3C3,0.923612
