GENE,ENVISION
PXYLP1,1.015450
STK31,0.917791
NTAN1,0.799133
SLC4A8,0.868359
USP17L2,0.870567
