GENE,ENVISION
ICK,0.956237
PAPL,0.964754
CYP46A1,0.957277
UBE3A,0.846833
AGPAT6,0.852204
EPHA7,0.769009
TKTL2,0.970884
PKN2,1.008360
SLC22A12,0.917244
ATP6V1E2,0.958094
FKBP5,0.766812
HEPH,0.874908
SPTLC3,0.814095
EPHA10,0.839207
MYO5B,0.982417
PAK7,0.810465
SLC14A2,0.909894
