GENE,ENVISION
HECTD3,0.936328
PGS1,0.821271
TTN,0.870688
VRK3,1.034770
BMP2K,0.786557
