GENE,ENVISION
PTPN23,0.822234
SIK2,0.778646
RAD9A,0.667030
B3GNT9,0.985020
ABCA3,0.818732
KAT6A,0.895316
