GENE,ENVISION
WNK2,0.980125
SLC5A11,0.783496
SLCO3A1,0.869476
SHPRH,0.879393
TTN,0.914856
