GENE,ENVISION
UGT8,0.854509
EHHADH,0.943811
SLC22A10,0.943162
