GENE,ENVISION
NUDT9,0.967199
CDK12,0.856204
PTPN13,0.896785
LCLAT1,0.814865
PKN3,0.850753
HSPG2,0.937505
PDE3A,0.749985
PPIAL4A,0.914417
SLC25A3,0.688602
CES3,0.739795
PIK3R4,0.992572
TTN,0.935137
SPEG,0.982299
TRPM6,0.821464
ZCCHC6,1.004440
HECW1,0.856608
