GENE,ENVISION
SMURF1,0.882506
FKBP4,0.863993
ATP2B2,0.861177
TTLL10,0.926086
PDZD4,0.806991
