GENE,ENVISION
DZIP3,0.791536
PNKP,0.803890
ATP6V0A4,0.844370
COX4I2,0.751111
RNF144B,0.863197
USP34,0.924771
SLCO1C1,0.876541
