GENE,ENVISION
PTPRN2,0.890901
KARS,0.921328
HSD17B14,0.904011
SLC9A2,0.768623
CYP4F22,0.969047
SLC17A4,0.853898
ENPP2,0.963388
ELOVL4,0.964878
MAN1B1,0.978542
TIAM2,0.849293
TTN,0.863898
GUCY1B3,0.895368
CSGALNACT2,0.875844
MARCH8,0.766837
