GENE,ENVISION
CA5B,0.978531
MAN2C1,0.780926
CYP2A13,0.511018
MAP3K10,0.885667
GALNT6,0.864166
MTAP,0.754167
