GENE,ENVISION
AMPD2,0.754599
FRMPD2,0.786561
SLC2A12,0.765701
SLC4A4,0.821799
MOCS1,1.010210
DUSP21,0.904502
PANK1,0.923981
DPYD,0.728429
HIF1AN,0.976021
TKTL2,0.963433
PPAPDC1A,0.998309
TTN,0.445812
DGKB,1.069300
ABCD2,0.919010
ZCCHC6,1.004440
SLCO3A1,0.920407
PADI3,0.846678
GGT6,0.833604
PLB1,0.915430
HEPH,0.867385
RPS6KA1,0.970125
ABCG5,1.009250
ABCG8,1.005600
PTPN11,0.785620
SLC3A1,0.824673
MST1R,0.867615
PTPN14,0.938214
SLC22A16,1.020950
ABCA4,0.803218
PTPRK,0.761650
STK38L,0.868111
