GENE,ENVISION
SLC6A3,0.971374
HACE1,0.766123
SDSL,0.960524
WNK2,0.848040
CMPK2,0.773848
USP4,0.893369
WHSC1L1,0.989869
CHSY1,0.870452
CHST9,0.796479
NAPRT,0.740816
LPCAT2,0.732887
FRMPD2,0.983016
PRKD2,1.005950
CHST6,0.998961
