GENE,ENVISION
LRP1,0.860577
ATM,0.927241
ACSL6,0.952730
MELK,0.976697
SAP130,0.786678
REG3A,0.925290
