GENE,ENVISION
SH3RF2,0.979450
TTN,0.765381
