GENE,ENVISION
SLC9A4,0.936009
CHST13,0.938741
SCARF2,0.857435
B4GALNT3,0.911928
PIGM,0.946124
SLC12A7,0.966029
PLA2G4F,0.937316
