GENE,ENVISION
KMT2C,0.810160
PTPRN,0.841760
DGAT2,0.829052
