GENE,ENVISION
PTPN23,0.778646
DEGS2,0.966641
TTN,0.711191
