GENE,ENVISION
RGL1,0.880434
RPE65,0.883735
CTDSP1,1.013130
EHMT1,0.982536
