GENE,ENVISION
SLC10A2,0.829787
TLK1,0.755113
WNK2,0.975814
KAT2A,0.819755
ACSM1,0.689749
ABCA3,0.978439
LIPE,0.976029
CYP4F3,0.828475
