GENE,ENVISION
ASH1L,0.731137
ACSM5,0.863556
MYLK3,0.820485
DPYD,0.624708
