GENE,ENVISION
DAGLA,0.763852
PNLIPRP3,0.826479
SLCO2A1,0.863539
RIPK3,0.815536
TTN,0.631251
RNF152,0.964164
TRPM6,0.830903
PAK6,0.949218
