GENE,ENVISION
MAP4K2,0.814683
PRKAG2,0.875129
RCL1,0.791193
DGKH,0.772755
PLCL1,0.947191
FARSB,0.757458
TIAM2,0.869639
PLCE1,0.903695
USP29,0.858267
STARD3,0.909257
PDE10A,0.871160
