GENE,ENVISION
CERS3,0.907457
DDR2,0.773461
HS6ST3,0.873881
ACSL6,0.983512
UBE3B,0.916358
SLC23A2,0.874804
TTN,0.987853
KAT6B,0.678565
GLT6D1,0.851692
CHDH,0.873162
USP25,0.897130
