GENE,ENVISION
MYO3A,0.790467
PLCB4,0.885671
B4GALNT1,1.018260
ADCY2,0.834680
B4GALNT2,0.810548
KAT5,0.705651
SLCO2A1,0.849706
G6PC2,0.802777
CYP4F8,1.013440
TTN,0.894587
MYO5B,0.813949
SAP130,0.776507
SLC14A2,0.790467
