GENE,ENVISION
LGMN,0.943359
RWDD2A,0.671832
ACVR1C,0.703978
ERBB4,0.822103
ACOT11,0.973472
SLC35D1,0.770801
USP33,0.896353
