GENE,ENVISION
NCOA2,0.992890
SACM1L,1.014440
ILK,0.738731
POLR3E,0.762068
TTN,0.824336
TAOK3,0.677462
GAD2,1.020770
RNF19A,0.922815
