GENE,ENVISION
SLC38A4,0.948150
TGM3,0.981474
PDE3B,0.824495
PDE7B,0.952620
TTN,0.966657
NT5C1A,0.855226
HMGCLL1,0.968275
PHLPP2,0.850620
CREBBP,0.710949
