GENE,ENVISION
EHMT2,0.860622
LMTK3,0.917773
CERS3,0.981993
ABCG8,0.898360
WNK3,0.922531
HUWE1,0.867996
UPRT,0.826584
PDE3B,0.858006
SRMS,0.964012
STK31,0.973625
SLCO1B3,0.924131
MAP3K9,0.759383
TTN,0.815881
EPHA10,0.794710
PDE4C,0.978247
PLA2G4D,0.857380
