GENE,ENVISION
PTPN13,0.833057
UGT2B28,0.799758
SLC26A11,0.930317
USP48,0.755919
SLC7A7,0.859722
