GENE,ENVISION
KMT2E,0.838715
RPAP2,0.900482
PPM1K,0.997217
TTN,0.783002
PPWD1,0.767635
CHST3,0.885512
ALG14,0.894667
