GENE,ENVISION
ACSS3,1.002690
EPHA7,0.998096
PNPLA2,0.994991
MKRN3,0.957406
NOL9,1.110160
TTN,0.907107
HGD,0.801622
