GENE,ENVISION
SIRT7,0.745842
DUOX1,0.837270
ENPP2,0.838120
NT5C1B,0.922404
ATP11A,0.772274
PXDN,0.869626
TTN,0.891015
