GENE,ENVISION
CHST8,0.826888
TTN,0.781566
ACSS2,0.859901
NEK11,0.960420
