GENE,ENVISION
ZCCHC11,0.863561
DPYD,0.946970
PLCXD2,0.967075
PFKP,0.853689
MAP3K11,0.954493
ABCB6,0.686129
GALNT5,0.973106
ENGASE,0.977425
NLN,0.790414
