GENE,ENVISION
SLC9A4,0.985077
SLC4A10,0.809434
ZCCHC11,0.977153
SMG1,0.852175
CYP4Z1,1.017640
HSD17B14,0.990624
ACOX2,0.838930
PLK2,0.793790
ASH1L,0.752507
SLC22A10,0.933515
PLCXD2,0.856592
PIK3R5,0.974987
CDC42BPA,0.930359
AICDA,0.795345
AGMAT,0.752854
CSNK1A1L,0.941233
MYO5B,0.972988
AURKB,0.950153
CHIA,0.949970
GAD1,0.896023
TTN,0.772146
