GENE,ENVISION
CDK13,0.868195
SLC32A1,1.011490
BAAT,0.989204
ABCA4,0.836285
CERCAM,0.767475
MOCS1,1.007340
PLCH1,0.818744
TTN,0.885001
DMPK,0.867206
PLIN4,0.781055
DOT1L,0.888996
TRMT1L,0.945257
CREBBP,0.567696
