GENE,ENVISION
NCOA2,0.867355
HACD3,0.986469
AADAT,0.953199
ACE2,0.853524
FASTK,0.871138
HIPK2,0.970882
HECW2,0.857244
ELOVL1,0.858722
pk,0.917988
ST6GALNAC3,0.851821
DERA,0.854260
