GENE,ENVISION
RPE65,0.749239
TKTL2,0.908355
ENPP2,0.744719
NTRK3,0.906118
USP38,0.778847
FUT9,0.982787
