GENE,ENVISION
HSD17B8,0.940552
ACSF2,0.840086
NT5C1B,1.004770
