GENE,ENVISION
LRP2,0.777057
AOX1,0.955126
SH3RF2,0.786877
NEU4,0.840289
DECR1,0.881086
EYA1,0.947482
