GENE,ENVISION
MAP3K2,0.861459
MYO3A,0.821390
DYRK1B,0.763152
