GENE,ENVISION
SMG1,0.980236
SLC10A6,0.837817
TUSC3,0.972729
PAPD4,0.977913
NANS,0.936502
THNSL1,0.982812
