GENE,ENVISION
PCK2,0.803982
STK33,0.931694
PIKFYVE,0.775620
GRK7,0.831669
ACSM2B,0.714843
MAN2A1,0.934975
MAP3K5,0.975498
POLE4,1.001960
TTN,0.915635
TRIB3,0.820964
NEK9,0.854763
NPC1L1,0.901241
