GENE,ENVISION
SLC41A1,0.941628
AOX1,0.990819
CHST12,0.777057
EXT2,0.797230
USP7,0.876844
TTN,0.974491
CCBL1,0.760123
