GENE,ENVISION
KARS,0.854838
SIRT1,0.797562
CYP4F11,0.864287
MAPK15,0.880628
HSPG2,0.981091
PLCL2,0.939658
UPRT,1.023690
MAST1,0.856592
XYLT1,0.988949
SLC12A5,0.746847
VARS2,0.973689
SAE1,0.786916
PPIL4,0.860577
CYP39A1,0.866518
CHST7,0.956698
POLK,1.006739
IP6K1,0.978775
