GENE,ENVISION
XPO6,0.829988
SLC22A10,0.783566
AGXT2,0.995797
FIG4,0.869586
UBA2,0.923793
GUCY1B3,0.823890
UBR3,0.887162
MYO5B,0.828765
SCD5,0.982025
SLC39A7,0.833892
