GENE,ENVISION
ATP6V0A4,1.017600
HERC1,0.780769
HIBCH,0.945098
HELZ2,0.845088
