GENE,ENVISION
LRP2,0.892988
KMT2C,0.928250
XPO6,0.777772
UCK1,0.984481
TLK2,0.766044
GNPTAB,0.803282
GPLD1,0.828183
NOX4,0.913667
TOPORS,0.936674
