GENE,ENVISION
HACD3,0.755898
NCOA1,0.832016
CTDSPL2,0.989744
PTPN13,0.965032
CDK13,0.848229
CLYBL,0.992601
LPCAT4,0.992217
KAT6B,0.916126
GGT7,0.982694
SLC28A3,0.886133
SLC26A9,0.998968
NMNAT1,0.978896
