GENE,ENVISION
PLCB1,0.942932
SLC26A7,0.794460
