GENE,ENVISION
DAGLA,0.979294
CPT1C,0.865224
PTPRS,0.800383
PTPRR,0.894496
PIGF,1.014420
PARP4,0.961649
CTSF,1.028070
HERC1,0.833160
POLD3,0.851026
ATP11C,0.860510
TTN,0.651096
ADCY10,0.771663
PTPRO,0.810318
NCOA6,0.928250
ROR2,0.672400
ACSBG1,1.006020
