GENE,ENVISION
KCNJ11,0.871564
SLC17A8,0.998980
DDR1,0.763985
CSNK1A1L,0.980020
SLC22A4,0.922940
FUT5,0.949038
HEPH,0.818568
RNF167,0.916753
CHST2,0.886448
