GENE,ENVISION
HACE1,0.803613
HSPG2,0.769810
USP4,0.874957
TTN,0.768623
