GENE,ENVISION
AOX1,0.886211
PLOD1,0.977364
MST1R,0.877937
CAMKK1,0.918252
C1GALT1,0.782086
DYRK2,0.913009
ATP11A,0.791193
USP28,0.810291
MTMR7,0.820205
KAT6B,0.829383
UBR1,0.984362
EYA1,0.965436
STK38L,0.885671
