GENE,ENVISION
KMT2B,0.705723
LGSN,0.948123
RALBP1,0.912621
ALG2,0.743605
SLC3A1,1.021080
MGLL,0.856204
SLC13A5,0.987588
SGPP2,0.865004
SLCO1B1,0.929966
TTN,0.769810
NEU1,1.006340
TAOK2,0.973429
