GENE,ENVISION
MIOX,0.968939
STK26,0.869045
ATP8A1,0.766123
AICDA,0.955142
SSH1,0.720739
