GENE,ENVISION
PDE1C,0.848055
PTPRH,0.972197
TTN,0.818953
NT5DC3,0.854838
