GENE,ENVISION
SLC3A1,1.018870
B4GALNT3,0.982954
G6PC2,0.862077
GCNT4,0.924135
LGSN,1.004130
AMHR2,0.962690
NTRK3,0.987930
NT5C1B,0.929360
COPG1,0.967070
B3GALTL,0.749073
WNK2,0.780459
PLA2G2D,0.972615
ROR2,1.019130
ADCY1,1.004400
INPP5A,1.014630
ITK,0.930354
BRSK1,0.914349
ST8SIA4,0.953994
SARDH,0.964101
PTPRO,0.792561
AGPAT9,0.766622
TMLHE,0.864354
