GENE,ENVISION
CYP4A11,1.013780
THNSL1,0.974513
