GENE,ENVISION
HERC1,0.892522
PANK3,0.792196
UBE2O,0.843373
PON3,0.816602
ATP6V0A4,1.005530
SLC12A7,0.820533
MLK4,0.948312
PI4K2A,0.847697
SLC27A6,0.945913
TAOK1,0.663783
FUCA2,0.900990
