GENE,ENVISION
SLC9A7,0.860357
PIKFYVE,0.832191
PKN1,0.810839
HYI,0.986204
PHLPP2,0.899729
STK38,1.045000
SLC22A8,0.999104
