GENE,ENVISION
LRP2,0.997239
CYP4A11,0.988432
SH3RF3,0.799644
MTR,0.902817
PIK3R3,0.665313
HECW1,1.007430
POMT1,0.823704
ALG12,0.948832
