GENE,ENVISION
DGKZ,0.817743
PAFAH2,0.906817
CHIA,0.826643
ASH1L,0.909245
