GENE,ENVISION
KMT2B,0.915025
LRP1,0.958791
BMP2K,0.858394
USP35,0.763617
