GENE,ENVISION
ASPG,1.016730
DPYSL2,0.893170
STK31,1.014060
SLC24A4,0.843373
NDST4,0.947206
USP13,0.861403
LPPR4,0.725277
MAP3K14,0.902764
CDC42BPB,0.549033
B3GAT1,0.848554
