GENE,ENVISION
WNK2,0.786328
ACSM2B,0.944941
TRHDE,0.859115
