GENE,ENVISION
HECTD1,0.901148
BAAT,1.006340
SETD1B,0.915262
CERS2,0.883957
