GENE,ENVISION
HERC1,0.837014
TRIM63,0.880600
KARS,0.786678
PRPF19,0.875892
ACSM5,0.587455
KAT2B,0.958674
PRKDC,0.804101
ATP6V0A4,0.831137
DYRK1A,0.802857
YARS2,0.735261
SLC12A6,0.817153
TTN,0.831911
PTPRO,0.988543
CHIA,0.958677
UGP2,0.853790
GPHN,0.893996
