GENE,ENVISION
LRP2,0.933451
MYO3B,0.860577
SLC38A1,0.944355
RFWD3,0.912586
PPP1R3A,0.829054
NCOA6,0.803344
SLC17A6,1.001510
PNCK,0.910031
SLC5A11,0.801912
NMNAT2,0.835530
GALNT5,0.979631
GALNT6,0.853579
MTMR3,1.019290
CNDP1,0.923080
GUCY2D,1.094350
