GENE,ENVISION
PDZD4,0.964444
UGT1A7,0.725051
TTN,0.949108
TYRO3,0.932147
PIKFYVE,0.894157
