GENE,ENVISION
EHMT2,0.987889
NT5C1B,1.012170
PLCL1,0.971611
