GENE,ENVISION
CERS2,1.007340
CHPF2,0.907123
ATM,0.819249
USP4,0.839214
CAMK2A,0.692659
CHSY3,0.766904
TIAM2,0.866035
ELOVL2,0.967748
MAPK6,0.978172
RNF19A,0.886519
PXDN,0.826012
DUSP27,0.977403
