GENE,ENVISION
DYRK1B,0.825934
PLA2G15,0.873385
ASH1L,0.830408
PTPN21,0.897127
SLC6A7,0.832745
TRHDE,0.874948
SNRK,0.920061
ATM,0.950261
MAPK15,0.883365
BMPR2,0.961411
CYLD,0.787014
GAL3ST3,0.872183
DUSP16,0.941938
SLC27A1,0.830052
SRPK2,0.833131
