GENE,ENVISION
PKN1,0.965676
CES3,0.759461
TGM7,0.847803
