GENE,ENVISION
SLC4A10,0.813342
ADHFE1,0.850902
PASK,0.897784
