GENE,ENVISION
LRP2,0.778793
KMT2C,0.852597
CERS5,0.768736
TTN,0.798134
ACSBG1,0.991078
