GENE,ENVISION
SAT2,0.947815
BIRC6,0.685700
CARS2,0.924727
SLCO1B3,0.803979
FUK,0.969792
CHD9,0.914405
TKTL2,0.881767
NEK9,0.860577
FASTK,0.960634
CDC42BPG,0.867057
TTN,0.859832
NLK,0.861177
GBE1,0.877567
VRK3,1.050150
SLCO2A1,0.781698
CDC42BPA,1.006110
PADI2,0.860297
PIGU,0.875892
SLC26A7,0.839600
ALG13,0.915670
HADH,0.958452
EIF2AK1,0.974507
POMGNT1,1.004690
