GENE,ENVISION
MBOAT1,0.710695
MAP3K1,0.719785
PLCE1,0.652360
FUK,0.761263
