GENE,ENVISION
SLC4A5,0.916980
TRIP12,0.764008
COL4A3BP,0.901657
