GENE,ENVISION
HECTD1,0.976136
ENPP2,0.808317
PTGIS,0.936126
MAN1B1,0.985893
USP13,0.970964
TTN,1.006160
AASDH,0.960965
PXDN,0.901957
