GENE,ENVISION
SMG1,0.842892
SDR16C5,0.788328
