GENE,ENVISION
MYO3A,0.777880
GALNT13,0.895288
MKNK2,1.021750
MST1R,0.823638
SLC6A19,0.953606
TTN,0.913541
ME3,0.755898
ALG14,1.000870
