GENE,ENVISION
GCNT4,0.990568
ASH1L,0.863430
GDA,0.995000
SLC5A8,0.941634
PDK3,0.767475
MOXD1,0.901065
CHPF,0.881044
