GENE,ENVISION
ALG8,0.808441
MTMR14,0.840116
PI4KB,0.920628
SLC17A4,0.977195
PKN2,0.866402
SLC24A2,0.976882
PRKDC,0.752854
CHST9,0.742164
UBE3B,0.903214
AGPAT5,0.958634
NOX5,0.971708
TTN,0.838413
PTPRO,0.905317
LPPR3,0.787753
HLTF,0.915385
PNPLA8,0.875201
SRPK2,0.919519
