GENE,ENVISION
GALNTL5,0.823322
PLA2G15,0.758177
CHST13,0.778571
HACE1,0.861177
TSSK2,0.938152
LPIN1,0.920601
ACSM1,0.806068
PTPMT1,0.915207
PARS2,0.766096
FLVCR1,0.877608
PARP10,0.819281
EIF2AK4,0.856204
CHD9,0.838404
GSTO1,0.906139
TTN,0.831694
MTMR7,0.920749
IRAK3,0.965902
DPEP2,0.900469
ACAD11,0.981012
PAK2,0.923235
