GENE,ENVISION
SLC52A1,0.836886
UBA3,0.861373
PLCB3,0.859692
ART4,0.905259
PPP1R3A,0.697177
B3GNT3,1.062610
MTR,0.731933
HEPH,0.974409
NDUFA13,0.728270
MLK4,0.851697
SLC22A16,1.010540
PDP2,0.886809
PADI2,0.973359
DUSP21,1.062160
CDC14A,0.996832
ZSWIM2,1.023090
SLC26A7,0.983232
RNF139,0.989139
PIK3C3,0.823304
TTN,0.833416
