GENE,ENVISION
MGAT5B,0.923718
TTN,0.828990
SAP130,0.978552
RNF31,0.979260
