GENE,ENVISION
LRP2,0.978049
MYO3A,0.907970
SLC14A2,0.827768
PARP14,0.949133
RPS6KC1,0.841214
SDR42E1,0.989979
TTN,0.687891
AICDA,0.970778
