GENE,ENVISION
LARS,0.856943
ITK,0.973733
EXT1,1.046100
TKTL2,0.937002
NUDT5,0.695390
PTGIS,0.912596
PHKB,1.020440
SLC25A13,0.971102
ST6GALNAC1,0.879252
