GENE,ENVISION
ZCCHC11,0.969399
PDE3A,0.969439
DUPD1,0.898477
PRPF4B,0.755919
AK5,0.866101
PDE10A,0.820964
KAT6B,1.005980
UBR1,0.840220
MCCC2,0.702072
