GENE,ENVISION
KMT2B,0.932558
LPIN2,0.978844
PARP9,0.962491
GNPDA2,0.936640
POLR3GL,0.931520
MDH1B,0.814000
USP9X,0.866347
TTN,0.780152
PDE10A,0.912305
IRAK4,0.614342
ISYNA1,0.789080
