GENE,ENVISION
PIGH,0.805919
HACD3,0.738268
LPPR5,0.769897
MYLK,0.908184
