GENE,ENVISION
STK32B,0.819411
NEK5,0.914346
MTR,1.019400
STRA6,0.910075
TTN,0.938970
UBR4,0.864972
TNKS2,0.852204
SLCO1C1,0.855814
