GENE,ENVISION
ATP6V1D,0.875892
ELOVL4,0.766222
NCOA1,0.871160
PPP1R3A,0.977466
