GENE,ENVISION
BIRC6,0.993225
ACSL6,0.870062
MTRR,0.821049
GBA2,0.911983
USP24,0.938530
CNDP2,0.911359
