GENE,ENVISION
SLC14A2,0.993333
ACVR1C,0.900548
GCNT2,1.002170
WNK3,0.775158
UGT2A3,0.822906
NT5DC3,0.901720
TTN,0.947436
UBR1,0.932788
PIK3C3,0.822981
CSGALNACT2,0.828465
AKR1C1,0.804115
