GENE,ENVISION
PGAP1,0.717424
AOX1,0.927847
TSSK1B,0.988469
ANGPTL4,0.801823
CAMK1G,0.570026
MGLL,0.984739
FTMT,0.818034
GPLD1,0.834699
PLCE1,0.800413
SLC5A5,0.791931
NHLRC1,0.992461
GPAM,0.846265
SMG1,0.917085
ACSM1,0.827798
HS3ST3A1,1.007660
PLCH1,0.757195
TTN,0.623073
ACOT11,0.972546
HAGHL,0.932526
MAN2A1,0.710695
NEK5,0.926118
SMYD3,0.915246
ST6GALNAC5,0.762695
USP34,0.875892
SLC41A1,0.859528
GALNT13,0.997623
SLC22A12,0.828577
AGPAT5,0.863630
PIGS,0.857184
