GENE,ENVISION
KMT2B,0.733999
GBGT1,0.986137
SLC17A8,0.995879
BIRC6,0.903265
EXTL2,0.981439
HUWE1,0.932482
NDST4,0.818866
FIG4,0.865177
TIAM2,0.949320
NT5C1B,0.972694
USP15,0.844934
