GENE,ENVISION
SLC8A2,0.814173
SMG1,0.941743
UROC1,0.978670
ERBB4,1.003040
GNPDA2,0.951365
BIRC6,0.774878
SLC24A4,0.925859
SLC32A1,0.977617
SLC22A11,0.934622
SLC4A5,0.785867
SDR9C7,0.759865
SLC5A11,0.968018
XPO7,0.720644
TTN,0.776637
WNK3,0.893707
PPP1R3A,0.853998
DGKB,0.827496
NNT,0.927786
GGH,0.600795
GALNT13,0.986398
