GENE,ENVISION
GALNT7,0.938149
SLC43A2,0.895508
