GENE,ENVISION
CDK12,0.791852
SUV39H2,0.860354
LRRK1,0.859985
KMT2E,0.932493
PIGG,0.769123
