GENE,ENVISION
KANSL3,0.744505
INPP5D,0.780958
NPAS2,0.775934
USP26,0.874219
USP30,0.791852
MBOAT1,0.915165
PLCH1,0.738102
USP29,0.789591
PPP3CA,0.733917
DGKB,0.922441
POLN,0.971579
B3GAT1,0.764651
SETDB1,0.917677
