GENE,ENVISION
LRP2,0.804886
MAP4K2,0.752854
ATP1B4,0.734457
NPAS2,0.790467
USP38,0.993501
MED1,0.819563
TTN,0.995219
PTPRN,0.843373
PRKD2,0.759519
