GENE,ENVISION
SLC8A2,0.824902
ATP1B4,0.926761
RHBG,0.850589
