GENE,ENVISION
POLR3B,0.862469
CHSY3,0.965365
RNF128,0.821285
