GENE,ENVISION
ATP8A1,0.943396
ZNF645,0.943162
STK36,0.851330
SSH1,1.006610
