GENE,ENVISION
KMT2B,0.832675
CAMK2A,0.740705
PLCD4,0.970329
SFXN3,0.952560
EHHADH,0.954043
PTPRJ,0.909167
