GENE,ENVISION
SLC25A13,0.960233
SLC40A1,0.864764
