GENE,ENVISION
STK32B,0.776919
SH3RF2,0.868899
AASS,0.881255
PFKP,0.786086
RNF25,0.983740
GALNT3,1.028920
