GENE,ENVISION
LRP2,0.851697
CYP4F22,0.980554
NEK5,0.969489
CYP1B1,0.838030
LCLAT1,0.956698
SLC17A6,0.895886
WNK1,0.793139
NOX3,0.849898
PPP2R2C,0.896920
ACSM2A,0.845018
PDK3,0.820237
MARCH7,0.908844
DUOX2,0.921677
PARP2,0.980997
MLKL,0.939567
SLC6A14,0.954569
SGPP1,0.976874
HIRIP3,0.867151
