GENE,ENVISION
MAP3K3,0.939186
EIF2AK4,0.914659
CYBRD1,0.937029
STK31,0.719329
HERC3,0.752854
DMGDH,0.863315
PDE4B,0.851724
UBR1,0.849836
DUSP27,0.965999
