GENE,ENVISION
SLC32A1,0.967040
HSPG2,0.737118
PON3,0.959270
DUSP22,0.769765
USP24,0.859166
NEK5,0.825890
UGT1A10,1.004130
A4GNT,1.011670
RNF128,0.768721
DPYS,0.558580
PIK3R4,0.918172
B4GALT6,0.824890
UAP1,1.004830
SLC24A2,0.860510
PLCD3,0.814259
ADCY1,0.525996
SLC9A2,0.711191
SLC22A16,0.916940
PFKFB3,0.777772
MYLK,0.783029
EPT1,0.919180
CYP27A1,0.977395
PDZD4,0.943857
MAP3K15,0.628474
PDE1B,0.849070
PAK7,0.874839
FUT9,0.780152
