GENE,ENVISION
GGTLC1,0.799676
HIRIP3,0.859605
XPO7,0.868111
B3GNT3,0.824461
HSPG2,0.734250
RBBP6,0.938413
TTN,0.870829
HECW2,0.812961
DUSP5,0.987806
SPEG,0.788119
RNF217,0.710695
TRPM7,0.747768
USP32,0.795911
TAOK2,0.962565
RNF31,0.744620
