GENE,ENVISION
SLC5A8,0.929012
SLC12A5,0.918341
FUT5,0.933694
