GENE,ENVISION
HECTD1,0.931917
HS3ST2,0.857084
BIRC6,0.845517
ATM,1.001930
RIPK3,0.884468
TGM3,0.570202
USP29,0.827890
ATP2B2,0.844936
CERS4,1.005080
CDK19,0.754242
MIB1,0.802857
TTN,0.829052
TECRL,1.006630
KMT2A,0.900258
TICRR,0.980387
SLK,0.898603
SETD2,0.996343
TNNI3K,0.921293
LRP2,0.965762
STK32B,0.833266
MOGS,0.742225
PXDN,0.762927
