GENE,ENVISION
SLC4A10,0.795404
SLCO1B1,0.921629
NCOA2,0.858578
ERBB4,0.962262
PPP1R3A,0.972629
AHCYL2,0.814364
STK24,0.973408
RRM2B,0.671684
TTN,0.737569
ZSWIM2,0.983654
AURKC,0.951065
SLC12A1,0.976904
SPTLC3,0.905365
ACVR2B,0.839959
KMT2E,0.977632
MTR,0.927944
SLC25A2,0.764006
SLCO2A1,0.838256
ATP2B3,0.923612
GALNT14,0.847604
KCNJ8,0.662770
MGAT4C,0.882881
DECR1,1.002420
