GENE,ENVISION
UBR2,0.823868
ST3GAL2,0.930659
MARK1,0.851404
SLC2A9,0.856138
INPP5F,0.867676
