GENE,ENVISION
SLC20A2,0.875881
SPHK2,0.827381
KMT2A,0.821845
HACE1,0.856565
PIKFYVE,0.841259
SLC2A6,0.782862
DPYD,1.016910
PARP12,0.951144
MYLK,0.862589
MAP3K4,0.846686
GPAT2,0.945583
LRP1,0.766044
MAP3K15,0.948332
HUWE1,0.923595
PIGO,0.978439
CHKB,0.851611
