GENE,ENVISION
AUH,1.016660
USP28,0.859760
