GENE,ENVISION
OCRL,0.934614
PTPN23,0.862881
MAN2C1,0.857244
ALK,0.967560
PLXNB3,0.998870
SCD5,1.048770
TTN,0.885628
SLC30A1,0.951597
PDE10A,0.869306
