GENE,ENVISION
SMG1,0.847336
CTPS2,0.987203
SLC17A7,0.863903
MST1R,0.863485
SDR42E1,1.019330
USP51,0.971500
MKRN3,0.899861
TTN,0.570080
USP29,0.840443
AURKC,1.004920
NEU4,0.785322
CHIA,0.975423
PRKD1,0.842675
PXDN,0.778646
