GENE,ENVISION
PPT2,0.753821
RPS6KA2,0.704189
PLB1,0.878016
