GENE,ENVISION
SLC27A5,1.095710
HERC1,0.873520
SLC20A1,0.946520
TBL1XR1,0.919311
PTK7,0.762927
AHCYL2,0.782112
GRK7,0.857828
TRAF7,0.811912
RNF182,1.069480
SLC29A2,0.758271
TRMT1,0.940706
DGKH,0.835264
LBR,0.865175
TTN,0.900411
CDC42BPB,0.787181
TAOK1,0.828931
CCNB1IP1,0.870309
SIRT2,0.992758
RNF123,0.936583
PTPRJ,0.983097
DUSP27,0.932545
