GENE,ENVISION
PKN1,0.972669
ACSM2B,0.829728
CHST8,0.878780
SLCO1B3,0.948312
SLC12A1,0.831335
TTN,0.778646
SLC18A3,0.983520
