GENE,ENVISION
PNPT1,0.835084
CHST2,0.858349
UPRT,0.922461
