GENE,ENVISION
FKBP14,0.767533
UGT3A2,0.818957
KAT2A,1.000230
EZH2,0.947556
SLC4A9,0.883913
WHSC1L1,0.949697
USP42,0.765854
TTN,0.397078
TRMT1,0.923636
ATP6V0D2,1.044050
ACOT12,0.889426
GGTLC1,0.810583
ERBB4,1.020380
PRKCE,1.000740
CLC,0.846609
GANC,0.921372
USP31,0.843136
PAPOLG,0.941689
MCCC2,0.782069
LRP2,0.745842
LMTK2,0.977466
PXDN,0.915067
