GENE,ENVISION
PAN2,0.748985
USP34,0.867317
ATM,0.941905
SLC24A2,0.872502
PDK3,0.901001
SLCO1B3,0.975972
MED1,0.842750
MGAT5B,0.846820
WNK3,0.946086
UBE3C,0.900419
MYO5B,0.847855
POLK,0.958275
