GENE,ENVISION
NCOA1,0.790438
ACSS2,0.966008
UBE3A,0.961552
CDK17,0.877599
CYP4F8,0.884876
PIGQ,0.818986
AGPAT1,0.815441
NEU4,0.797467
SPEG,0.826790
