GENE,ENVISION
GLT6D1,1.016150
NDST4,0.902077
UBLCP1,0.772704
