GENE,ENVISION
PLA2G4D,1.020410
PPP2R2B,0.828979
