GENE,ENVISION
AATK,1.039460
ACSF3,0.986279
PLB1,1.004580
