GENE,ENVISION
UCK2,0.771568
PIP4K2C,0.804099
