GENE,ENVISION
CDK19,0.867763
HACL1,0.874839
CHD9,0.858157
POLE,0.764378
PRKCZ,0.992744
TTN,0.901360
GTF3C4,0.863865
SETD5,0.893570
USP36,0.895266
RNF146,0.832560
