GENE,ENVISION
TRPM6,0.901449
SETD2,0.781159
PI4KB,0.750053
ABCG5,1.051060
