GENE,ENVISION
PANK2,0.925877
CHD9,0.964755
FIG4,0.849108
NOX4,0.786333
PAK7,0.823570
MCCC2,0.805993
