GENE,ENVISION
SLC4A10,0.912227
USP3,0.754690
PAN2,0.829652
MAP3K2,1.012360
HSPG2,0.886446
PLCL2,0.912867
CARM1,0.951390
CDC42BPA,0.948048
USP15,0.825523
NSD1,0.866372
AATK,0.933512
EP300,0.785293
TTN,0.773907
