GENE,ENVISION
PARP4,0.826336
PIK3C3,0.934843
NOX5,0.976415
TTN,0.990728
PTK6,0.973114
