GENE,ENVISION
PAPOLG,0.903810
GLYAT,0.978593
UBE2J1,0.979946
