GENE,ENVISION
AOX1,0.900155
ASH1L,0.818744
ACVR1,0.956431
MTR,0.770947
WNK3,0.818568
RNF133,0.816288
UBA2,0.900483
