GENE,ENVISION
DPAGT1,0.959537
GLYAT,0.879001
PFKP,0.752854
