GENE,ENVISION
NCOA3,0.834054
INPP5F,0.977738
NEK1,0.987889
MTHFD1L,0.918320
TMEM27,0.949228
TIAM2,0.941918
TNIK,1.081210
AWAT1,0.979614
