GENE,ENVISION
LRP2,0.746629
ITPK1,0.758676
PTPRR,0.964400
SLC12A4,0.782597
PTPN13,0.879347
USP45,0.820836
SLC26A8,1.082300
CHST7,0.874009
