GENE,ENVISION
SLC15A4,0.983561
SLC22A11,0.975652
