GENE,ENVISION
COQ5,0.948050
ACSS1,0.888898
