GENE,ENVISION
ABCC8,0.983097
DYRK1B,0.855398
DPYSL2,0.957931
