GENE,ENVISION
BIRC6,0.958910
RHAG,0.576106
SLC47A1,0.920240
NEU2,0.966088
USP20,0.823674
