GENE,ENVISION
KAT5,1.009900
PAK2,0.962528
XPO6,0.845834
