GENE,ENVISION
PEAK1,0.833770
GLYAT,0.776570
GPAT2,0.976550
SLC40A1,1.020900
