GENE,ENVISION
SLC24A4,0.869045
SDHC,0.830349
TTN,0.900966
GNE,0.956860
