GENE,ENVISION
PTPRN2,0.905171
CA5B,1.006860
CPT1B,0.962819
ACVR1,0.626632
HSPG2,0.941069
ACSM5,0.650549
STK26,0.868111
SLC4A7,0.861484
BMPR2,0.761786
PADI6,0.885847
ROR2,0.950942
SGPP1,0.886296
