GENE,ENVISION
ADCY2,0.923900
DPYD,0.832394
TKTL2,0.916850
UCK2,1.092630
NDST4,0.767595
TTN,0.992238
ST6GALNAC6,0.919243
UBR1,0.820322
SLC6A14,0.914049
SIN3A,0.842570
