GENE,ENVISION
SLC25A19,0.855421
TTN,0.732637
UGP2,0.765867
