GENE,ENVISION
KMT2B,0.867317
LMTK3,0.855075
HSD17B14,0.751137
SHPK,0.985255
PIGG,0.855075
XYLT2,0.913345
KAT2B,0.928258
NADSYN1,0.904721
SYVN1,0.977758
HIPK1,0.782907
DARS2,0.931242
SSH2,0.759501
SSU72,0.895156
SLC12A5,0.844068
POLN,0.876798
TTN,0.746942
