GENE,ENVISION
HECTD2,0.869605
PLCB2,0.819219
PTPN13,1.030870
CES3,0.909439
TTN,0.899245
DGKB,0.972140
DPEP2,0.790796
SIN3A,0.791193
