GENE,ENVISION
PDE1C,0.787130
MYLK4,1.006160
USP7,0.901622
MARCH4,0.826943
RNF115,0.987106
GBA2,0.781700
SETDB2,0.869799
DUSP2,0.817477
