GENE,ENVISION
CREBBP,0.757494
PTPN12,0.845478
UBE2O,0.916742
CERCAM,0.752854
CINP,0.807925
