GENE,ENVISION
FUT5,0.864030
ATR,0.930638
SLC10A6,0.839311
PIPOX,0.987416
