GENE,ENVISION
AOC3,0.987455
USP24,0.755219
GPLD1,0.752854
TTN,0.921253
USP35,0.914405
