GENE,ENVISION
HSD17B14,0.919526
DUOX1,0.904493
SLC2A13,0.769878
MOCS1,0.864246
SLC12A7,0.856380
RRM2B,0.588843
HECW1,0.947353
ABAT,0.860906
IKBKE,0.940717
RPE,0.640123
SIN3A,1.002560
SLCO1C1,0.926352
