GENE,ENVISION
RNF130,0.989742
CDK12,0.719288
HS3ST4,0.835367
FGGY,0.989028
FRMPD2,0.978935
