GENE,ENVISION
QPRT,0.987547
SPTLC3,0.797250
USP48,0.898870
KMT2B,0.921118
FARSA,0.720910
GSTA5,0.874128
POLE,0.719785
SLC4A4,0.787727
SLCO1B3,0.878884
PADI2,0.856204
PNPLA7,0.856204
PADI4,0.939402
MERTK,0.864963
UBE3C,0.891515
HEPH,0.855075
RNF126,0.742908
PDE10A,0.873281
TAOK3,0.765466
