GENE,ENVISION
TSSK1B,0.999505
GRHL1,0.909385
MST1R,0.982888
TTN,0.904494
EPHA10,0.815151
PHLPP2,0.924243
PMM1,0.683232
TESK1,1.017260
USP20,0.857831
