GENE,ENVISION
PGLYRP2,0.992702
STK33,0.834619
TAOK2,0.962710
PIKFYVE,0.965593
