GENE,ENVISION
NCOA2,0.995527
POLG2,0.936881
SYVN1,0.858410
USP9X,0.915623
USP22,0.765232
PIP4K2C,0.854424
