GENE,ENVISION
SLC41A1,0.900306
PLA2G15,0.909266
PCYT2,0.832098
FAM65A,1.000610
GK2,0.758101
PTK2B,0.837674
NMRK1,0.949744
ACAT2,1.021960
MAP3K15,0.917295
ME3,0.868384
COPG1,0.989377
PLA2G4F,0.991762
