GENE,ENVISION
INPP5D,0.992370
GLTP,0.908033
PDIA5,0.984883
FUT2,1.079020
USP9X,0.862669
CNDP1,0.720244
ATP6V0A4,0.859337
FIG4,1.056960
TTN,0.596685
USP29,0.798542
STK38,1.058910
RNF139,0.743395
PNPLA8,0.873254
PIP5K1A,0.751253
LYZL1,0.777947
