GENE,ENVISION
HECTD2,0.861416
TUSC3,1.008770
CDK13,0.807209
SLC36A4,0.930976
PFKFB4,0.854838
SLCO1B3,0.818812
SLC22A6,0.818508
PPIL4,0.983491
DUSP22,0.854358
