GENE,ENVISION
SLC9A4,0.973959
CYP4F3,0.858611
CYP4Z1,0.921024
MTR,0.938177
PTPRK,0.761650
SLC2A13,0.764378
GPAT2,0.944809
INPP4A,0.855403
ELOVL6,0.842737
MARCH4,0.948348
GPLD1,0.977746
TTN,0.812939
LPCAT1,0.859683
ATP2B2,0.787101
SETD5,0.807977
