GENE,ENVISION
KARS,0.860577
PLCB3,0.478547
DZIP3,0.856204
PPP1R3A,0.960595
EPHA7,0.947659
AGMAT,0.965772
PPAPDC1A,0.868111
LPPR2,0.985588
SMYD3,0.977623
SLC27A4,1.008200
SETD5,0.907572
PRKD2,0.767682
