GENE,ENVISION
ST3GAL1,0.516512
KMT2E,1.016380
CDK12,0.963776
EXTL1,0.969770
HIPK2,0.874009
TTN,0.752854
SLC5A7,0.794339
