GENE,ENVISION
PTPRN2,0.994492
EHMT1,0.819755
PIGW,0.826723
GAL3ST4,0.790792
EIF2AK4,0.929518
