GENE,ENVISION
KMT2B,0.943245
DUOX1,0.951772
ECH1,0.911660
MAP3K12,1.016940
PIK3R4,0.831120
UAP1L1,0.755898
