GENE,ENVISION
CHSY1,0.766140
KMT2B,0.933387
USP28,0.824038
PPP2R2C,0.717646
MGAT4B,0.917810
