GENE,ENVISION
DNMT3A,0.861535
GALNT13,0.704004
SGK223,0.910504
TRAF7,0.777091
PTPN13,0.891482
TREX2,0.759781
USP40,0.953195
MAN2A1,0.754725
PIGQ,1.033010
ATP1A4,0.976203
TTN,0.800916
NSD1,0.977652
SPEG,0.977921
MTMR14,0.789569
GGT7,0.747849
