GENE,ENVISION
RNF185,0.881638
MAP3K4,0.793318
MIA3,0.980812
SLC8A2,0.778646
IP6K3,0.786356
TYRO3,0.988899
