GENE,ENVISION
TPH2,0.918087
SIK2,0.977400
