GENE,ENVISION
TUSC3,0.852714
ATM,0.942578
HIPK1,0.886420
NOX5,0.984192
ADCY10,0.902693
GAL3ST1,0.757694
SLC9A4,0.973070
DPYD,0.998650
TKTL2,0.776756
INPP4A,0.859386
SLC6A19,0.920646
GBE1,0.610047
RNF152,0.824536
PLA2G3,0.963962
B3GNT4,0.985293
CPT1C,0.864992
PRKAG2,0.797719
PLB1,1.000740
PRKCQ,0.859799
GALNT6,1.007450
ALG13,1.054850
LRP1,0.909480
BAAT,1.018090
NPC1L1,0.990036
STK31,0.862928
KAT6B,0.877133
KAT6A,0.930031
PSKH2,0.829430
TMLHE,0.911815
