GENE,ENVISION
NTRK2,0.778783
KL,0.933292
FUCA2,0.945132
ADCY10,0.860661
PPIG,0.767808
PRKD2,0.987961
