GENE,ENVISION
SLC10A2,0.975389
STK32A,0.860334
DAGLB,0.990943
HKDC1,0.907687
SLC22A12,0.984101
FTMT,0.711670
FUT5,1.026390
TPH2,0.872959
SPTLC3,0.905365
ST6GALNAC6,0.941983
UBR3,0.842570
pk,0.967159
TNKS2,0.844934
RNF20,0.778251
