GENE,ENVISION
CDK12,0.715447
USP26,0.776200
ABCG5,1.010440
TUSC3,0.887404
PTPN13,0.970089
AMPD2,0.727329
CLC,0.915180
HIPK3,1.001890
CHD9,0.878167
SLC34A3,1.022770
PGLYRP4,0.801211
GALNT5,0.766096
NNT,0.857831
ZCCHC6,0.987100
UBLCP1,0.836643
