GENE,ENVISION
PTK2,0.788398
SLC13A4,0.791847
PGLYRP3,0.825764
PDE11A,0.883511
TST,0.911343
SULT2A1,0.498290
