GENE,ENVISION
TRIM11,0.916803
LGALS13,0.866319
ACSF3,0.978406
ROCK1,0.799972
UBE2F,0.906813
NSD1,0.975602
SLC25A13,0.923448
PDE10A,0.766044
