GENE,ENVISION
FMO1,0.944745
UROC1,0.975952
KMT2E,0.825583
PIKFYVE,0.935825
GNPTAB,0.926705
PARP4,0.922536
POLR3E,0.868858
MAP3K15,0.787988
PGS1,0.768623
USP34,0.768298
FUK,0.773993
