GENE,ENVISION
VARS2,0.820867
PTK2B,0.878432
EYA1,1.017800
CREBBP,0.823352
