GENE,ENVISION
BIRC6,0.840735
KYNU,0.897698
L2HGDH,0.947328
