GENE,ENVISION
LRP2,0.744925
PPP1R1A,0.762927
MAST2,0.757853
PADI2,0.864972
EXT2,0.837658
