GENE,ENVISION
SLC22A8,0.846849
HSPG2,0.891344
MIB1,0.895141
SLC6A18,1.030010
TTN,0.855516
ETNK1,0.884375
PIP4K2B,0.908484
ACY3,0.876165
CYP39A1,1.006310
