GENE,ENVISION
DNMT3B,0.753554
LRP1,0.976790
RFWD2,0.903003
ERBB4,0.997199
NDST4,0.936029
TNIK,0.901725
GGT7,0.893120
FADS3,0.792785
