GENE,ENVISION
B3GNT6,0.961781
ABCG5,1.015990
VRK3,0.930253
IDI2,0.873283
USP9X,0.847122
FPGS,0.927859
LPCAT3,0.911132
