GENE,ENVISION
ITPKC,0.497272
SLC41A2,0.872561
NEK5,0.904970
CHKB,0.895603
