GENE,ENVISION
WNK3,0.824017
TRIP12,0.889211
PAK7,0.765266
PLCL1,0.943665
