GENE,ENVISION
EIF2AK4,0.968756
DPYS,0.712121
POLE,0.982408
HMGCLL1,0.914094
GAD2,0.893440
DUSP2,0.869110
