GENE,ENVISION
SLC4A10,0.836616
FRMPD2,0.851697
AMPD3,0.963994
PLCZ1,0.826350
ATM,0.845872
FAAH2,1.006060
ACAD10,0.928930
PLXNB3,0.778558
RNF133,0.823588
TTN,0.900557
SETDB1,0.887957
KMT2A,0.931121
PLCB4,0.701257
TRHDE,0.805808
GANC,0.822926
HERC4,0.922780
SSH1,0.972897
HEPH,1.005110
UBR1,0.945817
IP6K2,0.856570
RPS6KA2,0.579239
RPS6KA6,0.968751
PTPRK,0.854838
MAP3K10,0.895160
AGPAT3,0.759024
PTPRO,0.897482
MYO5B,0.944067
KAT6A,0.835239
ELP3,0.852901
