GENE,ENVISION
PTPRN2,0.913299
MINK1,0.762093
UBE4A,0.920314
ACVR1,0.796100
SGK2,0.779654
XPO7,0.923748
ABCA3,0.944069
DERA,0.859030
