GENE,ENVISION
LPIN3,0.848688
ACVR2B,1.014870
KAT2B,0.943034
CDK10,0.914893
