GENE,ENVISION
DNMT3B,0.980554
PAN2,0.983024
ASH1L,0.973241
NCOA1,0.856204
CERS2,0.913403
PLD1,0.737317
AASS,0.921445
GRK7,0.871622
FLAD1,0.930333
KMT2A,0.810566
ACSBG2,0.990396
HUWE1,0.946686
EP300,0.779649
