GENE,ENVISION
ULK3,0.864197
TARS2,0.974279
ITK,0.605925
KMT2E,0.872984
CHST9,1.005360
CHSY3,0.772755
PKMYT1,0.769810
MAT1A,0.698135
SLC5A12,0.915842
HS6ST2,0.857157
RNF217,0.854054
SHPRH,0.841282
GALNT13,0.935715
