GENE,ENVISION
USP24,0.985724
CYP4F8,1.008320
LPPR5,0.776997
PLOD1,0.919844
ATR,0.770678
