GENE,ENVISION
PLCB1,0.880447
CHSY3,0.999050
PRKDC,0.770322
ADCY10,0.965677
ASAH2,0.829805
ITPKC,0.814129
PPCDC,0.863291
PIGB,0.918478
DPYSL2,0.805689
WNK2,0.895485
WNK1,0.970870
MAST2,0.561708
STK4,0.823602
PIK3C3,0.762093
LRP1,0.757458
PPP1R3A,0.946143
MLK4,0.868869
KL,1.001970
TCIRG1,0.908831
PTPRN,0.868266
CREBBP,0.939939
FUT8,0.814802
