GENE,ENVISION
LRP2,0.856940
SLC10A2,0.982513
CPT1C,0.971609
ABCD2,1.018120
PAK7,0.967590
PLCB1,0.854838
PLCL1,0.923702
SLC12A5,0.939339
AACS,0.840299
PPA2,0.687627
ZSWIM2,1.012460
NSD1,0.820450
USP24,0.761650
CNDP1,0.626463
TTN,0.769878
