GENE,ENVISION
TRPM7,1.030080
DHRS9,0.818363
MDH1B,0.908073
SLC29A4,0.949485
DDO,0.817663
TTN,0.526726
GUCY1B3,0.960647
SSH2,0.886099
NNT,0.803819
GAD1,0.829019
