GENE,ENVISION
PPAPDC2,0.907155
UBE4A,0.948541
TTN,0.911065
