GENE,ENVISION
NCOA6,0.827307
LMTK2,0.798095
B4GALNT2,0.725959
EXTL1,0.748336
SLC36A4,1.086380
RNF130,0.883894
HECW2,0.734078
SLC28A3,0.867450
TRPM6,0.765137
