GENE,ENVISION
ST3GAL5,1.000660
ATM,0.832925
ATR,0.760413
USP28,0.756168
UBR3,0.843168
PLIN2,1.021630
