GENE,ENVISION
ZCCHC11,0.784845
PTK2,0.957226
PTK7,0.905196
PLCZ1,1.031720
NADSYN1,0.869306
G6PC3,0.987072
LDHAL6A,0.930038
PRKCQ,0.867514
ABAT,0.884637
PTPN23,0.798395
NCOA1,0.919242
PLA2G7,0.540970
SETD7,0.999596
KMT2C,0.771231
CAMK2D,0.792234
SUV39H2,0.977507
CRLS1,0.851026
KYNU,0.868482
MOGAT3,0.929112
SLC26A8,1.048570
ATP2B2,0.842681
UHRF2,1.052180
ABCG2,0.832071
SLC2A9,0.945671
CDS1,0.963184
FUT5,0.974302
SLC15A2,0.845177
PAK6,0.850438
