GENE,ENVISION
PCK2,0.893814
CHSY3,0.931238
USP43,0.941511
SQLE,0.790467
MARK4,0.914795
CHST5,0.996642
NT5DC3,0.814173
SRPK3,0.840245
