GENE,ENVISION
CHD9,0.875807
UGT2B28,0.760884
LGSN,1.009180
TTN,0.990819
LRRK1,0.866386
