GENE,ENVISION
SLC9A4,0.910314
LRP2,0.942632
TTN,0.804268
TRHDE,0.907706
SLC6A14,0.819925
