GENE,ENVISION
CARM1,0.837954
ACAD11,0.942146
SUV420H1,0.987696
MINPP1,0.946144
