GENE,ENVISION
AOX1,0.957347
ST8SIA4,0.759978
GALNT12,0.976779
NSDHL,0.972789
ADCY2,0.908014
PIKFYVE,0.707599
HSPG2,0.948499
B3GNT9,0.894293
LPPR5,0.936571
BRAP,1.012950
TTN,0.902387
FKBP3,0.860577
SLC18A3,0.984513
FUT9,0.948229
UBR4,0.881066
