GENE,ENVISION
TSSK6,0.835956
PNLIPRP3,0.969164
PLCB4,0.773988
LPIN3,0.973485
ACVR1C,0.697944
PPM1K,0.854838
TIAM2,0.864705
TTN,0.667441
ADCY10,0.974015
SLC27A5,0.847274
SETD2,0.988108
UHRF1,0.973314
