GENE,ENVISION
AOX1,0.986028
KMT2A,0.933183
LRP1,0.842732
ZNRF1,0.922737
RFWD3,0.748333
SLC10A2,0.981695
MOGS,0.797758
CTDP1,0.983372
HERC1,0.950261
USP13,0.971941
AGPAT1,0.807824
PDE4B,0.828397
SLC8A2,0.752854
CHST5,0.927295
PLIN4,0.970386
LPIN3,0.874649
