GENE,ENVISION
HECTD2,0.831051
PAFAH2,0.947253
ACVR1,0.632349
CHIT1,0.881809
MKRN3,0.978294
TTN,0.664583
GNE,0.932096
SLC27A5,0.768878
PNCK,0.466515
ACOT13,0.756775
USP37,0.828567
