GENE,ENVISION
NHLRC1,0.821395
DNMT3A,0.892360
ERBB4,1.014300
USP45,0.901952
RNF180,0.849300
CDKL3,0.995413
SSH3,0.967590
NNT,0.767475
