GENE,ENVISION
MAP4K2,0.983773
ULK4,1.007880
ADCY2,0.506975
RGL1,0.969846
PARP6,1.002150
WHSC1L1,0.983779
DSTYK,0.751544
LPPR4,0.817287
SLC5A9,0.861600
UGGT2,0.976557
