GENE,ENVISION
SLC7A6,0.983615
PJA1,0.875724
SARDH,0.779158
