GENE,ENVISION
UBE2Q1,0.781443
EHMT1,0.822206
MYO3B,0.838838
ADCY1,0.597208
PLCB1,0.854525
LPPR4,0.725797
TTN,0.977185
LDHD,0.974507
ISYNA1,0.646840
NRF1,0.868111
TBL1XR1,1.003240
