GENE,ENVISION
UBR3,0.812159
PARP4,1.012470
PFKP,0.908769
CAMK1G,0.665173
OXCT2,0.585190
