GENE,ENVISION
NARS2,0.989000
SLC12A7,0.947891
RPS6KA2,0.782220
