GENE,ENVISION
LARS,0.829627
PDP1,0.829981
BMPR2,1.011000
