GENE,ENVISION
UBE2Q2,0.761650
BIRC6,0.888988
STK11,0.648684
EIF2AK4,0.964072
INPP4A,0.973868
FAAH2,0.842431
TST,0.786557
A4GNT,0.984074
SLC12A7,0.779802
NTRK2,0.879499
SLC6A19,0.953308
TTLL10,1.023520
TTN,0.853689
PLCB4,0.909865
SLC26A8,0.873932
PRKDC,0.902189
NME7,0.825206
RPS6KA6,0.829705
DHODH,0.813133
SLC17A1,0.893150
RHAG,0.847677
MYBBP1A,0.975126
