GENE,ENVISION
TRHDE,0.904220
STYK1,0.831590
PTPN13,0.839151
AGPAT4,0.828772
SLC7A10,0.991671
CTSZ,0.825201
EZH2,0.868092
BMPR2,0.662538
TTN,0.843387
UPB1,0.625487
GAD2,0.885972
