GENE,ENVISION
KMT2A,0.882019
NCOA1,0.845413
LDHAL6B,0.916055
CHSY3,0.859227
SLC6A19,1.019690
CYP2S1,0.888440
AATK,0.726993
