GENE,ENVISION
NCOA3,0.734078
CHST12,0.941795
HUWE1,0.843182
ASPH,0.794436
XYLT1,0.924824
MARCH4,0.901757
TTN,0.855776
