GENE,ENVISION
LRP2,0.864913
SDR16C5,0.846023
FAAH2,0.910978
DMGDH,0.982650
MIB1,0.892229
PARP2,0.889211
XYLT1,0.959848
MKRN3,0.881239
HECW1,0.753821
PIGW,0.763968
SLC24A3,0.985173
NRF1,0.839152
ELP3,0.868111
TTN,0.774895
