GENE,ENVISION
MAP4K1,0.960959
FKBP8,0.918095
EIF2AK3,0.812777
ST8SIA4,0.890379
TTN,0.673933
GNE,0.865674
SHPRH,0.970753
NLN,0.982787
