GENE,ENVISION
PLCB4,0.881066
DNMT3A,0.812159
SH3RF2,0.818380
UXS1,0.874781
RGL1,0.977181
PDIA5,0.944108
XYLT1,0.907768
CYP2A13,0.911325
SLC22A7,0.947482
TTN,0.444960
APOA5,0.797494
LGSN,0.834945
TRIP12,0.913680
PLA2G4F,0.943953
SLCO1C1,0.745842
