GENE,ENVISION
MYO3A,0.975364
HIPK3,0.745842
SMARCD3,0.820824
TTN,0.972956
DAPK2,0.835382
