GENE,ENVISION
SLC4A10,0.924710
PLCB1,0.825523
PARP12,0.914988
SLC26A1,0.923663
NUDT10,0.803598
SLC29A2,0.825035
USP35,0.972907
