GENE,ENVISION
FUT10,0.978825
FPGS,0.916811
TTN,0.908744
