GENE,ENVISION
ACPT,0.920103
SLC38A4,0.802471
EZH1,0.848673
DCLK2,0.860622
ATP6V0A4,0.896784
MANSC1,0.732491
UBR3,0.861535
UGGT2,0.919400
TTN,0.978670
