GENE,ENVISION
CHDH,0.870498
LPCAT3,0.867085
HECW2,0.768221
CHST6,0.988961
