GENE,ENVISION
LRP2,0.922208
ASH1L,0.906290
PHOSPHO1,0.743605
UGT2A3,0.867257
PLCL2,0.899669
ATP6V1H,0.766123
PASK,0.951725
ATP6V0A4,0.707819
DUSP5,0.720434
ABCA4,0.990263
ATR,0.927717
MIA3,0.875368
CSNK1A1L,0.748225
NSD1,0.705651
PIGB,1.015750
PDE10A,1.005110
