GENE,ENVISION
HSD17B12,0.759805
DDO,0.845902
SLC5A6,0.888203
NSD1,0.570222
FUCA2,0.772575
DUSP2,0.734724
