GENE,ENVISION
XYLT2,0.914759
SLC52A2,0.803986
USP34,0.807957
