GENE,ENVISION
MAP3K2,0.990321
SLC12A7,0.924722
SLK,0.846998
