GENE,ENVISION
SETD5,0.821593
UBE2Z,0.879475
MAPK6,0.983605
TTN,0.850141
SLC25A18,1.015910
CHST5,0.894582
SAP130,0.895165
