GENE,ENVISION
LGALS13,0.825557
DNMT3B,0.866651
GUCY2D,1.101420
STYK1,0.905309
TRIM33,0.747768
STRA6,0.973605
ATM,0.966632
PLCL2,0.988538
ROR2,0.837967
EPHA7,0.862469
SLC6A19,0.962397
BHMT2,0.956951
WNK3,0.822295
TECRL,0.901321
HLTF,0.913598
ACOT12,0.895919
DUSP27,0.947292
