GENE,ENVISION
INPP5D,0.902611
STK11,0.792120
UGT2A1,0.942362
GAD1,0.987863
TNNI3K,0.904857
MDP1,0.858722
