GENE,ENVISION
SLC13A4,0.795488
ROCK1,0.727942
MGAT3,0.865104
KAT6A,0.852744
CREBBP,0.765741
POLH,0.957262
