GENE,ENVISION
HUWE1,0.962958
LRP1,0.757458
CYP4A11,0.817700
PTPRR,0.834688
UBE2O,0.860510
WNK1,0.984427
PRKCD,0.695658
ELOVL6,0.925854
TTN,0.969431
STT3B,0.829639
PDE11A,0.979765
LARS2,0.856754
AGK,1.018100
SRPK2,0.854960
