GENE,ENVISION
CYP4V2,0.931170
PTPRJ,0.899629
ZSWIM2,0.896243
DAPK2,0.847922
