GENE,ENVISION
HIPK1,0.912812
PTPN21,0.711191
