GENE,ENVISION
PNLIPRP3,0.949780
HUWE1,0.919847
ADCY1,0.972132
HSPG2,0.752854
PLD6,0.958586
CARM1,0.942898
SLC5A8,0.875542
MAST2,0.740433
PRKCQ,0.829603
