GENE,ENVISION
RCHY1,0.813133
UPP1,0.814898
TARS2,0.859985
TKTL2,0.815063
USP22,0.779888
SLC27A4,0.763475
UGGT2,0.951185
SLC4A8,0.828560
TAOK2,0.968232
UBR4,0.719643
