GENE,ENVISION
LARS,0.833131
SLC4A4,0.789342
PDE1C,0.837840
SLC4A8,0.953754
