GENE,ENVISION
HECTD2,0.850176
PTPN11,0.808740
SLC17A1,0.772222
EPT1,0.896530
PLCD4,0.812150
LPPR4,0.881014
CDC14A,1.000110
AMDHD2,0.838650
ZCCHC6,0.812115
