GENE,ENVISION
UGGT2,0.849142
POLR1B,0.786266
RNF19B,0.869947
MYLK4,0.900652
DUSP27,0.989359
