GENE,ENVISION
CES3,0.879259
GCNT4,0.914344
PLCB4,0.766963
PPP1R3B,0.977643
CERCAM,0.763655
PARP4,0.767475
UGT2A3,0.978254
PRODH2,0.802782
USP4,0.828221
USP40,0.949182
GPHN,0.831251
PASK,0.987726
RNF149,0.874236
LRRK1,0.942053
PADI3,0.832361
ABCB6,1.002620
PIGO,0.773142
SSH1,0.816874
SLC23A1,0.916040
PDE10A,0.802058
TOPORS,0.840173
