GENE,ENVISION
NCOA2,0.912935
KMT2A,0.981374
HAS1,0.852558
PTPRS,0.949324
TBL1XR1,1.020430
SGK223,1.007900
XPO6,0.940475
CERCAM,0.859136
BIRC6,0.874214
SLC13A3,0.823566
UAP1,0.828655
SLC7A11,0.908422
CHSY3,0.913953
MYLIP,0.883338
TTN,0.520761
MARCH3,1.017360
CDC42BPB,0.866308
GAL3ST4,0.901718
FUT9,0.853640
