GENE,ENVISION
LRP2,0.897371
DAGLB,1.009290
PLCL2,0.966041
PTGR1,0.820195
PRKDC,0.811420
USP13,1.005830
SGMS2,0.876064
TMX3,1.000430
PLA2G4C,0.856138
ALG13,0.992602
SLC22A9,1.061040
GCDH,0.949050
