GENE,ENVISION
DYRK4,0.816822
ACVR1C,0.593788
SRMS,0.984170
SLC32A1,0.850712
SDR9C7,0.984090
TGS1,0.903769
PLCH1,0.893605
TPK1,0.827674
TTN,0.853689
