GENE,ENVISION
AASS,1.026270
ACSF2,1.013060
SLC25A10,1.010810
UBR4,0.859166
