GENE,ENVISION
SLC41A1,0.828975
NT5C1A,0.978464
