GENE,ENVISION
CARS2,0.816389
RNF217,0.792480
SLC12A1,0.828519
UBR4,0.869045
