GENE,ENVISION
KCNJ11,0.755364
SLC34A3,0.933994
SLC12A6,0.962591
SMPD3,0.974880
LDHD,0.991908
PTPRN,0.914068
PAK7,0.968687
CHST5,0.891032
