GENE,ENVISION
KMT2B,0.857350
CPT1B,0.955508
GALNT8,0.975607
FUCA2,0.897058
