GENE,ENVISION
LMTK2,0.934604
NARS2,0.838930
EIF2AK3,0.849756
PRKCD,1.057090
CDK15,0.891339
ATP8B2,0.857831
POLE,0.719643
TRIB3,0.975119
RNF216,0.822438
EYA1,0.861862
SLC32A1,0.753078
