GENE,ENVISION
LRP2,0.771231
NCOA2,0.994834
PLCB2,0.825085
DZIP3,0.861373
ST8SIA4,0.978839
PRKDC,0.758012
TTN,0.771478
PPARA,0.899465
PDE3B,0.977746
TNNI3K,0.884616
FUT9,0.752854
TMLHE,0.821664
