GENE,ENVISION
ATP1B4,0.976123
SLC38A1,0.940524
TTN,0.814173
