GENE,ENVISION
ASAH1,1.092510
ALG5,0.974200
