GENE,ENVISION
RHCG,0.947997
DUPD1,0.837842
TECR,0.972421
NOX1,0.920925
MAPK15,1.060940
STK36,0.765266
