GENE,ENVISION
ACSL5,0.866640
GALNT14,1.045980
PTPRH,0.990600
PISD,0.979101
PDXP,0.807530
SLC3A1,0.937123
AK5,0.940028
PLCL1,0.955678
PADI1,0.960911
PTPRO,0.853689
PRKDC,0.769387
MYO5B,0.827453
GALNT6,0.912139
CHIA,1.013250
USP22,0.775792
SUV420H2,0.866561
B4GALT6,0.924516
