GENE,ENVISION
SLC24A4,0.987889
SLC9A8,1.013950
USP51,0.963683
PTPRO,0.835084
USP33,0.844341
PDE10A,0.860622
