GENE,ENVISION
PGAP1,0.993521
KMT2B,0.885279
PECR,0.954940
SLC9A2,0.971444
WNK2,0.865228
TRIM32,1.066880
AWAT2,1.011320
SLC22A12,1.012220
BMP2K,0.871551
USP51,0.885569
SUCLG2,0.857831
AMDHD2,0.898434
BMPR2,0.891655
CNDP2,0.973844
ADCY10,0.992597
PAPOLG,0.940397
FUK,0.755898
NAGPA,0.996189
