GENE,ENVISION
LPCAT2,0.992474
CHST8,0.861763
CPA6,0.679644
SLC5A7,0.853409
