GENE,ENVISION
PLCB1,0.864262
EHMT2,0.777772
CES5A,0.758012
NT5C1B,1.009210
