GENE,ENVISION
B4GALNT4,0.980114
SGK3,1.005950
EPHA7,0.843552
AUH,0.815231
ACSM3,0.960454
SLC17A1,0.767369
MAP3K12,0.937352
PPIP5K1,0.981265
TTN,0.856204
PHOSPHO1,0.930364
KAT6B,0.854931
TRPM7,0.861416
PTPRK,0.919404
