GENE,ENVISION
MYO3A,0.747187
PLXNB3,0.914326
B4GALNT1,0.965239
P4HA3,0.902169
HKDC1,0.915778
PARP10,0.970632
CSNK1G3,1.007710
DYRK2,0.769009
TTN,0.918028
FRMPD2,0.902681
GALNT1,0.802521
