GENE,ENVISION
DNMT3B,0.564928
TRIB3,0.797350
PTK7,0.782862
PASK,0.587356
