GENE,ENVISION
MAP3K3,0.862265
SLC39A7,0.857244
