GENE,ENVISION
CYP4F3,0.867963
TTN,0.830014
PIP4K2C,0.821243
CERS3,0.871683
