GENE,ENVISION
KMT2C,1.006680
AOX1,0.827874
CSAD,0.880477
PI4KB,0.950709
ALG2,0.872009
MTMR3,1.005920
DDR1,0.996045
USP40,0.968563
NCOA2,0.903477
SLC5A12,0.984047
GALE,0.882250
DARS2,0.970209
EBP,0.999866
PCK2,0.977269
HEPH,1.007830
MIOX,0.781340
SLCO1C1,0.744925
FKBP8,0.857157
ALK,0.782583
