GENE,ENVISION
LARS,0.887162
CDKN3,0.790139
USP4,0.923734
PIGO,0.913404
HERC1,0.837807
COQ5,0.903210
CDC42BPG,0.775642
AATK,0.792005
SLC15A2,0.821582
SLC18A2,0.905581
PTPRK,0.786086
