GENE,ENVISION
HERC1,0.766850
MAP3K14,1.040370
KMT2A,0.786853
SSH2,0.925799
ADCY1,0.799300
