GENE,ENVISION
SLC5A9,0.754377
DOT1L,0.977895
