GENE,ENVISION
RIOK2,0.750770
AOX1,0.978735
SH3RF2,0.938967
KARS,0.861416
UGT3A2,0.882084
SLC7A7,0.989257
PFKFB4,0.781032
ATP6V0A4,0.790517
TTN,0.669146
HECTD2,0.752854
SLC15A2,0.921957
SLC27A4,0.953130
UBR4,0.907208
CDC42BPA,0.819109
