GENE,ENVISION
MYO3A,0.968049
CYP2A13,1.013100
PDE3A,0.791779
MAN2A1,0.772227
