GENE,ENVISION
EHMT1,0.730304
PTPN18,0.719329
INPP5D,0.863895
TBL1XR1,0.811159
WNK2,0.911242
PDE3A,0.961770
SLC12A1,0.991820
GSTA3,0.970752
MBOAT2,0.860577
SLC12A7,0.779802
HECTD1,0.758766
NOL9,1.023950
MYO5B,0.797453
ABCC8,0.969208
PDE11A,0.880584
