GENE,ENVISION
SLC20A2,0.860794
KARS,0.842570
ABCG2,0.906816
HUWE1,0.812416
MST1R,0.979432
STK33,0.847946
SMPD3,0.857815
SLC22A8,0.988110
