GENE,ENVISION
SLC10A2,0.977269
ABCG2,0.933833
FAAH2,0.981412
