GENE,ENVISION
PGM2L1,0.963752
ACVR1,0.977117
PI4KB,0.788442
ADCY2,0.711695
SLC38A4,0.896105
PARP4,0.771341
PDE4D,0.693937
MTRR,0.858710
UBE3C,0.864503
ATP1A4,0.735306
ZSWIM2,0.989432
SLC10A6,0.897757
PAPL,0.950759
NGLY1,0.814390
SARDH,0.909172
PLD1,0.819137
