GENE,ENVISION
HUWE1,0.858439
SLC12A4,0.818803
BIRC6,0.973328
UGT3A1,1.012280
USP40,0.845902
MLK4,0.759590
LDHAL6A,0.857247
ATP6V0A4,1.010440
GMPR2,0.669196
SLC6A19,1.013850
SUV420H2,0.927176
USP28,0.755141
SPEG,0.921607
PXDN,0.820455
