GENE,ENVISION
BHMT,0.753745
SLC13A5,0.842573
PTGR1,0.954728
VARS2,0.969346
TUT1,0.974033
GPHN,0.839090
