GENE,ENVISION
MAP3K9,0.847216
TNKS2,0.763679
