GENE,ENVISION
LRP2,0.878140
FMO1,0.982968
ALG9,0.902525
CDK6,0.833743
DPYD,0.672440
