GENE,ENVISION
SLC38A1,0.760002
LHPP,0.756344
MLK4,0.849676
MKRN3,0.838452
RNF133,0.991552
ZC3HAV1,0.769289
RNF19B,0.843197
PRKD1,0.951933
PXDN,0.711191
NEK8,1.012510
