GENE,ENVISION
CBLC,0.991703
B3GALT5,0.953223
PLCB4,0.925385
TICRR,0.770678
CYLD,0.759646
DUSP27,0.991222
