GENE,ENVISION
PTPRN2,0.909210
KMT2A,0.852756
PPP1R3A,0.757592
UGT3A2,0.978533
B3GNT8,1.011530
ACSL5,0.954950
PARP4,0.755898
ATP1A4,0.852800
TTN,0.964855
MTMR7,0.859021
