GENE,ENVISION
MAPK15,0.917977
TGS1,0.908419
FLAD1,1.004530
CA13,0.560518
UHRF2,0.576634
