GENE,ENVISION
NME7,0.973390
MAP3K5,0.982686
CHST9,0.982166
FIG4,0.956552
PRKG2,0.937128
NTRK3,0.903622
PFKP,0.770409
SGPP1,0.809273
