GENE,ENVISION
DUSP8,0.923501
ETNPPL,0.842049
ZC3HAV1,0.797967
BMP2K,0.853689
ATP6V1E2,0.769588
