GENE,ENVISION
USP38,0.982529
ACVR1C,0.809396
TRIM33,0.932409
METTL3,0.790133
SLC2A12,0.822295
MAP3K4,0.836182
PDK2,0.971463
CYP26B1,0.957941
PLCH1,0.786164
GNE,0.935651
UBR2,0.980293
HIBCH,0.965587
