GENE,ENVISION
RCHY1,0.831445
TTN,0.862323
GLT8D2,0.857244
