GENE,ENVISION
TNK2,0.883757
ASH1L,0.769810
NEK5,0.922997
SLC17A8,0.909220
SH3RF1,0.936137
ULK3,0.902357
PDE4D,0.870050
SLC36A2,0.901812
ACSM1,0.971829
SLCO3A1,0.873879
TTN,0.604011
MARCH10,0.883895
USP26,0.912881
CHIA,0.924019
EHHADH,0.922370
USP35,0.921151
TRMT11,0.829678
