GENE,ENVISION
KMT2A,0.944759
GALNT14,0.731371
SLC17A7,0.995718
TTN,0.841894
