GENE,ENVISION
ALG12,0.955274
ACSM2B,0.650650
PRKDC,0.911019
