GENE,ENVISION
SLC9A7,0.720644
XPO7,0.814088
PHKB,0.886475
PLA2G4C,0.873385
GALNT5,0.769289
PIGO,0.829197
