GENE,ENVISION
GRHPR,0.901337
CAMKK1,0.982067
SLC5A5,1.007870
SLK,0.973069
PTPRN,0.992758
TRPM6,1.021700
FUT2,0.893113
