GENE,ENVISION
CPT1B,0.908861
EXT1,0.755945
UBE3C,0.983984
ACOX1,0.765284
CDK16,0.858410
PADI4,0.968174
KAT6A,0.849701
