GENE,ENVISION
ACSF2,0.856151
SLC6A19,1.012370
ALG8,0.934445
ERBB4,0.758403
B4GALNT3,0.773674
