GENE,ENVISION
LRP1,0.768586
PPP2R3B,0.917374
ACSM2A,0.873348
HECTD1,0.974938
CDC42BPG,0.923612
SLC12A1,0.852337
TTN,0.768623
TRIB3,0.755754
STAMBPL1,0.785087
SPEG,0.890993
EP300,0.795882
POLK,0.824311
MCCC1,0.807990
