GENE,ENVISION
B3GNT3,0.854648
PFKP,0.957740
PDP2,0.870701
STK4,0.909453
STK36,0.896253
MOXD1,0.866475
ACAD10,0.986858
THTPA,0.970323
