GENE,ENVISION
SH3RF2,0.969792
PLCL2,0.817921
PADI4,0.848486
ADCY2,0.789445
GTF3C4,0.825918
