GENE,ENVISION
CHST13,0.796204
PLCL2,0.883014
GUCY1A3,0.863197
INPP4A,0.934883
MKRN3,0.834240
MARK1,0.858128
EP300,0.803950
