GENE,ENVISION
PLCB4,0.803015
RWDD2A,0.855179
LIPG,0.856740
ACVR1C,0.951116
GALNT12,0.807178
CTSF,0.983642
CPA5,0.496935
ABCC11,1.012490
PDK4,0.922339
NSD1,0.595794
SPEG,0.838220
CHIA,0.910412
CREBBP,0.540436
SRPK2,0.841650
