GENE,ENVISION
PPP1R3A,0.781586
PDE1C,0.860979
RNF180,0.935888
ALG2,0.818339
TTN,0.807296
ATP6V0A2,0.952223
