GENE,ENVISION
MAP3K1,0.926145
PLIN2,0.961961
NPAS2,0.868452
POLR3K,0.789364
TTN,0.971052
