GENE,ENVISION
LRP2,0.797677
PTPN18,0.923689
