GENE,ENVISION
KMT2A,0.940079
GUCY2D,0.976528
ADCY1,0.983531
DDR2,0.792018
CERCAM,0.845977
SCD5,0.754156
PCYOX1,0.820283
DGKB,1.069300
PLA2G4D,0.869376
