GENE,ENVISION
CES3,0.759461
SLC4A10,0.818315
PTPN18,0.990819
DYRK4,0.807940
TRIM32,0.806009
ATP8A1,0.857511
SLC7A3,0.841689
MKRN3,0.779914
MAP3K5,1.001310
USP38,0.850581
SLCO1B3,0.766096
CDC42BPA,0.951679
AASDH,0.822746
TTN,0.918319
