GENE,ENVISION
EHMT2,0.803982
NSDHL,0.902833
TREX2,0.971798
WNK1,0.911645
MAN2A1,0.996251
KL,1.016160
MED1,0.880929
RRM2B,0.979633
USP43,0.901754
HELZ2,0.984611
KAT6A,0.774339
AQP10,0.942813
