GENE,ENVISION
HSD17B8,0.911226
SLC26A8,0.900006
