GENE,ENVISION
ACAD11,1.014420
ACSM5,0.784496
TRIB3,0.763194
MAP2K1,0.953672
PPWD1,0.857184
CYP4F3,0.997620
PNLIPRP3,1.022230
CPA6,0.994087
AFMID,0.921732
MARS2,0.770743
TIAM2,0.679524
MGAT5B,0.857157
ABCD2,0.905498
ASH1L,0.906126
SLC14A2,0.877550
WNK3,0.994313
CES3,0.926227
CHST3,0.918897
SRPK2,0.908197
SLC8A2,0.814173
SLC17A6,0.951716
TNIK,0.993435
HECW1,0.863379
PTPRK,0.814173
