GENE,ENVISION
B3GAT1,0.926452
USP32,0.940475
PRKD1,1.010160
HS3ST2,0.897483
