GENE,ENVISION
SLC6A3,1.011330
LIPG,0.807957
HS3ST3A1,0.587284
AK7,0.926374
BMPR2,0.591595
ATP11A,0.754441
PTPRH,0.933515
