GENE,ENVISION
PTPN13,0.815467
GALE,0.701072
CYP4Z1,0.913745
PIGO,0.977746
