GENE,ENVISION
CERS3,0.989388
BIRC6,0.845981
ACSM3,1.014960
PLCL1,0.976531
TTN,0.947226
AASDH,0.968367
