GENE,ENVISION
RIOK2,0.839134
USP29,0.877009
SLC36A1,1.006760
PEAK1,1.022610
