GENE,ENVISION
FKBP10,0.985173
CYP4Z1,0.894804
AK5,0.810189
TTN,1.002800
