GENE,ENVISION
SLC12A7,0.939872
PLCB4,1.007080
UHMK1,0.860942
KMT2E,0.855339
AWAT1,0.937972
