GENE,ENVISION
DUSP16,0.949009
ADCY2,0.860780
