GENE,ENVISION
METTL1,0.900799
PIP5K1A,0.825445
SLC4A8,0.879053
ITK,0.611312
USP28,0.904640
