GENE,ENVISION
EXTL1,0.913106
SLC47A1,0.959204
CERS3,0.850702
