GENE,ENVISION
HS3ST5,0.796912
SH3RF3,0.862471
EARS2,0.905717
WNK3,0.797250
CAMK4,0.820189
MAP3K4,0.873624
DAPK2,0.858113
MGAT5,0.777085
PDE4B,0.931851
TRPM6,0.974248
