GENE,ENVISION
ASH1L,0.820759
HSPG2,0.914280
NGLY1,1.086920
TTN,0.860510
STK35,0.830984
