GENE,ENVISION
WNK3,0.953784
TTN,0.770409
KL,0.876290
