GENE,ENVISION
GAL3ST2,0.856933
PIKFYVE,0.757169
SLC26A7,0.914055
LPCAT3,0.991942
TRIB3,0.993951
EP300,0.767890
