GENE,ENVISION
SLC12A5,0.931161
CHST12,0.983395
KMT2E,0.894485
PLK2,0.921584
B3GNT8,0.847806
BMP2K,0.918346
CYP26B1,0.844500
NEDD4L,0.767178
