GENE,ENVISION
B4GALNT4,0.820228
SLC10A2,0.851381
EHMT2,0.775217
GRHL1,0.921501
TPTE2,0.822712
FUT2,1.016950
MYLK3,0.853282
NTRK2,1.057850
MAP2K1,0.967732
SLC12A6,0.970938
TTN,0.769878
MERTK,0.972419
ITK,0.974592
pk,0.942140
SLC26A11,0.944653
AQP10,0.845909
SARS2,0.761747
SH3RF3,0.769243
