GENE,ENVISION
EHMT1,1.010520
B4GALNT3,0.974230
ST8SIA4,0.859269
WHSC1L1,0.770091
TNIK,0.842466
TTN,0.834103
ZSWIM2,0.885471
ABHD6,0.956851
PAPOLB,0.945022
