GENE,ENVISION
ULK3,0.863197
SLC14A1,0.998003
G6PC2,0.809554
TGS1,0.816279
ATR,0.773769
ACSBG2,1.000080
