GENE,ENVISION
PLD4,0.758634
EIF2AK3,0.924389
HSD11B1L,0.988219
SARDH,0.857808
STK38,0.959607
ATP6V0D2,0.956585
