GENE,ENVISION
TRIM11,0.864396
KMT2A,0.961989
ERBB4,0.818752
BIRC6,0.899185
PARP14,0.773620
COASY,0.921960
TTN,0.828894
ZC3HAV1,1.022550
UBA3,0.816712
