GENE,ENVISION
PKN2,0.944444
ATP6V1H,0.931624
UBE2R2,0.821649
NEK1,0.811110
