GENE,ENVISION
ACPT,0.711191
SLC9A5,0.981497
PTPN21,0.769878
COL4A3BP,0.965263
ACSM5,0.970849
STAMBPL1,0.744502
SLC22A8,0.791153
