GENE,ENVISION
ABCG2,1.023610
SIRT7,0.915592
ADCY10,0.959677
ACSM2B,0.683923
PIK3R5,0.735842
LPPR4,1.010570
CES5A,0.803979
STK36,0.719329
PTPRN,0.873385
POMT2,1.004710
GAL3ST4,0.899607
