GENE,ENVISION
LRP2,0.851697
ATP6V1D,0.922788
OGDH,0.854035
TRIM33,0.866341
WNK3,0.868119
PLCL1,1.020830
RIPK1,1.086040
MTR,0.871728
DMPK,0.914904
FRMPD2,0.965619
PPP3CA,0.952397
ALG11,0.881153
