GENE,ENVISION
PNLIPRP3,0.978603
RPS6KC1,1.004690
TUSC3,0.882519
FAAH2,0.883938
EXTL2,0.761516
MAP3K1,0.959379
SLC22A13,0.901294
TLK2,0.762093
TTN,0.766819
GDE1,0.819673
GNE,0.811089
ATP1B4,0.927940
