GENE,ENVISION
ATP6V1D,0.921257
GPAM,0.949262
LPIN1,0.862333
TTN,0.853689
ABAT,0.794449
COPG1,1.014280
PXDN,0.828894
