GENE,ENVISION
NCOA6,0.936976
TLK2,0.868111
ATP8A1,0.773834
ABCA4,0.874548
TTN,0.946217
NNT,0.935440
PTPRK,0.810235
MAP3K15,0.681076
