GENE,ENVISION
PTPRS,0.786678
MAT2B,0.829467
SLC22A13,0.977236
STK31,0.858765
ABCA4,0.890468
HECW1,0.857244
PAK7,0.835900
