GENE,ENVISION
AARS2,0.916517
MAN1C1,0.531420
RIOK1,0.881470
MLKL,0.834057
SAP130,0.860577
