GENE,ENVISION
CDK12,1.055690
USP49,1.016760
ATP2B2,0.718498
NOL9,0.966252
