GENE,ENVISION
EZH1,0.975565
SLC30A1,0.991739
LMTK2,0.903937
USP37,0.849327
