GENE,ENVISION
PNCK,0.947139
MAP3K15,0.938493
KMT2E,0.856228
