GENE,ENVISION
PLK3,0.867260
ATM,0.695603
SLC29A2,1.004800
USP9X,0.882398
ACSBG1,0.921751
DGKZ,0.848786
ACO2,0.885029
PMPCA,0.857184
DHRS9,1.023420
USP44,0.980427
MAP3K4,0.829008
FIG4,0.956673
TTN,0.858722
IRAK3,1.065150
KMT2B,0.776807
TRHDE,0.795911
PADI1,1.017330
PLB1,0.710695
EP300,0.773666
IP6K3,0.980588
PTPRR,0.918880
ADCY2,0.847021
PLD3,0.966330
SDR16C5,0.927025
UEVLD,0.843621
FUT8,0.614509
