GENE,ENVISION
PDE3A,0.913101
TTN,0.859298
DGKD,0.940400
