GENE,ENVISION
MARCH10,1.015660
DDR2,0.980929
ENPP7,0.775859
MASTL,0.994834
SYVN1,0.920369
USP9X,0.992758
