GENE,ENVISION
MBOAT1,0.895688
SLC6A19,0.849660
PRKDC,0.971508
HIPK1,0.936964
DECR2,0.974388
TRIP12,0.899240
