GENE,ENVISION
LRP2,0.944955
PDE7A,0.900213
NNT,0.849623
VARS2,0.959050
DDR2,0.793470
CDK13,0.824236
EP300,0.891418
WWP1,0.820237
EBP,0.774530
MAP3K5,0.947295
SLC34A1,1.012060
SLC17A4,0.973536
RNF216,0.944934
SSH2,0.865004
HECW1,0.983447
POLN,0.896098
SLC25A15,0.839171
SETD2,0.831451
ASPG,0.971652
SUV420H1,0.819338
TAOK2,0.854838
