GENE,ENVISION
SLC6A3,0.830625
CYP3A43,0.947550
MYO3B,0.842732
SLC7A8,0.867368
NCOA3,0.977149
PPP2R3B,0.863240
TIAM2,0.877427
ADCY10,0.733114
MTMR7,0.863630
