GENE,ENVISION
HS3ST5,0.872169
CYP4A11,0.964986
LRSAM1,0.958373
SLC2A12,0.791852
AGXT2,1.009240
MAN1B1,0.731572
USP9X,0.947982
HECW1,0.844341
PRKD1,1.015770
RNF19A,0.946738
