GENE,ENVISION
EXTL1,0.859791
ATP2B2,0.885628
