GENE,ENVISION
GPIHBP1,0.864665
CLK4,0.828479
CHSY3,0.858931
EIF2AK4,0.989107
