GENE,ENVISION
UBE2J1,0.866244
SGK223,0.910316
HSPG2,0.785658
PRPF4B,0.751253
PPA1,0.848796
GAL3ST1,0.952039
NCOA2,0.814485
SMG1,0.871336
USP48,0.842271
PPP1R3A,0.978477
UBE3A,0.925956
CDK16,0.900252
TTN,0.944884
HMGCLL1,0.792561
KMT2B,0.950721
PLCB3,0.937643
LIPE,0.916284
RNF123,0.991643
SLC24A3,0.857184
TRIP12,0.897760
PIK3C3,0.868111
PTGES2,0.818568
PFKFB3,0.905932
SLC22A12,0.961746
CYP27A1,1.012590
ATP1A4,0.700903
ABCC8,0.974612
STK36,0.907510
PTPRK,0.728227
ACVR1C,0.843784
