GENE,ENVISION
MYO3A,0.974378
NEU1,1.011390
SLC12A1,0.993669
TTN,0.965999
PLD1,0.927509
