GENE,ENVISION
LMTK3,0.775387
ATP8A1,0.976631
TECR,0.793382
GLO1,0.912717
GALNT5,0.916481
GSTK1,0.904533
