GENE,ENVISION
PARP8,0.839152
PEAK1,0.817921
AMPD3,0.972127
WNK3,0.857463
POLR3E,1.001940
TTN,0.794272
ACE2,0.865329
GALNT5,0.814029
FUK,0.938286
