GENE,ENVISION
MAP3K2,0.914336
LBR,0.835087
LRP1,0.769597
