GENE,ENVISION
LRP1,0.857077
TAOK1,0.892338
LATS2,0.781636
UGGT2,0.952278
USP7,0.787101
MAPK15,0.769827
CHST3,1.014320
EYA1,0.964454
PLA2G4F,0.824095
