GENE,ENVISION
TARS2,0.821604
ACSM5,0.971707
NPAS2,0.947646
CHST9,1.050290
DUSP19,0.898624
TTN,0.929733
SLC30A1,0.750788
PLA2G4D,0.865761
