GENE,ENVISION
LRRK1,0.856737
TRIM33,0.877655
NEDD4L,0.991352
ATP6V0D2,0.963653
SLC18A3,0.945676
SLC26A9,0.787418
