GENE,ENVISION
LGALS13,0.874421
STK32B,0.990283
LMTK2,0.867495
RPS6KA6,0.851808
POLA2,0.903235
RHCG,0.912797
OTUD5,0.912865
PPP2R2C,0.778201
FASTK,0.982404
MAP3K12,0.947549
GPX7,0.768530
SPEG,0.797568
PDE4C,0.759805
