GENE,ENVISION
MVK,0.649228
LRP1,0.854838
PLCB4,0.761218
UGT2A3,1.010910
SSH3,0.858941
SLC35B2,0.972904
GALNT8,0.954400
TTN,0.906497
POLR3B,0.899240
PDE4B,0.722753
USP33,0.869306
DUSP27,0.961182
