GENE,ENVISION
SLC5A11,0.975899
SLC38A4,0.935972
HS3ST4,1.008470
MYO3B,0.719288
USP29,0.775987
UBE2J2,0.816559
SLC10A2,0.971886
ACSL6,0.995320
PIP5K1A,0.855398
PMVK,0.828424
HERC1,0.914955
LRP1,0.783436
PLCB1,0.779200
TTN,0.818576
DIO2,0.880985
UBE3C,0.982386
TNS2,0.809933
KAT6A,0.976061
ACSS1,0.990951
CHPF2,0.855966
UBR4,0.881066
