GENE,ENVISION
PTPN23,0.769588
PTK2,0.894247
DUOX1,1.065180
CLYBL,0.946319
MAST1,0.742154
SLCO3A1,0.919049
ABCC8,0.842467
SLC30A1,0.721149
