GENE,ENVISION
GALNT15,0.878342
PLCB4,0.928626
UBR4,0.864972
