GENE,ENVISION
SLC6A13,0.733599
MINK1,0.861177
TTN,0.988110
SLK,0.847588
