GENE,ENVISION
EHMT1,0.599452
STK32B,0.875026
ASH1L,0.757477
LBR,0.988947
PLCB4,1.005110
EXT2,0.933837
SLC38A4,0.798608
PARP14,0.985353
HUWE1,0.860890
ABCA3,0.925882
FTMT,0.618191
SLC22A10,0.924394
AGXT2,0.728018
CLCF1,0.953784
AGPAT4,1.004500
TTN,0.805663
ME3,0.855516
LDHD,0.791852
MINPP1,0.940887
SLC35B4,0.815392
