GENE,ENVISION
GBE1,0.579993
ERBB4,0.799243
GALNT1,0.876316
