GENE,ENVISION
FLVCR1,0.809141
HECTD1,0.809857
EPHA7,0.730026
TTN,0.843373
MYO5B,0.815340
PIGZ,0.815467
RNF20,0.769552
