GENE,ENVISION
FHL2,0.981090
CHST7,0.923748
CDC14A,0.901377
