GENE,ENVISION
LRP2,0.844491
ADI1,0.887132
PLCB1,0.915112
TPTE2,0.837936
PIP5K1A,0.898951
SLC9A8,0.814098
HIPK2,0.766082
PLCE1,0.773787
SLC15A2,0.766704
USP47,0.868111
DYRK1A,0.796912
