GENE,ENVISION
DAGLA,0.908131
SLC9A5,0.781660
HS3ST5,0.918977
HS3ST4,0.889269
UBR1,1.022010
ACAD9,1.018270
SLC3A1,0.964399
PARP2,0.924826
PRKD1,0.860171
RPUSD4,0.998292
CHST8,0.881467
LPPR4,0.951465
GGT6,0.924636
TTN,0.812079
HELZ2,0.920467
TRIB3,0.935670
PDE11A,0.896528
USP7,0.747768
GAD1,0.858265
SLC27A3,0.844119
HECW1,0.819807
