GENE,ENVISION
UBE4A,0.965314
CAMK2G,0.718575
MLK4,0.983334
