GENE,ENVISION
TRHDE,0.863367
ATR,0.952361
CDC42BPA,0.714906
GDE1,0.976200
AACS,1.013020
POLN,0.853160
ALG12,0.824914
CHST2,0.762927
