GENE,ENVISION
SLC6A13,0.978782
NCOA3,0.845139
ST6GALNAC3,0.930867
