GENE,ENVISION
PIGB,0.890709
NNT,0.898080
ZNF645,0.933786
QPCT,0.775128
USP37,0.936951
