GENE,ENVISION
SMG1,0.763152
TAOK2,0.856592
