GENE,ENVISION
CSNK1A1L,0.926723
SLC36A4,0.799735
PARP4,0.781380
GPIHBP1,0.949968
MTHFD1L,0.979002
YARS2,0.980377
HAO1,0.868752
AWAT1,0.990103
NOX3,0.916896
SLC9A7,0.869306
PLCE1,0.830940
RARS2,0.777995
MKRN3,0.918604
CES5A,1.014060
CHPF,0.730516
SCARB1,0.957486
SAP130,0.909224
TOPORS,0.882214
