GENE,ENVISION
ACSM5,0.933325
NT5C1B,0.921663
