GENE,ENVISION
SLC4A10,0.745689
FMO1,0.960733
LMTK3,0.928463
B3GALT1,0.876840
ERBB4,0.920091
SLC10A2,0.865516
NCOA3,0.843373
SDR9C7,0.975305
CDK17,0.891255
SLC6A19,0.947760
PLCH1,0.855098
MGAT5,0.768190
USP28,0.982565
USP31,0.914412
TRIP12,0.761650
SLCO1C1,0.719329
TTN,0.646234
