GENE,ENVISION
POLA2,0.828894
ZCCHC11,0.881599
SLC10A6,0.984974
KMT2B,0.816440
MST1R,0.590507
MTHFD2L,0.900283
PDZD4,0.990205
MAP3K15,0.922425
GLT8D1,0.966885
OXCT2,0.529641
PLXNB3,0.812093
GALNT3,0.917773
