GENE,ENVISION
PGAP1,0.820205
INPP5A,0.973913
DAGLA,0.913665
PLXNB3,1.039200
PON3,0.940811
SLC25A22,0.982210
SLC29A1,0.817616
UGP2,0.981933
