GENE,ENVISION
SGK223,0.828038
AGPAT1,0.876040
