GENE,ENVISION
SLC12A5,0.926615
RNF19B,0.986070
ATP1B4,1.016150
UGT2A1,0.718837
KL,1.026930
PDK1,1.006410
MDH1B,0.832650
SLC6A13,1.001860
GALNT6,0.924581
ST6GALNAC3,0.854623
CYP2U1,0.837816
