GENE,ENVISION
PRKDC,0.808931
CCBL1,0.775016
POLI,0.964488
PKMYT1,0.742874
PASK,0.883957
