GENE,ENVISION
MINK1,0.762970
USP26,0.815885
SGK223,0.971026
MAST1,0.967117
