GENE,ENVISION
LRP2,0.861515
STYK1,0.923258
XYLT2,0.867029
SLC7A3,0.986009
PTGIS,0.743497
SLC4A5,0.867057
POLE,0.736412
PLCH1,0.820195
TTN,0.635142
HECW2,0.869662
HEPH,0.959243
PLIN4,0.906833
MAN1C1,0.955860
