GENE,ENVISION
PRPF19,0.876316
ACSM3,0.987479
DUSP16,0.784841
MST1R,0.820108
MCCC2,0.596824
