GENE,ENVISION
HUWE1,0.862551
GPAM,0.902229
HSPG2,0.956810
EIF2AK4,0.920538
SLC4A4,0.769591
CES5A,0.901649
EP300,0.563215
USP36,0.835950
