GENE,ENVISION
FLVCR1,0.760884
LPIN2,0.922827
ADCY2,0.875408
INPP5F,0.817263
HKDC1,0.857244
HIF1AN,0.914785
B3GNT8,1.013970
PRPF19,0.766123
HELZ2,0.911160
DUSP6,0.726898
CREBBP,0.559093
