GENE,ENVISION
PTK2B,0.988035
SH3RF2,0.782862
SAE1,0.721109
CREBBP,0.856589
NTRK3,0.988271
