GENE,ENVISION
EZH1,0.869086
HELZ2,0.926145
GGH,0.723025
ACSM2B,0.630278
DUSP27,0.978712
