GENE,ENVISION
GSTA5,0.882791
GK2,0.839207
PIK3R5,0.992938
USP7,0.934071
SLC6A19,0.944161
PDE10A,0.815250
PHKG1,0.922555
