GENE,ENVISION
CHPF2,1.020100
DUSP16,0.823674
SLC17A6,0.932606
TTN,0.597822
