GENE,ENVISION
CAMK2D,0.964243
HUWE1,0.808653
HELZ2,0.993057
SLC6A13,0.927212
CSGALNACT2,0.751253
UBR4,0.896528
