GENE,ENVISION
SLC4A10,0.815608
OXSM,0.902336
