GENE,ENVISION
SLC5A12,0.874833
GGTLC1,0.817532
PLCE1,0.977408
DUSP27,0.862756
