GENE,ENVISION
SLC7A7,0.958523
UBE2F,0.901001
HECW2,0.958383
OXCT2,0.903344
