GENE,ENVISION
LRP2,0.817589
HERC1,0.937317
DYRK1B,0.954419
TRIM32,1.007000
HS3ST3A1,0.870903
PDE3A,1.012900
MYLK,0.992758
PTGIS,0.810990
CYP26B1,0.801984
FIG4,0.974323
SLC12A5,0.827362
USP33,0.968463
FUT8,0.933482
