GENE,ENVISION
LRP2,0.909046
HUWE1,0.910589
LPIN3,0.846232
USP47,0.862469
MAP3K1,0.872831
ACSM2A,0.942108
SLC13A5,0.914901
FUT2,1.033720
