GENE,ENVISION
MARCH10,0.698297
DUOX2,0.949534
PLB1,0.993454
