GENE,ENVISION
LRP2,0.904935
SLC20A1,0.959864
ATM,0.894624
PFKFB3,0.907186
DDR1,0.779714
AGXT2,0.907273
DYRK2,0.915517
RRM2B,0.913013
HEPH,0.769387
ST6GALNAC1,0.763851
DUSP2,0.843264
