GENE,ENVISION
RBBP6,0.855657
MTPAP,0.810888
ASAH1,1.033070
MIA3,0.879565
GLB1L,0.948663
