GENE,ENVISION
LRP2,0.894579
NARS2,0.767091
SIRT6,0.961122
SLC36A1,0.980888
APOA5,0.832324
