GENE,ENVISION
RPS6KA2,0.899053
ATP2B2,0.803015
SLC9A2,0.852705
DHRS9,0.978720
WNK3,0.830203
EIF2AK3,0.828858
LDHAL6B,0.951177
SLCO1B1,0.803022
AMDHD2,0.998278
PLA2G4C,0.867203
WDYHV1,0.934532
CREBBP,0.876611
