GENE,ENVISION
KMT2A,0.936772
ACVR1,0.703708
HSD17B14,0.856476
HUWE1,0.752805
CPT1C,0.990746
TNIK,0.826549
ABCC8,0.776546
TTN,0.914059
CYP4A11,0.980874
HLTF,0.873098
