GENE,ENVISION
KMT2A,0.832413
PMPCA,0.844813
CROT,0.866076
USP43,0.983132
PHEX,0.930538
PFKFB3,0.914647
