GENE,ENVISION
RFK,0.655351
PADI3,0.857164
SLC8A2,0.915206
HUWE1,0.909622
SLC35C1,0.920693
