GENE,ENVISION
PAPL,0.780586
MAT2B,0.980112
ST8SIA1,0.925500
PADI1,0.866705
MAP3K4,0.751852
NSD1,0.553909
MTAP,0.949220
