GENE,ENVISION
DAGLA,0.874392
RPE65,0.653382
PLCB2,0.938990
NT5C,0.849905
