GENE,ENVISION
PPP3CA,0.839399
THNSL1,0.707650
PPP1R3A,0.977608
INPP5F,0.793075
