GENE,ENVISION
KMT2C,0.821968
TNK1,0.767743
ENTPD2,0.983424
TLK2,0.796912
MARCH1,0.974276
NSD1,0.849601
CHFR,0.776699
