GENE,ENVISION
RGL1,0.928593
ATP1B4,0.960995
CHFR,0.958308
PAPOLG,0.867651
PRKD2,0.854497
PTPRH,0.908628
