GENE,ENVISION
HECTD3,0.995539
VRK3,0.772307
SLC18A3,0.755082
TTN,0.879391
POMT1,0.977910
TRPM7,0.810780
PTPRK,0.911024
