GENE,ENVISION
PANK3,0.908913
CAMK1G,0.774049
EIF2AK1,0.811871
ATP1B4,1.014210
NDST4,0.841657
CAMK4,0.823530
ST8SIA1,0.977906
SLC34A1,0.851773
ATP1A4,0.818444
SLC26A7,0.837239
RNF216,0.885990
DUSP27,0.931858
