GENE,ENVISION
HS3ST4,0.878109
ASAH2,0.858066
LATS2,0.997466
ENPP7,0.942250
CHST8,0.921501
NDST4,0.838104
LPCAT4,0.841435
PON3,0.995173
SLC5A8,0.982787
TNIK,0.861177
PLCH1,0.837076
TTN,0.534288
SLC26A7,0.978017
SLC15A2,0.934970
EYA1,0.843054
ERN2,0.886709
CCNB1IP1,0.975867
