GENE,ENVISION
DAGLA,0.967046
QTRTD1,0.976432
EHMT2,0.936263
TICRR,1.064540
IP6K1,0.816620
