GENE,ENVISION
PADI1,0.746345
LHPP,0.953932
GMPR2,0.881897
