GENE,ENVISION
PTK2B,1.006560
SLC47A1,0.889130
