GENE,ENVISION
PTPN18,0.752854
SLC24A3,0.860622
CDKL3,0.813467
SLC7A11,0.852818
TTN,0.854719
INPP4A,0.735577
