GENE,ENVISION
TAOK3,0.993927
BIRC6,0.797855
EIF2AK4,0.813577
PLCL1,0.937803
KAT6B,0.924927
DYRK4,0.985904
HECW2,0.767533
CDS1,0.911766
UBR3,0.890379
STT3B,0.792236
SLC22A11,1.005130
STK17A,0.890644
