GENE,ENVISION
POLN,0.805980
PLK3,0.876113
ABCA3,1.021340
USP28,0.795911
