GENE,ENVISION
UBE3A,0.979020
BHMT,0.542635
TOPORS,0.848533
