GENE,ENVISION
MTHFD2L,0.867497
SLC6A7,0.949162
SSH1,0.975228
