GENE,ENVISION
SLC41A1,0.885703
FLVCR1,0.915710
UBE2J2,0.817025
ERBB4,1.013010
RNF185,0.865950
GRK7,0.885038
SLC6A20,0.893830
ACSM2B,1.004850
MBOAT1,0.986811
TTN,0.973975
GLB1L,0.869168
GAL3ST1,0.777547
NMNAT1,0.993956
EHHADH,0.625093
UHRF2,0.980096
