GENE,ENVISION
SLC17A8,0.907807
SETD5,0.818893
CEPT1,0.923635
PIGG,0.903480
