GENE,ENVISION
NCOA6,0.904904
ERBB4,0.838579
BIRC6,0.923916
SLC24A3,0.845724
MAPK14,0.886831
AACS,1.004840
PTPRO,0.848000
SRPK1,0.865982
USP36,0.854355
UBR4,0.960268
