GENE,ENVISION
LIPG,0.852918
CHD9,0.925555
SLC13A1,0.917576
RAD18,0.784238
PIGQ,0.987161
HMGCLL1,0.813275
UBR2,0.971900
