GENE,ENVISION
SLC4A5,0.905018
NEDD4L,0.943716
LMTK3,0.837709
TTN,0.942367
USP7,0.860462
