GENE,ENVISION
SMURF2,0.806023
ATP11C,0.748105
PLCL1,0.977825
NOX5,0.932729
TTN,0.773907
LPCAT2,0.976416
UBR4,0.864972
AASDHPPT,0.799799
