GENE,ENVISION
ICK,0.944323
GCNT4,0.919928
ABCD2,0.926991
ASAH2,0.937862
WNK2,0.930967
CDS1,0.821947
PNPT1,0.975228
MGLL,0.861443
MKRN3,0.983420
TTN,0.777455
TECRL,0.858432
PTPRN2,0.908090
SLC27A6,0.955727
USP34,0.927011
SETDB2,0.944392
