GENE,ENVISION
HUWE1,0.754465
PRPF4B,0.987806
ABCC2,1.020150
