GENE,ENVISION
CDK12,0.778646
LGMN,1.012950
ADCY2,0.948511
TSTA3,0.820964
RPS6KC1,0.937970
SLC7A6,0.920776
MGAT4C,0.800516
SETDB1,0.791236
UHRF2,0.928391
