GENE,ENVISION
CHPF2,0.767136
CYP4A11,0.856950
TTN,0.930639
NPC1L1,0.978593
