GENE,ENVISION
SLC6A3,1.007390
LDHAL6B,0.966796
PLA2G12A,0.919506
SLC13A4,0.948450
FKBP4,0.872113
PRKD2,0.777569
B3GNT8,0.764820
POLH,0.873850
