GENE,ENVISION
MINK1,0.862469
AGPAT5,0.966014
FUT11,0.779326
KMT2B,0.923679
SCD5,0.904301
