GENE,ENVISION
USP48,0.833131
PMPCA,0.845075
SLC13A1,0.915508
UPB1,0.908030
POLE,0.860539
SLC26A8,0.962458
MUL1,0.874609
ABCC2,0.936092
SLC25A10,0.897619
