GENE,ENVISION
SDHC,0.943946
PLCB4,0.920809
TTN,0.996702
CAMK1G,0.695279
DEGS2,0.787951
