GENE,ENVISION
PIGC,0.840245
GCNT1,0.750145
TRAF7,0.907388
SLC13A3,0.943384
NDST4,0.916501
BCO1,0.794761
NTRK3,0.862538
TRPM6,0.913086
LRP1,0.806307
BMPR2,1.000990
ATP6V0D2,0.978900
ABAT,0.920381
UGT2B28,0.741908
PHLPP2,0.876519
SPEG,0.856126
HAO2,0.813874
PDE10A,0.848673
REG3A,0.909596
