GENE,ENVISION
HSPG2,0.974477
TGM7,0.989916
