GENE,ENVISION
ABCG8,1.002380
PPIE,0.807004
PKN2,1.000720
PLA2G4D,1.009310
