GENE,ENVISION
SPEG,0.995108
MAP3K1,0.931158
BAAT,0.849528
TTN,0.964403
CDC42BPB,0.713788
