GENE,ENVISION
STK38,1.012380
SEC11C,0.852652
MAP3K12,0.937352
AICDA,0.951903
AZIN2,0.964379
