GENE,ENVISION
MYO3A,0.830134
SLC32A1,0.999655
PIGL,0.990427
UGT2A1,0.823260
PPIL4,0.766044
SLC22A10,0.916855
TNS2,0.838531
MCCC2,0.841421
ABCC11,0.882758
