GENE,ENVISION
SMG1,0.781677
MAST2,0.785192
FLAD1,0.977964
ALG1,1.021190
CAMK2B,0.600665
