GENE,ENVISION
SLC38A1,0.919725
MYO3B,0.805656
ACVR1,0.655659
ADCY10,0.864450
SLC12A5,0.929920
USP16,0.857463
TTN,0.985012
ZSWIM2,0.805422
STT3B,0.900102
