GENE,ENVISION
ME3,0.956833
AMPD2,0.727329
GAL3ST1,0.781814
CES5A,0.926763
TTN,0.778646
DIO2,0.779928
B3GALTL,0.785846
GPHN,0.895141
