GENE,ENVISION
RBBP6,0.824445
PRPF4B,0.857831
CYP4Z1,1.015200
NPAS2,0.979997
