GENE,ENVISION
ABCC2,0.915208
UROC1,0.939623
SLC38A3,0.773193
ABAT,0.956574
