GENE,ENVISION
SETD1B,0.924054
USP24,0.846134
