GENE,ENVISION
PIGG,1.013700
TKTL2,0.975441
SLC24A2,0.867621
SLC35D2,0.767525
UGGT2,0.925366
CCBL2,0.473088
