GENE,ENVISION
CHD9,0.836618
PTK2B,0.685674
