GENE,ENVISION
LRP2,0.783828
MYO3A,0.790367
DAGLA,0.988448
WNK3,0.864913
MIB1,0.754697
DCLK2,0.822587
AGPAT4,1.019550
TTN,0.979098
SLC15A2,0.776879
UBR4,0.906817
