GENE,ENVISION
EHMT1,0.535728
RHAG,0.563158
LBR,0.833503
