GENE,ENVISION
MYO3A,0.767475
MOGS,1.013660
MTAP,0.982814
PIGZ,0.915577
