GENE,ENVISION
GDA,0.997639
RIPK3,0.920754
RNF144B,0.994499
HECW2,0.923748
USP28,0.853689
SLC25A10,0.800481
