GENE,ENVISION
SLC4A5,0.985904
CDK13,0.767682
