GENE,ENVISION
USP26,0.935863
CYP39A1,0.930173
PTGR1,0.995649
