GENE,ENVISION
ATM,0.923323
DARS2,1.013600
ACSM5,0.940482
SLC4A8,0.817450
CYP24A1,1.031080
