GENE,ENVISION
SLC41A1,0.779155
KMT2B,0.848763
KMT2A,0.570745
SLC20A1,0.925637
HIPK2,0.786678
AASS,1.002880
SLC2A14,1.014620
PASK,0.985333
SLC4A4,0.996942
SLC12A6,1.011570
TTN,0.914876
AGMAT,0.955023
KAT6B,0.762558
ST6GALNAC5,0.980796
