GENE,ENVISION
PDE1B,0.952564
GAL3ST2,0.767630
SGK223,0.978412
