GENE,ENVISION
CES3,0.950313
SDR16C5,0.832841
DPYD,0.830916
CDK13,0.862354
GK2,0.907221
SLCO1B3,0.956879
COX4I2,0.550326
MAST1,0.856204
GUCY1A3,0.900463
TTN,0.602208
MERTK,1.002800
IRAK3,0.897685
PLA2G4F,0.973180
FUT9,0.843097
