GENE,ENVISION
ELOVL2,0.954081
RNF123,0.806240
