GENE,ENVISION
LATS2,0.732845
PIK3R4,0.847438
HS3ST3A1,0.843917
