GENE,ENVISION
EHMT1,0.874484
MAP4K3,0.975852
AGK,0.983742
ACSS3,0.982524
CERS4,0.944914
GRHPR,0.877081
SLCO4A1,0.923501
