GENE,ENVISION
PLD4,0.964515
EPHA7,0.890258
DDR1,0.971244
RNF149,0.919934
CHDH,0.991942
SETD2,1.007120
