GENE,ENVISION
OCRL,1.008940
SLC10A1,0.953210
BRAP,0.862412
LPIN3,0.990146
DHRS9,0.852335
ACSF3,0.863979
MGAT3,0.820945
PPARA,0.868114
GPHN,0.762093
ENGASE,0.787859
