GENE,ENVISION
CHD9,0.972299
PARP14,0.941459
TTN,0.824881
SLC13A5,0.983750
