GENE,ENVISION
KAT8,0.621606
SLC32A1,0.897513
KCNJ8,0.763866
NDST4,0.791172
PPP2R2C,0.811185
CMAS,0.877419
TTN,0.942010
FAR2,0.857244
ATP6V1C2,1.019580
