GENE,ENVISION
DAGLA,0.806411
PTPRU,0.753911
CHPF,0.782472
BIRC6,0.880004
PRKAG2,0.988983
MYLK2,1.015960
MKRN3,0.799213
PGLYRP2,0.861585
ELOVL4,0.709904
GPLD1,0.983796
GPX7,0.941195
ATP2B2,0.718498
TYRO3,0.855081
GSTK1,0.892793
