GENE,ENVISION
COASY,0.844337
PRPF4B,0.903476
PDE10A,0.816712
SLC14A1,0.842661
