GENE,ENVISION
TOPORS,0.817377
NNT,0.869306
ALK,0.960192
MARS2,0.975851
BDH1,0.937423
