GENE,ENVISION
KMT2A,0.880245
PIGG,0.743605
DDR2,0.996263
B3GNT3,0.843930
AK7,0.947445
BMP2K,0.980977
CDC14A,0.942248
ATP6V0A4,0.993344
PLCH1,0.981063
SSH2,0.972663
FUT9,0.932681
