GENE,ENVISION
NCOA3,1.007900
FUT11,0.977312
MYO3B,0.745842
ABCG5,0.907854
PARP4,0.953260
HMGCLL1,0.734078
USP51,0.891225
SLC26A7,0.948099
PPP3CA,0.843655
