GENE,ENVISION
RIOK2,0.972293
TESK1,1.012170
STK36,0.861197
