GENE,ENVISION
SLC4A5,0.926130
PIGT,0.850787
PKN2,0.897437
LRTOMT,0.946086
