GENE,ENVISION
LGSN,0.988029
HIPK2,0.786678
USP16,0.904875
TTN,0.778646
SLC5A7,0.816440
SLC18A3,1.015340
ATP2B3,0.825732
EP300,0.785276
UBR7,0.991416
