GENE,ENVISION
ACOX2,1.005970
AOX1,0.948957
GLYAT,1.003510
STYK1,0.822543
