GENE,ENVISION
TRPM7,0.876150
USP4,0.912742
ACSS1,1.019280
WNK1,0.965298
PDE3A,1.023450
FKBP4,0.917085
SETD2,0.890250
SLC39A7,0.932894
