GENE,ENVISION
OCRL,0.964679
MAP4K3,0.843652
CHST2,0.877962
B3GALT1,0.923063
PTPRH,0.889844
CYP4V2,1.008390
WHSC1L1,0.949066
USP42,0.971569
PRKDC,0.764830
RNF152,0.959208
ILKAP,0.737003
CDC42BPA,0.907959
SLC25A18,0.908780
PRKCQ,0.936800
ATP6V1C2,0.986344
ATP2B2,0.867317
EYA3,0.842271
INPP5E,0.735872
