GENE,ENVISION
MARCH5,0.985161
SLCO3A1,0.893503
PPP1R3A,0.830411
GALNT11,0.767381
