GENE,ENVISION
GPLD1,1.003500
TTN,0.909860
REG3A,0.802494
