GENE,ENVISION
UBE3C,0.719643
MVK,0.918785
PPARA,0.841719
DUSP27,0.881725
