GENE,ENVISION
PNLIPRP3,0.955762
PTPRS,0.915712
MGAT4C,0.798241
PYCRL,0.771065
AASS,1.000610
PTPRH,0.772500
NDST4,0.686308
PNPLA3,0.961801
CAMKK2,0.866880
MOGAT2,0.821087
ADCY10,0.942932
DUSP9,0.876316
SLC27A5,0.858012
MGAT5B,0.914714
MTPAP,0.941459
PDE10A,0.777569
CHST6,0.801126
