GENE,ENVISION
PLCB1,0.864972
MYLK4,0.856204
PADI3,0.973915
SLC26A7,0.862599
USP25,0.866101
CNDP2,0.786707
