GENE,ENVISION
NHLRC1,1.020720
SLC17A6,0.951704
CSNK1A1L,0.782463
POLE,0.848539
ELOVL2,0.799537
HERC4,0.857673
TECRL,0.959029
