GENE,ENVISION
SMURF1,0.874993
MYO3A,0.757477
SLC6A20,1.005840
SLC17A7,0.867024
ACVR1C,0.830785
PIPOX,0.837267
BIRC6,0.895036
HSPG2,0.790414
AKT3,0.863365
BMPR2,0.649254
FGGY,0.734078
SSH2,0.780601
ELP3,0.842303
CREBBP,0.802021
TTN,0.668628
