GENE,ENVISION
HIPK3,0.988065
ST3GAL6,0.732952
SNRK,0.871160
CYP27A1,1.094560
MBOAT2,0.874839
TTN,0.869306
EHHADH,0.900371
