GENE,ENVISION
PDE4B,0.917096
TTN,0.941910
PPP2R2C,0.683640
