GENE,ENVISION
RNF185,0.933630
ADCY2,0.915702
