GENE,ENVISION
ATP6V1C2,1.009260
SLC47A1,0.799729
