GENE,ENVISION
SLC10A2,1.042450
TRHDE,0.777772
RCL1,0.812159
ITPKC,0.654478
SDR42E1,0.843880
TTLL10,0.947725
ALG13,0.933391
