GENE,ENVISION
SRD5A3,0.988020
UBE4A,0.991253
B3GNT3,0.999792
