GENE,ENVISION
PNCK,0.992973
LMTK2,0.967724
SNRK,0.826344
HS3ST3A1,0.914436
ACSM2A,0.553418
NTRK3,0.919712
CYP4F3,0.975878
HIBCH,1.001240
