GENE,ENVISION
SLC9A4,0.939032
AOX1,0.866907
GNMT,0.516005
EXT1,1.094230
TPTE2,0.957469
SLC13A1,1.001920
GANC,0.984524
GUCY1A3,0.916516
LPPR3,0.954854
TTN,1.007500
PHLPP2,0.916671
DECR2,1.021020
PDE11A,0.918807
