GENE,ENVISION
DDR2,0.925148
PDE1B,0.952564
SLC24A4,0.882795
ALG6,1.001990
TTN,0.892046
TECRL,1.013790
DGKB,0.915704
PDE11A,0.861416
ADSSL1,0.948547
