GENE,ENVISION
PRKCZ,0.867317
WARS2,0.926352
UBR4,0.828068
