GENE,ENVISION
ISYNA1,0.756010
ROCK1,0.790052
NTRK2,0.967754
CYP26B1,1.011410
PADI3,0.836666
TTN,0.691195
PHLPP2,0.779995
