GENE,ENVISION
CHST11,0.840945
DZIP3,0.784852
SLC9A2,0.826172
ABCA3,0.973046
CLYBL,0.941310
PNPT1,0.766044
USP7,0.868111
HERC1,0.959520
SLCO1B3,0.844813
LPCAT2,0.766850
TTN,0.748535
SLC8B1,0.939909
ABCC2,0.912655
SLC22A8,0.896440
TKTL2,0.985615
EYA3,1.005110
PADI4,0.786528
