GENE,ENVISION
EP300,0.919627
SLC22A16,0.865886
MST1R,0.880161
SLC7A11,0.900826
SLC35B2,0.987245
CRLS1,0.720931
SLC47A1,0.858993
CDK3,0.809801
TAOK1,0.883140
