GENE,ENVISION
TRIP12,0.918903
PDE3B,0.768769
