GENE,ENVISION
MYO3B,0.873401
PRKAA1,0.889777
AASS,0.992826
DGKH,0.810847
SLC25A18,0.934763
MYLK,0.857463
QPCT,0.968721
UBE2F,0.862469
HERC1,0.835490
SLC6A19,1.011850
RNF144B,0.868111
PADI4,0.914726
PAPD4,0.967573
SMYD3,0.765266
RNF138,1.002830
CYLD,0.814913
ADSSL1,0.847832
PLIN4,0.789819
PXDN,0.975896
USP37,0.884975
