GENE,ENVISION
ABCG5,0.967857
ACSS3,0.861840
DDR1,0.945254
NDST4,0.901792
PRKDC,0.820779
ITPKC,0.948857
ADHFE1,0.857831
CDK20,0.777569
DUSP5,0.920422
GRK1,0.974693
USP36,0.791187
CDK5,0.872131
