GENE,ENVISION
ADCY4,0.913764
ASH1L,0.535805
SLC7A5,0.973355
PIKFYVE,0.904311
RGL1,0.762730
STYXL1,0.834073
IPMK,0.982815
SLC25A18,0.982573
TPH2,0.946443
PHKB,0.899463
CYP26B1,0.976798
HIPK1,0.758696
SLC23A2,0.787530
MGAT5B,1.047910
USP29,0.752031
HAO1,0.814761
TNS2,0.785925
USP36,0.872406
