GENE,ENVISION
SLC38A3,0.792166
BIRC6,0.866912
MAP3K15,0.921103
RCL1,0.766123
MYLK3,0.919457
XYLT1,0.993612
NOX1,0.767808
TTN,0.665232
SLC1A5,0.903585
STT3B,0.898475
STK35,0.767475
