GENE,ENVISION
SLC9A4,0.786261
ADCY1,0.964887
ADCY2,0.937250
WNK3,0.783160
ATM,0.911983
ZADH2,0.911128
NTRK3,0.851637
DYRK2,0.924829
TTN,0.554412
IRAK3,0.965805
SLCO1C1,0.860290
