GENE,ENVISION
NUDT9,0.910270
IL4I1,0.883565
VRK1,0.981091
ALK,0.824766
CTDSPL2,0.860577
PDE1C,1.022980
ATM,0.861329
TTN,0.759876
MERTK,0.942204
IKBKE,1.002560
PPIG,0.844311
AARS2,0.745842
AICDA,0.867787
PXDN,0.822515
SULT2A1,0.912988
