GENE,ENVISION
RCHY1,0.893807
HACE1,0.852901
PLD1,0.902621
SLC3A1,0.875849
ST8SIA1,0.770511
TGS1,0.995548
TTN,0.939615
ELOVL3,0.944212
PAPOLG,0.925763
SIN3A,0.828220
ALK,0.863330
