GENE,ENVISION
PTPN23,0.805715
PARP8,0.875427
AGPAT9,0.901168
