GENE,ENVISION
NUDT12,0.980049
CBLL1,0.877550
