GENE,ENVISION
HUWE1,0.933110
NTRK3,0.816638
CPA5,1.014280
