GENE,ENVISION
UBE2Q2,0.802521
MGAT3,0.900449
TAOK3,0.864185
