GENE,ENVISION
NEK7,0.988706
MAP4K3,0.973340
AWAT2,0.911238
SLCO1B3,0.998869
SLC29A2,0.866925
TYRO3,0.859113
SLCO1C1,0.931406
