GENE,ENVISION
ACO2,0.661435
UCKL1,0.881494
