GENE,ENVISION
SLC12A5,0.807731
SLC6A14,0.785876
