GENE,ENVISION
SLC20A2,0.991699
SEC11C,0.780476
USP13,0.975990
MAP2K1,0.942054
MAPK7,0.915517
ATP2B2,0.925754
USP20,0.982694
