GENE,ENVISION
DHRS4,0.849754
DUPD1,0.965541
SLC9A8,1.023620
USP10,0.934026
ROCK1,0.538504
AMDHD2,0.993224
TTN,0.908470
EHHADH,0.644701
TAOK2,0.966355
