GENE,ENVISION
SLC9A5,0.834695
CERCAM,0.780700
SLC27A5,0.981174
UBR4,0.873356
TRPM7,0.988658
CHKB,0.916943
SLCO1C1,0.769387
