GENE,ENVISION
MAP3K12,0.987661
ABCC8,1.009830
USP7,0.896528
