GENE,ENVISION
PTPRO,0.920378
KMT2A,0.837758
PRRT2,0.892793
PPP2R2C,0.818381
TGM7,0.838433
