GENE,ENVISION
MYLIP,0.923612
LPPR5,0.925866
NOL9,0.970883
PRKD1,0.869174
