GENE,ENVISION
PNLIPRP3,0.934009
DCLK2,0.814761
SLC6A19,0.807434
PDXP,1.000260
KAT6B,0.862941
USP32,0.757458
UGGT2,0.986915
