GENE,ENVISION
SLC32A1,0.966982
USP9X,0.904403
