GENE,ENVISION
INPP5A,0.945255
CPT1C,0.941701
LIPE,0.964904
KMT2E,0.954996
PDIA5,1.005120
PARP12,0.950020
MED1,0.761815
TIPARP,0.930019
TTN,0.914173
MIA3,0.846359
