GENE,ENVISION
USP24,0.846134
CHSY3,0.863895
BMP2K,0.986907
CYBRD1,0.846960
RIPK1,0.950058
MERTK,0.915165
NMNAT3,0.903135
FANCL,0.937866
MAT1A,0.893128
SQLE,0.764006
DUSP27,0.875724
