GENE,ENVISION
OGDH,0.867712
PLCH1,0.843121
ACVR1,0.548368
STK24,0.922924
