GENE,ENVISION
MTPAP,0.976691
PRKAG2,0.871947
VRK1,0.757477
TTN,0.969346
