GENE,ENVISION
AOX1,0.967714
HERC4,0.841650
SLC41A2,0.926181
ATM,0.945737
DYRK4,0.993009
PADI4,0.837525
