GENE,ENVISION
SLC9A4,0.909421
GGTLC1,0.852811
QTRTD1,0.917983
ACVR1C,0.884212
SLC2A14,1.018360
NDST4,0.727568
SLCO2A1,0.992194
HAS1,0.860861
CYP4F8,1.005560
TPH2,0.861535
TTN,0.696091
FUT8,0.674744
NEU4,0.963973
PGS1,0.804099
CHPF,0.873385
PSKH2,1.012720
DMGDH,0.990645
