GENE,ENVISION
SLC5A12,0.759988
PTPRU,0.745842
NPC1L1,0.796196
LIPG,1.021830
WWP1,0.929311
