GENE,ENVISION
KANSL3,0.790296
PDE1C,1.014680
AGPAT3,1.000740
MARS2,0.913111
RNF139,0.821533
