GENE,ENVISION
SLC15A3,0.915202
MYO3B,0.938907
CYP1B1,0.792013
LMTK2,0.860203
ST3GAL5,0.937055
SLC12A6,0.828773
SLC17A6,0.967879
GK2,0.820844
HERC1,0.844022
SLC4A4,0.766947
USP10,0.967082
MTMR14,0.954154
BMPR2,0.637897
MOGAT3,0.978240
HECW2,0.833367
SLK,0.968974
GAL3ST1,0.931013
ACOT11,0.819925
SIN3A,0.896852
