GENE,ENVISION
TAOK3,0.941776
ZCCHC11,0.983086
KYNU,0.873305
PTPRR,0.901684
QPRT,0.777699
EIF2AK1,0.869124
PIGK,1.058770
MYLK,0.755813
AK5,0.791852
USP7,0.880584
USP13,0.887678
TTN,0.820824
USP26,0.930704
SLC15A2,1.001780
GALM,0.974777
CSGALNACT1,0.997095
USP34,0.842193
GCDH,0.634777
DUSP27,0.940783
