GENE,ENVISION
RIOK2,0.916960
TARS2,0.934784
TBL1XR1,0.986044
SGK223,1.013410
SLC5A11,0.958567
DIO2,0.962863
USP15,0.947982
B3GALTL,0.982235
