GENE,ENVISION
PTPRU,0.893503
RAD9A,0.509284
MCCC2,0.844302
MAP3K12,0.960795
HECW1,0.868108
MYLK4,0.828894
