GENE,ENVISION
PIK3R4,0.920861
DUSP9,0.887205
DGAT2,0.887998
FAM65A,0.976090
NRF1,0.981891
