GENE,ENVISION
USP17L2,0.922880
PMPCA,0.934986
PLXNB3,0.964930
ACSS3,1.011890
RPAP2,0.959161
SLC25A37,0.842464
PPP2R2B,0.932022
TIAM2,0.971466
HECW2,0.879447
PIGW,0.936493
PLA2G4C,0.979407
SAP130,0.891742
