GENE,ENVISION
ART3,0.948121
INPP5D,0.915929
DGKH,0.902764
SARDH,0.744274
MARK1,0.942932
HEPH,0.907398
IRAK3,0.971868
USP34,0.996212
ZCCHC6,0.856713
