GENE,ENVISION
LRP2,0.744925
PTPRS,0.813826
ATM,0.843366
PNPLA6,1.015540
SMYD3,0.866954
ABCC11,0.972647
