GENE,ENVISION
USP30,0.855516
GCNT2,0.981934
