GENE,ENVISION
RPS6KA2,0.940847
BRSK1,0.909901
PARP6,0.861251
ACSM5,0.946575
SLC6A19,1.014550
TTN,0.979198
ACSBG2,0.961171
DYRK1A,0.718498
UGGT2,0.912906
ZC3HAV1,0.975063
