GENE,ENVISION
RNF25,0.942229
DPYS,0.903042
ST6GALNAC4,0.777880
RNF31,0.812065
