GENE,ENVISION
KAT8,0.940159
SLC4A10,0.965796
ASH1L,0.916094
PEAK1,0.981268
AOX1,0.959026
PPAPDC3,0.965430
CAMK2G,0.923542
SLC10A1,1.064220
PRKDC,0.851697
HERC1,0.972652
KMT2B,0.790773
IRAK4,0.974120
PAK6,0.966190
SLC22A11,0.776104
MCCC1,1.013980
CSGALNACT1,0.976835
