GENE,ENVISION
PCK2,0.993655
TBL1XR1,0.972684
SGK2,0.798940
GALE,0.670573
ABCC11,0.867922
AASDH,0.846830
SETDB1,0.965089
SLC27A3,0.910608
HS3ST2,0.870808
