GENE,ENVISION
PADI1,0.998878
CHST2,0.814173
TTN,0.901010
PDE10A,0.984104
