GENE,ENVISION
RNF14,0.962294
NNT,0.854225
PIGC,0.946258
ALK,1.063120
GALNT7,0.857645
UBE3B,0.929052
SLC7A10,1.093150
PIP5K1A,0.861535
GLYCTK,0.927274
UPRT,0.964602
LRP1,0.923772
ME3,0.916284
UBR4,0.990361
PI4KB,0.903601
