GENE,ENVISION
ENPP7,0.769650
LBR,1.010890
PLD1,0.808560
