GENE,ENVISION
POLR1B,0.879750
AASDH,0.813656
MANSC1,1.006660
PIKFYVE,0.766407
