GENE,ENVISION
HECTD2,0.958284
LMTK3,0.851051
LRRK1,0.846855
PRKAG2,0.861369
GRK1,0.904058
PADI1,1.008890
HECW1,0.822584
RNF125,0.869662
MTPAP,0.790796
