GENE,ENVISION
RIOK1,0.949328
PPP1R3A,0.857839
ACSM1,0.967314
LDHAL6A,0.913190
HIPK3,0.929069
CHSY1,0.856592
UHRF2,0.950871
DUSP27,0.802461
