GENE,ENVISION
PTPN12,0.769878
SLC17A7,0.927194
UAP1,1.016610
