GENE,ENVISION
MARK4,0.717620
UBE3A,0.933732
EPHA7,0.855406
BIRC6,0.782305
HS6ST3,0.976239
ACER1,0.828936
SLC5A12,0.966300
HS3ST4,0.946460
TTN,0.792561
SLC13A1,1.005190
DGKB,0.827560
UBR2,0.938536
ALG13,0.998469
