GENE,ENVISION
SLC6A14,0.972408
TNNI3K,0.875220
TRHDE,0.738759
GSTK1,0.996453
