GENE,ENVISION
MGAT3,0.973093
NHLRC1,0.995099
GALNT15,0.862682
ANKRD1,0.798241
PLCB3,0.937243
CDK12,0.833225
CHPF2,0.962827
DUOX2,0.856677
EIF2AK4,0.866499
RBBP6,0.813133
SLCO1B1,0.797585
SLC6A19,0.856651
PLCH1,0.819191
MOGAT2,0.982968
TTN,0.599163
ZSWIM2,0.834999
PDE6H,0.768807
USP24,0.929557
TAOK2,0.861161
