GENE,ENVISION
ST3GAL2,0.704401
MAP3K9,0.864476
PPP2R3A,0.935268
PON3,0.965691
CAMKK2,0.942703
PDK3,0.767682
PPIP5K1,0.820541
ABCC8,0.848505
MGAT5,0.988110
TPSD1,0.962314
SLC22A9,0.824044
