GENE,ENVISION
PTPRN2,0.844813
MYO3A,1.021040
CA9,0.954341
MAP3K1,0.978066
CHSY3,0.759805
RNF180,0.973064
ACAT2,0.940392
TTN,0.740170
TRIP12,0.910975
CNDP2,0.742828
