GENE,ENVISION
DUOX2,0.881672
PTGIS,0.528767
NOX5,1.026180
TTN,0.636717
SLC6A13,0.774713
PDE4B,0.632388
USP36,1.001630
