GENE,ENVISION
SLC9A5,0.867757
COQ6,1.004050
B4GALNT1,0.928850
TRHDE,0.902757
PLXNB3,0.934588
HSPG2,0.919842
BMP2K,0.906356
TTN,0.778646
DUSP27,0.853166
SLCO1C1,0.945998
