GENE,ENVISION
PDE4B,0.957629
PTK6,0.820970
