GENE,ENVISION
CPT1C,0.835154
TICRR,0.793032
BIRC6,0.823462
HUWE1,0.804643
WNK4,0.752013
TTN,0.949359
TNS2,0.856204
UBR4,0.842271
