GENE,ENVISION
SLC13A2,0.794379
EHMT2,0.978033
RALBP1,0.991632
ADCY2,0.996723
