GENE,ENVISION
RPS6KA1,0.900613
STK3,0.770865
