GENE,ENVISION
LRP2,0.797250
SPEG,0.758012
AMPD3,1.000960
HMGCLL1,0.899349
