GENE,ENVISION
TICRR,0.944718
PIKFYVE,0.897016
SLC24A4,0.759519
FHL2,0.774158
FIG4,0.884406
LPPR4,0.797786
ATHL1,0.970518
DYRK1A,0.797228
PAK7,0.904555
TTN,0.972809
