GENE,ENVISION
POLA2,0.822295
SETD2,0.906923
ROCK1,0.819823
PPP1R3A,0.794476
ADCY2,0.966575
LRP1,0.854838
PPP2R3A,0.978066
SLC22A12,0.947098
PTPN21,0.979673
PGM2,0.856592
NTRK3,0.839770
HERC1,0.767475
GDPD2,0.770795
MAN1C1,0.922295
BMPR2,0.862107
TTN,0.850524
HECW2,0.764928
GGT6,1.006290
SLC30A6,0.884674
RARS2,0.777995
