GENE,ENVISION
CPT1C,0.971061
ITK,0.829018
PPP2R3A,0.796683
SORD,0.858545
ABCC8,0.955486
BCO1,1.014770
MGAT5B,0.795488
PLCE1,0.985938
GPCPD1,0.978505
