GENE,ENVISION
UBE2Q1,0.710470
GALNTL5,1.010730
CTDSPL2,0.860577
SLC13A4,0.972406
OXSM,0.868169
SLCO2A1,0.954866
NCOA2,0.814173
HERC3,0.843775
TTN,0.680045
PRKCQ,0.883265
TYRO3,0.977110
