GENE,ENVISION
LPPR4,0.818142
MAP3K5,0.828853
