GENE,ENVISION
LRP2,0.639751
ST3GAL2,0.935487
PIK3C3,0.837906
B4GALNT3,0.975747
CDK12,0.766082
GSTA5,0.818568
CROT,0.904871
ATM,0.983623
UEVLD,0.893500
SLC4A5,0.710221
SLC12A6,0.769470
POLE,0.900086
ATP1A4,0.555303
TTN,0.724405
B3GAT2,0.899234
PTPRO,1.007890
GFPT1,0.823304
PAPOLG,0.868045
GPIHBP1,0.851784
