GENE,ENVISION
SLC4A10,0.798980
GNPTAB,0.809298
IPMK,1.001910
USP9X,0.901001
PI4K2A,0.808579
PIN1,0.922812
USP42,0.950338
UBR2,0.980141
LPIN1,0.865483
WHSC1L1,0.808550
PHKB,1.018830
SLC14A1,0.942174
SLC13A2,0.844035
UCK2,0.823366
GMPPB,1.008130
MAST1,0.778646
HEPH,0.843373
ATP2B3,0.840042
TAOK2,0.762927
RIOK1,0.958574
NEDD4L,0.861177
MAP3K12,0.811912
