GENE,ENVISION
TAOK2,0.958274
PLD1,1.022240
SH3RF1,0.762927
PDE3A,0.932448
MYLK,0.974964
MAST1,0.823854
GDA,0.769810
PLCH1,0.832891
MGAT5,0.813133
MINPP1,0.946144
FUT9,0.893478
LMTK2,0.929833
