GENE,ENVISION
SETD5,0.762413
TBK1,0.992970
DUSP27,0.809544
