GENE,ENVISION
MAP4K3,0.773509
UGT3A2,0.963138
HUWE1,0.748816
AGXT2,0.929282
SLCO1B1,1.110150
TNIK,0.862469
MED1,0.853157
ATR,0.811481
DYRK4,0.978504
USP25,0.857184
SHPRH,0.972861
GRK7,0.798559
CYP4F11,0.823071
EPHA7,0.976153
TTN,0.632869
SPTLC3,0.854946
KMT2B,0.823020
HSPG2,0.907613
RNF19A,0.998711
RNF182,0.976616
MGAT4C,0.909851
KAT6A,0.774645
