GENE,ENVISION
STK32B,0.902201
ALK,0.944995
SPHK2,0.919473
EPHA7,0.848229
ATP8A1,0.852204
NDST4,0.882097
PRKDC,0.847498
HIPK2,0.793813
TRPM6,0.978024
ATP2B2,0.718498
