GENE,ENVISION
KMT2A,0.955497
MAN2C1,0.992126
INPP5F,0.918505
ACSS3,0.832316
PLK3,1.015850
PRPF4B,0.686428
ACSM2A,0.685293
ALG10,0.980077
UBR4,0.755113
