GENE,ENVISION
TGM3,0.922789
ADCY10,0.764580
MTRR,0.794832
