GENE,ENVISION
ADCY4,0.871630
TKTL2,0.840392
ETNK1,0.821593
