GENE,ENVISION
PDE1C,0.825634
CHPT1,1.014180
TTN,0.921607
IKBKE,0.807879
MGAT5,0.857591
KAT6A,0.982245
SETD7,0.810384
PDK4,0.839911
