GENE,ENVISION
LPCAT4,0.972980
TRHDE,0.855516
PPP1R3A,0.754725
