GENE,ENVISION
TRIM11,0.971931
PLXNB3,0.926636
GRHPR,0.830310
AMPD3,0.691356
PRKCD,0.634301
KMT2A,0.779094
SLC4A4,0.707650
ATP1A4,0.937036
MGAT5B,0.825883
GFPT1,0.766123
SIN3A,0.869233
