GENE,ENVISION
RNF14,0.788601
B3GNT4,0.799368
DAGLB,0.999495
DZIP3,0.984026
MGAT2,0.738263
SLC4A7,0.843292
UST,0.844798
HERC4,1.063510
