GENE,ENVISION
HS6ST2,0.812325
SLC4A7,0.832724
SLC5A9,0.828090
EHMT1,0.967428
HACE1,0.823304
AASS,0.994904
GRK7,0.806474
TECR,0.825384
TIAM2,0.783406
TTN,0.852919
HKDC1,0.869306
RNF152,0.977188
GBA2,0.876519
ABCD2,0.942645
KMT2A,0.861032
PLCB4,0.739411
TICRR,0.921242
WNK2,0.838330
ACSM2A,0.664009
SLC13A5,0.771770
STK4,0.870501
FUT11,0.939092
BRSK1,0.802521
BAAT,1.015010
CHD9,0.976589
STK36,0.851609
PTPRN,0.851093
SLC22A9,0.827253
FUT9,0.824955
