GENE,ENVISION
RNF14,0.990931
PCK2,0.719785
NEDD4L,0.897686
GDA,0.895519
TIAM2,0.669366
MTRR,0.928695
NSD1,0.586051
