GENE,ENVISION
LRRK1,0.807595
PDE1C,1.008550
UGT2A3,0.838633
AK7,0.910914
SLCO1B3,1.042700
STK38L,0.945845
