GENE,ENVISION
NPC1L1,0.797677
USP51,0.866509
