GENE,ENVISION
SLC4A10,0.745689
ZCCHC11,0.778646
LIPE,0.851307
GALNT11,0.767475
AK3,0.691559
PDE3A,0.913101
CHPF2,0.957180
PRKCE,0.990676
NPAS2,0.778646
NUDT12,0.855075
ACSS3,0.865188
GLYAT,1.011940
PJA1,0.853194
GBA2,0.770409
GAD1,0.783680
