GENE,ENVISION
SLC12A5,0.874196
LRP1,0.961233
ATP5S,0.985093
USP7,0.862469
HERC1,0.841650
ETNK1,0.769066
