GENE,ENVISION
LBR,1.023480
ALK,0.992538
ULK4,0.846661
EPHA7,0.916358
PIP5K1A,0.719643
MAP3K1,0.915059
GALNT8,0.981400
TTN,0.979073
SLK,0.859504
DYRK1A,0.852756
SLC26A9,0.767660
