GENE,ENVISION
COLGALT2,0.781789
AGK,0.953580
PPAPDC3,0.848921
SLC17A6,0.942430
UCK2,0.766744
HECW1,0.987455
TRPM7,0.779727
