GENE,ENVISION
LRP2,0.974912
CSNK1A1L,0.915454
USP49,1.019960
CSAD,0.750357
NTRK3,0.858224
ATP6V0A1,0.870340
TTN,0.920509
PDZD4,0.973698
ZNF645,0.882824
SLCO4A1,0.975492
DUSP27,0.782152
