GENE,ENVISION
CYP3A43,1.000230
GALNT15,1.003660
DZIP3,1.009060
PARS2,1.016470
SLC3A1,1.004160
DMPK,0.888145
