GENE,ENVISION
LIPG,0.809422
CAMK1,0.568316
IPMK,0.990935
SIAE,0.977072
TTN,0.995517
PPP3CA,0.753402
