GENE,ENVISION
SLC6A7,0.819783
ACSM1,0.942983
MARCH7,0.769130
NOX5,1.018910
TTN,0.857184
CDK5,0.790033
CHPF,0.962081
ADHFE1,0.982688
