GENE,ENVISION
NEK8,0.867640
MARK2,0.876026
