GENE,ENVISION
SLC17A8,1.008490
B3GALT1,0.972489
ERBB4,0.983796
MARCH4,0.875946
TTN,0.942969
PRKG2,1.092960
HAO2,0.983155
