GENE,ENVISION
FLAD1,0.859397
PLCE1,0.961087
TRPM7,0.987455
