GENE,ENVISION
KMT2A,0.838905
SLC9A7,0.910249
TLK1,0.883751
BHMT,0.919908
PPP1R3A,0.935912
PIKFYVE,0.969433
COASY,0.764426
MTMR2,0.912079
PDK3,0.885671
ABCA4,0.819338
PAPD4,0.936229
CYP4F3,0.859733
USP34,0.897616
ECHDC2,0.817240
