GENE,ENVISION
CWC27,0.675829
SEC11C,0.952466
DPYSL3,0.803613
KL,0.999074
