GENE,ENVISION
CSNK1A1L,0.875174
PLCL2,0.868010
PIP5K1A,0.719643
MST1R,0.930717
P4HA3,0.984833
USP9X,0.857299
MCAT,0.980430
