GENE,ENVISION
STK31,0.971883
CYP24A1,0.910854
SETD5,0.727016
