GENE,ENVISION
NCOA2,0.964770
HADH,0.986961
MTMR14,0.799898
B3GALT5,0.859317
MAP3K15,0.898240
TTN,0.924243
