GENE,ENVISION
UCK2,0.916969
DPYD,1.001590
UAP1,0.980092
NTRK3,0.857068
MGAT4A,0.991716
DYRK1A,0.885628
TRPM6,0.938407
PDE4C,0.854365
CLK4,0.648838
GAD2,0.900703
GALNT3,0.834543
