GENE,ENVISION
ABCG2,0.829834
LBR,0.956642
PHEX,1.022400
RPE65,0.948677
PARP11,1.012350
CSNK1G1,0.694551
PRKDC,0.832873
TAOK2,0.820964
