GENE,ENVISION
PLCB1,0.911076
SLC20A1,0.846738
TLK1,0.774936
ZNRF1,0.827981
TPTE2,0.962801
GDE1,0.791707
SLC34A1,1.045380
STK31,0.913793
NT5M,0.904726
TIPARP,0.803720
SLC27A3,0.990126
COPG1,0.965276
CHD9,0.932540
CHPF,0.924594
UGP2,0.926677
