GENE,ENVISION
TSSK1B,1.005760
LMTK2,0.991222
B4GALNT3,0.960803
PRPF19,0.977273
CROT,0.913511
FUK,0.948663
PIP5K1A,0.861535
ADCY1,0.996202
