GENE,ENVISION
TRIM33,0.833494
GRHL1,0.830192
RBBP6,0.924315
