GENE,ENVISION
CYP4F22,0.800633
LBR,0.908752
HAS1,0.762927
