GENE,ENVISION
USP31,0.853650
RIPK3,0.934913
PTPRH,0.782394
