GENE,ENVISION
HACD4,0.973760
PARP10,0.934072
ATP11C,0.813133
TTN,0.765266
LPCAT1,0.833697
PDE4D,0.840374
