GENE,ENVISION
FMO2,0.915316
RPE65,0.564837
AK7,0.780199
ACSM2A,0.781003
UST,1.097010
HAS1,0.816644
