GENE,ENVISION
TPTE2,0.925851
TRIM33,0.777690
AASS,0.823705
TTN,0.918240
FRMPD2,1.008310
SPEG,0.818687
AARS2,0.851330
CREBBP,0.562894
RNF31,0.830196
