GENE,ENVISION
PTPRS,0.913737
B4GALNT3,0.718768
UGGT2,0.907014
SLC7A9,0.967286
CSAD,0.839424
NAGK,0.985993
RNF20,1.005760
NSD1,0.853831
SETD5,0.862801
PTPRJ,0.901589
