GENE,ENVISION
EHMT2,0.933096
PLCB4,0.868111
RPS6KA6,0.956995
PRKDC,0.820970
PLB1,0.921362
MARCH9,0.837212
