GENE,ENVISION
DZIP3,0.976687
EIF2AK4,0.977385
PPAPDC1A,0.951476
CYP2S1,0.809658
ATP6V0A2,1.017600
SLC15A2,0.774420
TAOK3,1.003500
