GENE,ENVISION
SPEG,0.994356
NUDT11,0.978888
BSCL2,1.016150
UBR2,0.787388
