GENE,ENVISION
TNIK,0.937251
ELOVL2,0.976360
ACOT12,0.877890
