GENE,ENVISION
FMO2,0.948376
MYO3A,0.767808
STK32A,0.813133
TGM3,1.015270
CPT1C,0.966663
MINK1,0.762093
PARP12,1.095680
NDST4,0.962128
LOXL2,0.856592
SLCO1B1,0.775875
HIPK1,0.796023
BMPR2,0.828247
TTN,0.748729
HECW2,0.921501
ALDH1L2,0.752031
ATP6V1C2,0.972369
NPC1L1,0.858448
FUT9,0.864344
SLC29A2,0.939872
