GENE,ENVISION
SLC34A1,1.012430
USP31,0.984771
