GENE,ENVISION
PLCB1,0.794828
ASH1L,0.873143
USP49,0.951735
DPYSL3,0.868111
HIF1AN,0.900419
MASTL,0.831990
PRKDC,0.923868
HERC1,0.848809
FIG4,0.947948
CSNK1G1,0.891611
NT5C1B,0.978785
ACE2,0.846656
GALNT1,0.931001
