GENE,ENVISION
LRP2,0.897678
SLC17A4,0.971166
POMT1,0.791852
MIA3,0.769417
SUV420H1,0.744150
