GENE,ENVISION
HIPK1,0.875026
TTN,0.858066
TLK2,0.747768
