GENE,ENVISION
SLC9A4,0.757477
LRP2,0.970701
GUCY2D,0.820775
GALNT13,0.948616
MAT2B,0.753821
SLC25A11,0.843260
MYO3A,0.868529
DCLK2,0.719785
ACSM3,0.829168
PNPLA7,0.768623
TTN,0.868989
MERTK,0.830124
UBR2,1.016790
UBR1,0.894431
PRKDC,0.916861
SLC23A2,0.772045
SLC22A9,0.926179
FUT9,0.791852
