GENE,ENVISION
MYO3A,0.872821
LMTK2,1.009440
ADCY2,0.959484
TNIK,0.718498
MOGAT3,0.828446
ST6GALNAC4,0.844504
COX7B2,0.929535
