GENE,ENVISION
RAD18,0.911616
SLCO1B1,0.932037
ABCA4,0.959092
LPCAT1,0.966520
PHEX,1.017280
SETDB1,0.773435
