GENE,ENVISION
SARS2,0.768283
PARP14,0.986085
PDP2,0.849231
TTN,0.861518
HEPH,0.710695
PPIE,1.013870
GPHN,0.891255
