GENE,ENVISION
LATS2,0.797518
PLCB2,0.852062
GGTLC2,0.856937
PARP8,0.839152
LMTK2,1.005190
PIKFYVE,0.767002
HKDC1,0.941658
GPAT2,0.847173
HIPK2,0.898671
MBOAT1,0.899059
ELOVL2,0.863380
SLC5A7,0.773993
USP16,0.764105
PLCB4,0.843039
EYA1,0.854583
