GENE,ENVISION
NCOA2,0.916516
PAFAH2,0.936099
FKBP10,0.796204
MST1R,0.945253
CDKL3,1.024140
ATP1A4,0.980866
FGGY,0.978486
PRKG2,0.986584
NSD1,0.857751
PLIN4,0.982035
TTN,0.874946
