GENE,ENVISION
ACOT6,0.820868
SLCO4A1,0.975148
NADSYN1,0.769810
TRAF7,0.777492
