GENE,ENVISION
B3GNT4,0.909497
TICRR,0.957414
CDKN3,0.964595
LPIN3,0.956359
MYLK,0.947227
ETNPPL,0.859360
TTN,0.992141
EIF2AK4,0.986384
UGP2,0.827981
STK35,0.767533
