GENE,ENVISION
KANSL3,0.913795
MTMR7,0.963393
HUWE1,0.927580
EYA3,0.786678
