GENE,ENVISION
PLCB1,0.787101
DPYD,0.836659
DSTYK,0.762927
SLC12A1,1.004340
TTN,0.752202
WWOX,0.992473
CSGALNACT2,0.823987
HAS2,0.915154
