GENE,ENVISION
CREBBP,0.906996
SDSL,0.767005
DPYD,0.910072
RHCG,0.926273
PDPR,0.860577
BMP2K,0.912524
SLC7A11,0.968575
TNIK,0.936332
CDC42BPG,0.978322
PIGT,0.945450
TTN,0.819020
DECR2,0.978580
STK38,0.835036
TNS2,0.856592
MSRA,1.019450
MAT1A,0.861620
UHRF2,0.981477
