GENE,ENVISION
LGMN,1.003570
B3GNT7,0.947076
DPYSL3,0.787101
PPP1R3A,0.792232
FUT2,1.055420
MST1R,0.955974
MARS2,0.817121
MKRN3,0.942142
FPGS,0.913727
TTN,0.759449
PAK6,0.777048
SLC43A2,0.752854
SSH3,0.962243
