GENE,ENVISION
ZCCHC11,0.874009
METTL3,0.975441
PGLYRP2,0.905533
CYP39A1,0.977795
SGPP1,0.833375
MAP3K15,0.809602
