GENE,ENVISION
GAL3ST1,0.815944
MECR,1.012940
AGPAT1,0.719785
HIPK2,0.764378
