GENE,ENVISION
GALNTL5,0.845454
GALK2,0.980982
STK11,0.962764
FASTK,0.914417
ABCC8,0.932585
TTN,0.863630
