GENE,ENVISION
LRRK1,0.711191
GCNT2,0.969911
MTR,0.853518
PLA2G12B,0.743054
STK11,0.519837
MARCH7,0.827895
C1GALT1,0.782086
GAD1,0.880056
