GENE,ENVISION
MSMO1,0.883997
HECTD1,0.918983
RDH5,0.782999
PDE3A,0.803688
MAN2A1,0.866123
CYP4F8,1.015200
CCNB1IP1,0.917085
