GENE,ENVISION
SLC4A10,0.975663
GUCY2D,1.083080
UGT3A1,0.973889
CSNK1G1,0.796670
TTN,0.841813
COPG1,1.005080
ACOT11,0.862694
