GENE,ENVISION
PHPT1,0.740702
AOC3,0.744925
WWP1,0.984535
ABCB6,0.824887
SLC15A2,0.973438
KAT6A,0.931238
