GENE,ENVISION
SLC28A3,0.991632
PARP8,0.857733
MOGAT3,0.857903
PIGV,0.937002
