GENE,ENVISION
NCOA3,0.835763
AANAT,0.540807
GPLD1,0.843373
WNK3,0.914074
SMYD3,0.900229
