GENE,ENVISION
CBR4,0.953387
SLC35D1,0.774601
