GENE,ENVISION
HSD17B10,0.845074
LMTK3,0.855905
ETNK2,1.012210
ILK,0.921083
