GENE,ENVISION
SIRT5,0.792496
MAN2A1,0.897170
SLC4A7,0.855690
SLC5A11,0.798505
TPK1,0.965827
CHFR,0.776699
GBA2,0.851330
STK38L,0.931917
RNF31,0.862350
