GENE,ENVISION
PIK3R4,0.870021
SLC29A3,0.898682
TTN,0.778646
