GENE,ENVISION
SLC23A1,0.919334
CYP46A1,0.577557
ABCD2,0.951877
