GENE,ENVISION
MAP3K11,0.807838
DHRS2,0.932416
PGM2,0.921516
