GENE,ENVISION
GPAT2,0.848315
SLC5A6,0.898617
CAMK4,0.991386
