GENE,ENVISION
SLC36A4,0.985815
NTRK3,0.862084
SARDH,0.822340
MGAT5B,0.909154
TTN,0.901624
SLC26A6,0.899743
USP26,0.913976
SLC26A9,1.016200
