GENE,ENVISION
DUOX1,0.769629
ADCY2,0.868310
PTPRH,0.921633
