GENE,ENVISION
ASH1L,0.868248
HECTD1,0.879707
ADCY1,0.808142
TPTE2,0.869830
GUCY1A3,0.765266
TTN,0.606779
GALNT5,0.991908
SLC5A9,0.861443
DOT1L,0.756688
PLA2G4F,0.969240
