GENE,ENVISION
SLC2A14,0.788878
SLC12A5,0.926615
UGT1A7,0.999351
CDK11A,0.825516
