GENE,ENVISION
HSD17B8,0.963321
HKDC1,0.930208
TNS2,0.844539
PBK,0.928014
TUT1,0.836136
