GENE,ENVISION
GALE,0.669726
LRP1,0.786678
NEU1,0.802610
CDC42BPB,0.979751
SGK2,0.857816
