GENE,ENVISION
USP47,0.885628
PTPN14,0.824823
