GENE,ENVISION
SIAH1,0.926053
PTK7,1.008930
NEK1,0.886998
STYXL1,1.017240
USP10,0.762927
SRMS,1.070640
TTN,0.857423
SLC43A2,0.992241
SRPK3,0.962096
DUSP27,0.886207
