GENE,ENVISION
ENPP7,0.815120
PNPT1,0.825523
EPHA10,0.720008
SLC36A2,0.996813
DHCR7,0.968337
RHAG,0.600887
SLC5A7,0.922688
HAO2,0.758196
SLC6A14,0.995539
