GENE,ENVISION
PTPRN2,0.873117
PMM1,0.723814
USP34,0.869045
