GENE,ENVISION
AMPD3,0.951885
AOX1,0.823856
MAP3K3,0.969089
