GENE,ENVISION
ITK,0.842984
PMPCA,0.916960
UXS1,1.003630
USP47,0.901759
RNF20,0.946493
HECW1,0.778646
ME3,0.976636
PLA2G4F,0.939533
SETDB1,0.884332
