GENE,ENVISION
ICK,1.008120
MYO3A,1.048980
PTK2,0.945322
PLCB1,0.645767
BIRC6,0.844606
USP47,0.911831
ATM,0.827218
BAAT,1.013240
PPIP5K1,0.975905
PADI4,0.783457
POLK,0.953705
SLC28A3,0.945196
PHLPP2,0.843373
POLN,0.987470
SLC27A6,0.993330
EHHADH,0.818227
TAOK1,0.908814
SETDB2,0.923235
TTN,1.069130
