GENE,ENVISION
AKT3,0.981847
USP34,0.898645
