GENE,ENVISION
MYO3A,0.816507
LRP1,0.837084
SLC6A7,0.771459
GNPTAB,0.912710
ALDH1L2,0.746263
CA14,0.574816
XYLT2,0.965790
CDK11A,1.028990
UGT2A1,0.950474
ELOVL1,0.986769
PLB1,0.868235
MYO5B,0.758763
RPS6KB2,0.972408
NT5DC3,0.875750
