GENE,ENVISION
EHMT1,0.971806
ACAD9,0.816010
CHSY3,0.791852
USP7,0.955640
USP9X,0.854455
ZC3HAV1,0.751971
TESK2,0.812530
TTN,0.909056
