GENE,ENVISION
BHMT,0.898451
BRSK1,0.846134
SLC4A7,0.969162
ATP11C,0.741008
AGPAT1,0.860622
STAMBPL1,0.910325
MUL1,0.904111
FUK,0.850176
