GENE,ENVISION
HERC1,0.889707
BIRC6,0.856145
ASH1L,0.815467
PPIP5K1,0.863197
MIB1,0.867947
