GENE,ENVISION
IARS2,0.944260
FKBP10,0.720434
ACSF3,0.984197
MYLIP,0.825523
FAAH2,0.881024
SLC25A28,0.864144
IRAK4,0.525048
