GENE,ENVISION
SLC6A3,0.895741
PTPRO,0.924829
PNPLA8,0.838819
NEDD4L,0.780062
