GENE,ENVISION
LRP2,0.807882
PECR,0.757477
UXS1,0.567104
PTPN14,0.765266
CTDP1,0.958426
PIK3R3,0.976424
TTN,0.672778
SLC22A11,0.975385
NPC1L1,0.903580
UHRF2,0.890947
