GENE,ENVISION
AOX1,0.858040
LPIN3,1.024510
ERBB4,1.001280
XPO6,0.791193
UBE3C,0.945041
STK31,0.907623
FIG4,1.007690
TTN,0.842859
WNK3,0.765392
DGKB,0.843920
KAT6A,0.933974
ATP2B2,0.854615
GAD1,0.891678
