GENE,ENVISION
RNF182,0.755458
LIPT1,0.876316
