GENE,ENVISION
PRKD1,0.892984
TTN,0.901642
GALNT2,0.676597
PARP9,0.980809
