GENE,ENVISION
SLC40A1,0.996511
SLC38A3,0.990994
SLC17A4,0.914476
RDH5,0.951336
ABCB6,0.634006
HECW2,0.769878
GALNT2,0.905520
