GENE,ENVISION
KMT2A,0.968189
ITK,0.921344
SLC14A1,1.028240
ACSM5,0.995703
CERCAM,0.911709
ACSM2B,0.977705
RBBP6,0.759547
HERC1,0.901313
UAP1L1,0.787456
DUSP22,0.827981
ABCD2,0.963845
ROR2,0.934888
CCBL2,0.941476
