GENE,ENVISION
USP26,0.918689
ERBB4,0.780142
SLC2A9,0.841282
SLC32A1,0.979624
SLC7A8,0.848583
XYLT1,0.952441
CYP26B1,0.993798
SLC12A6,0.894404
FRMPD2,0.815991
PTPRN,0.750770
EYA3,0.766082
PTPRH,0.930419
