GENE,ENVISION
NCOA3,1.000890
KMT2A,0.797508
TRHDE,0.926677
WWP1,0.861535
CTSF,0.970191
MARCH4,0.845794
USP35,0.817851
