GENE,ENVISION
SDSL,1.004360
CAMK1G,0.887165
EARS2,0.970946
PPIL4,0.901794
USP33,1.067980
FUT8,0.783233
