GENE,ENVISION
WNK3,0.770409
PMM1,0.895758
TTN,0.778646
