GENE,ENVISION
ACE2,0.846656
B3GNT8,1.005100
GALNT8,0.791285
TTN,0.836962
IKBKE,0.919785
