GENE,ENVISION
PARP14,0.978192
FMO1,0.975492
