GENE,ENVISION
DDR2,0.981600
SLC1A5,0.968181
CTDP1,0.956592
