GENE,ENVISION
POLE,0.982997
SLC20A1,0.949641
UBA3,0.763152
ERBB4,0.997380
