GENE,ENVISION
LPIN3,0.864552
TTN,0.874758
NT5C1A,0.780842
GNE,0.860881
USP25,0.871160
ABCC2,0.898825
