GENE,ENVISION
OGDH,0.802521
ADCY2,0.803039
CDK12,0.853689
PON3,0.811050
PPP2R2B,0.818073
CANT1,1.011490
CHST2,0.719288
