GENE,ENVISION
SLC20A1,1.016330
UBE3B,0.985219
SLC36A4,0.943711
CERK,0.967391
HECTD1,0.880418
SLC5A8,0.975122
ACAD10,0.906373
