GENE,ENVISION
SPEG,0.797314
MYLK2,0.841748
TECRL,0.869521
