GENE,ENVISION
LRP2,0.979118
GCNT2,1.016470
PPP2R2B,0.863903
PXDN,0.920472
KAT6B,0.821968
MCCC1,0.860636
