GENE,ENVISION
CHST9,0.992402
PPP1R1B,0.917651
BARD1,0.560624
