GENE,ENVISION
GPX8,0.755045
MKRN3,0.977231
GCNT1,0.809022
NEK11,0.854355
UHRF1,0.814704
