GENE,ENVISION
CAMK1,0.825693
MAPKAPK3,0.866475
ENOPH1,0.846085
WNK2,0.948588
GLT6D1,1.015310
SLC26A9,0.963529
SHPRH,0.999218
