GENE,ENVISION
SLC6A3,0.991726
MYO3A,0.917665
B4GALNT3,0.896134
FKBP4,0.999563
ATR,0.807487
TMX3,0.941726
POLN,0.923748
PXDN,0.737699
