GENE,ENVISION
PTPRN2,1.056320
GALNT13,0.951349
ALDH1L2,0.869316
PPM1K,0.860788
PLCXD2,0.863220
ST8SIA1,0.826118
SLC34A1,1.024230
STK3,0.732165
PHLPP2,0.911917
DHCR24,0.998491
