GENE,ENVISION
HECTD3,0.833131
SLC13A1,0.773769
EPT1,0.880251
STK31,0.789083
TTN,1.009160
MIA3,0.848630
