GENE,ENVISION
CDK19,0.920636
AGPAT4,0.954461
PLCD4,0.851697
PDE7B,0.909524
TTN,0.726924
HERC4,0.873033
