GENE,ENVISION
MKNK2,0.786292
POMGNT1,0.759474
LPCAT2,0.977087
PPIL4,0.889707
ABCD2,0.975091
USP37,0.932850
