GENE,ENVISION
ATP6V0B,0.814394
ALG8,0.963428
CHD9,0.780461
INPP5J,0.840593
HUWE1,0.943376
UGT2A3,0.766096
ELOVL6,0.854904
STAMBPL1,0.820357
TRPM6,0.839086
CHIA,0.993369
