GENE,ENVISION
MYO3B,0.976864
LGSN,1.012770
PYURF,0.734771
MGAT3,0.861557
PLA2G4C,0.902764
SLC26A11,0.926401
