GENE,ENVISION
ITK,0.928231
UBE3B,0.796912
WNK3,0.865085
PLK3,0.966274
ACSM5,0.833574
SLC36A2,0.940168
CMAS,1.013990
ATP1A4,0.802216
TTN,0.646477
PLA2G4C,0.957005
pk,0.924125
SLC17A6,1.003500
MAP3K15,0.991524
