GENE,ENVISION
SLC4A7,0.935504
USP40,0.990260
GRK1,0.842076
