GENE,ENVISION
ITPK1,0.966389
SLC17A8,1.022400
