GENE,ENVISION
SLC6A13,0.966984
CSNK1G1,0.951413
MSRA,0.993564
USP41,0.890377
USP37,0.834330
