GENE,ENVISION
PAPL,0.957451
DPH5,0.777772
PIGQ,0.790796
PLA2G7,0.845828
WWOX,0.772274
CHPF,0.860237
