GENE,ENVISION
CERS6,0.974577
LRP2,0.772177
SULT2A1,0.888325
ACE2,0.936962
PFKP,0.742154
