GENE,ENVISION
GAL3ST3,0.773214
SLC29A4,0.813272
PIP5KL1,0.840539
