GENE,ENVISION
LRP2,1.056390
RIOK2,0.796554
DOT1L,0.917520
LPIN2,0.825809
SLC10A2,0.932200
PTPN11,0.905739
NOX3,0.976498
TIPARP,0.968850
SETD2,0.893124
EP300,0.753072
