GENE,ENVISION
ABCD2,0.952938
HAO2,0.973663
GALNT15,1.012270
SLC12A6,0.776377
TTN,0.835846
