GENE,ENVISION
SARS2,0.716038
ASH1L,0.989996
KCNJ8,1.003610
ST3GAL1,0.548045
ASRGL1,0.830918
TRPM7,0.973805
