GENE,ENVISION
B3GNT4,0.969355
ST3GAL1,0.766000
TICRR,0.982924
DDR2,0.925148
AOC3,0.883616
SLC12A4,0.898470
MIA3,0.906275
SLC15A2,0.935610
