GENE,ENVISION
PDP1,0.840161
TTN,0.752854
USP35,0.872352
