GENE,ENVISION
ADCY1,0.965716
PON3,0.929482
USP16,0.844813
TTN,0.814761
TECRL,0.884373
PNPLA8,1.008720
CREBBP,0.571863
SRPK2,0.856788
