GENE,ENVISION
PIGT,0.908468
BAAT,1.061620
TTN,0.846886
SLC36A1,0.977954
