GENE,ENVISION
HERC1,0.979956
SIRT1,0.767475
GALNT15,0.964906
DPYSL2,0.844394
LMTK2,0.861221
KMT2E,0.859136
ABCA3,0.788327
BIRC6,0.955617
ATP8A1,0.766904
UAP1,0.953816
CDK15,0.922608
PADI1,0.942891
CSNK1G1,0.802197
ATP6V0D2,0.786285
GSTA5,0.898926
UBR2,0.835864
USP34,0.841744
USP35,0.849706
MDP1,0.997413
POLR1E,0.987706
