GENE,ENVISION
KMT2C,0.870647
TNK2,0.938243
MAP3K9,1.056270
LMTK2,0.943034
ADCY2,0.815822
SLC4A4,0.762331
EP300,0.736346
ATM,0.876700
AMN,0.878483
HEXDC,0.889352
SLC25A22,0.998778
FARSB,1.016790
TTN,0.676123
MCAT,0.946597
NSD1,0.914173
CHIA,0.859985
SLC4A9,0.843275
SETDB1,0.812975
LPIN3,0.926308
