GENE,ENVISION
ULK4,0.822329
TGM7,0.931814
