GENE,ENVISION
CYP4F8,0.963989
LBR,0.864388
MKRN3,1.002060
PLOD1,0.944769
LRP1,0.777772
