GENE,ENVISION
ADCY4,0.943776
ADI1,0.859359
FUT11,0.829140
EHMT2,0.963367
ALK,0.990950
UGT1A10,0.791624
AOX1,0.982431
PRKCE,0.852385
MYLK,0.813254
MOK,0.818912
STK31,0.980158
POLE,0.841650
STK33,0.832997
DUSP19,0.927490
TTN,0.910608
KAT6B,0.937126
CTBP1,0.800215
HAS2,0.836245
