GENE,ENVISION
ABCG8,0.816549
BHMT2,0.904795
TTLL10,0.988753
UBR3,0.858410
SETD2,0.852368
FUK,0.853944
TTN,0.866072
