GENE,ENVISION
LRP1,0.870060
PTK7,0.864524
STYXL1,0.784408
MYLK,0.910343
INPP4A,0.817450
GAD1,0.830471
B3GAT1,0.871102
TTN,0.826600
PJA1,0.856546
SLC25A28,0.870566
HIBCH,0.691067
