GENE,ENVISION
WNK1,0.984122
USP42,0.804382
SLC12A4,0.943318
HS3ST3B1,0.758177
CYP4F3,0.969113
TTN,0.835905
