GENE,ENVISION
DAGLA,0.788167
ST3GAL1,0.926222
PLCB4,0.855073
SLC22A16,0.963707
RPE65,0.925220
MLK4,0.900666
RIPK1,0.828621
PDE1C,0.948078
MAP2K1,0.963313
GPLD1,0.788952
TTN,0.977625
DUSP22,0.780589
NNT,0.800383
PTPRJ,0.783064
MANSC1,1.008810
