GENE,ENVISION
LGMN,0.967815
UBE3C,0.820450
PARP6,0.761650
RPAP2,0.934550
SLCO1B3,0.994848
MLK4,0.963413
USP43,0.993004
PTK2B,0.724487
MED1,0.978703
TTN,0.635201
B3GAT1,0.876428
TRPM7,0.982565
GAD1,0.810542
