GENE,ENVISION
PGAP1,0.991677
PTPRU,0.884686
ALK,0.839908
MOGS,0.993362
AATK,0.859812
LPPR2,0.833766
TTN,1.006330
ADO,0.893930
UBR2,0.788410
PHEX,1.013360
USP34,0.881024
GALNT13,0.726966
