GENE,ENVISION
CHST8,0.796554
PRKCD,0.657650
PADI6,0.949179
