GENE,ENVISION
INPP5J,0.789269
HELZ2,0.982679
ZSWIM2,0.960258
