GENE,ENVISION
B3GNT4,0.812178
ASH1L,0.787784
XPO7,0.768298
VRK2,0.766096
CDK16,0.929359
PTK2B,0.967786
KL,0.835044
MAST2,0.984399
POLR1D,0.957142
GLT8D2,0.839288
