GENE,ENVISION
SLC17A8,0.992846
ACSM1,0.961879
MYLK4,0.911521
ACSM2B,0.691604
TTN,0.920194
LMTK3,0.783515
DGKD,0.858415
HIRIP3,0.901054
