GENE,ENVISION
TRIT1,0.910493
EPHA7,0.815332
EIF2AK3,0.691179
PLCL2,0.984816
PON3,0.672979
PRKDC,0.844930
TTN,0.742154
MGAT4C,0.716156
PLA2G4F,0.918497
MTMR2,0.777772
ROR1,0.972926
