GENE,ENVISION
KAT8,0.621606
SLC4A10,0.845780
MTMR14,0.868818
PDE1C,0.951369
TKTL2,0.983740
HSPG2,0.769810
PADI1,0.856451
TGS1,0.912040
PNPLA7,0.915568
TTN,0.835883
PDE11A,0.854838
AICDA,0.963682
MAPK14,0.909699
