GENE,ENVISION
UROC1,0.875073
EPHA7,0.840233
BIRC6,0.855828
MYLK2,0.957136
NT5C1B,0.846860
RNF20,0.802798
