GENE,ENVISION
TSSK6,0.943882
SLC12A5,0.846404
GLRX2,0.815487
MKRN1,0.828068
AURKB,0.723988
USP35,0.837838
