GENE,ENVISION
LGSN,1.004310
BRSK1,0.893503
GK2,0.902991
DGKB,1.004290
TTN,0.818073
MIA3,0.974267
MOXD1,0.720931
NOX4,0.987056
