GENE,ENVISION
CSNK1A1L,0.847861
TSSK2,0.964706
KMT2E,0.906306
ACSS3,0.768230
ATP6V1H,0.787101
PIGM,0.790467
EIF2AK4,0.915077
SLC29A4,0.864109
MARK1,0.915609
PLB1,0.865607
USP31,0.757399
