GENE,ENVISION
HUWE1,0.863343
SLC2A13,0.769878
MIB1,0.875622
AMDHD1,0.828122
USP29,0.780327
CHST3,0.845677
TRPM7,0.871160
MTMR2,0.839152
