GENE,ENVISION
KMT2C,0.941408
POLR1B,0.773996
KAT2A,0.937837
