GENE,ENVISION
USP17L2,0.923248
MAN2C1,0.857168
SLC9A2,0.975520
PDE1C,0.856452
AMDHD1,0.752854
CTSZ,0.915205
TTN,0.975052
