GENE,ENVISION
LRP2,0.911593
RPS6KA1,0.745175
GRHPR,0.937651
TLK1,0.778225
SLC14A2,0.913457
TPTE2,0.813869
FKBP4,0.861416
MKRN3,0.992192
ATP1A4,0.623533
TTN,0.719288
HELZ2,0.988543
HECW1,0.781921
