GENE,ENVISION
CMTR1,0.964669
DGAT2,0.945749
PARP2,0.882794
