GENE,ENVISION
CA9,1.007090
ERBB4,0.751371
TRAF7,0.983013
ATM,0.787560
NTRK3,1.017730
CHST8,0.844813
ENTPD8,0.940028
UBR4,0.766123
