GENE,ENVISION
DNMT3A,0.759519
LMTK2,0.785912
AAK1,0.912028
RNF182,1.005980
KAT2B,1.005420
MAST2,0.906631
PPIL4,0.861416
HAO1,0.848673
ACOT11,0.971976
CREBBP,0.921040
