GENE,ENVISION
FASTK,0.971579
PUS1,0.999820
NT5C1B,1.020800
TTN,0.910851
