GENE,ENVISION
KMT2B,0.843373
ENPP7,0.783333
RPUSD4,0.913409
PDP2,0.773089
TTN,0.886537
CDC42BPB,0.662746
HAS1,0.880792
PIP4K2B,0.953278
