GENE,ENVISION
EPHA7,0.852901
NTRK3,0.904543
SLC12A6,0.955078
USP28,0.912359
UBR1,0.812226
GAL3ST2,0.889390
