GENE,ENVISION
DPYS,0.865761
GGTLC1,0.856456
TTN,0.782193
PDE10A,0.875750
