GENE,ENVISION
ATP6V0A4,0.985320
RNF139,0.851316
GUCY1A3,0.822477
SLC22A13,0.995525
