GENE,ENVISION
HUWE1,0.867043
SLC35B2,0.986867
UPRT,0.883391
