GENE,ENVISION
AOC3,0.810789
GK2,0.981891
MTR,0.939391
ATP8A1,0.881066
HECW1,0.798241
MLK4,0.950936
G6PC2,0.907252
MAPK15,0.780306
PLCH1,0.811075
TTN,0.678303
MGAT4C,0.913441
GRK1,0.924914
PRKDC,0.841241
CNDP2,0.876764
DUSP27,0.806164
