GENE,ENVISION
RNF149,0.906699
USP38,0.873633
NAPRT,0.911210
