GENE,ENVISION
TRMT11,0.816649
ALK,0.965711
ADCY2,0.862755
MYLK,0.850840
NDUFA9,0.970066
SLCO1B1,0.862062
RBBP6,0.910376
TNIK,0.766963
MKRN2,0.852092
TTN,0.955355
MARK2,0.661328
PLB1,0.833325
pk,0.982432
HAS2,0.860548
