GENE,ENVISION
CYP2S1,1.008200
BIRC6,0.818950
MAN1C1,1.057590
GNPNAT1,0.838441
RNF185,0.743113
