GENE,ENVISION
PPIG,0.908929
UGGT2,0.983903
PIP4K2C,0.975161
