GENE,ENVISION
GLT6D1,0.869483
PTPRN,0.826486
SLC5A8,0.717343
ATM,0.727171
PPP2R2C,0.931676
