GENE,ENVISION
KCNJ11,0.944890
MAP3K15,0.947992
