GENE,ENVISION
MYO3B,0.978153
GALNT13,0.822717
PPP1R3A,0.835523
KMT2E,0.889257
WNK3,0.982467
SLC32A1,0.801851
PRKAG2,0.790403
SLCO1B3,0.911915
SLC25A37,0.868434
TTN,0.845381
ACE2,0.920553
AACS,1.013260
SLC18A2,0.911269
