GENE,ENVISION
OGDH,0.856025
MTMR14,0.984059
SLC7A8,0.975949
LPIN1,0.957570
VARS2,0.750462
PTPRJ,0.992370
