GENE,ENVISION
SLC6A18,0.752031
CERK,0.822293
TOPORS,0.872326
