GENE,ENVISION
COLGALT1,0.846685
PTPN13,0.916691
RNF19B,0.768756
PLCL2,1.008330
PRPF4B,0.850983
CDK15,0.943252
TPH2,0.790220
PLCE1,0.866561
PTPN12,0.980465
USP31,0.915511
USP34,1.003210
SLC25A13,0.966389
CCBL2,0.869933
