GENE,ENVISION
SLC52A2,0.915841
LRRK1,0.798241
SLC32A1,1.016390
MAP3K4,0.751852
PTPN14,0.762927
GDPD2,0.985184
SLC25A37,0.855516
SETDB2,0.911473
PRKCQ,0.793938
USP34,0.855905
SAP130,0.777772
ACSBG1,0.935068
