GENE,ENVISION
MLKL,0.860873
RPE65,0.936454
CROT,0.735261
UGT2A1,0.918459
FKBP5,0.857511
MARCH7,0.818912
MARCH1,0.879263
SLC5A6,0.940695
SBK1,0.976072
CERS3,0.912728
PDE3A,0.891669
PDE3B,0.784841
DGKH,1.006670
CDC42BPB,0.591401
TECRL,0.790590
ACOT11,0.935984
UGGT2,0.877558
SLC32A1,0.836691
ASH1L,0.821593
PLCL1,0.691331
CHST2,0.819882
TNK2,0.965774
LRP1,0.832596
TBL1XR1,1.000110
ALDH1L2,0.799339
SLC17A6,0.952489
SLC22A9,0.773542
ATP1A4,0.897610
PTPRK,0.975263
PSKH2,0.942729
PTPRH,0.990688
