GENE,ENVISION
GRK7,0.795500
PSKH2,0.924926
