GENE,ENVISION
POLA2,0.984974
TSSK1B,0.883279
LRP1,0.767475
TRIM32,1.009220
RPS6KC1,0.895426
DPYS,0.885361
USP13,1.023710
PLCH1,0.903460
TTN,0.812875
DMPK,0.778290
UGGT2,0.773974
TRMT1L,0.948971
