GENE,ENVISION
MAP4K1,0.982426
ZCCHC11,0.927029
TGM3,0.907057
PPAPDC3,0.841648
BIRC6,0.886062
PLK3,0.941962
ATM,0.971166
HIPK3,0.803720
ACSBG1,0.847197
ST3GAL5,0.819517
CDK17,0.972687
CDC42BPG,0.928128
TTN,0.880083
AURKC,0.957486
NLK,0.851927
DOT1L,0.980287
SLCO4A1,0.899086
SPTLC3,1.002860
MARK1,0.773169
COL4A3BP,1.016570
ULK4,0.851185
SLC13A4,0.823847
UBE2E3,0.934792
SLC15A2,1.000770
SLC43A2,0.871160
TAOK2,0.762927
UBR4,0.846050
CHST11,0.810627
PTPRU,0.875750
SLC1A5,0.971912
SSU72,0.761760
