GENE,ENVISION
USP41,0.872489
GUCY2D,0.798453
DUSP10,0.920894
