GENE,ENVISION
AKR1C1,0.947397
PRKAA1,0.801781
RPS6KB2,0.998916
