GENE,ENVISION
SLCO1B1,0.821207
PTPRU,0.786678
HUWE1,0.854611
PARP16,0.731313
PFKFB3,0.733672
DDR1,0.959478
IARS2,0.819368
PDE3B,0.784841
KMT2A,0.936350
CDC42BPG,0.940409
ABCD2,0.897779
PARP6,0.873097
