GENE,ENVISION
MYO3B,0.857157
PTK7,0.995854
BIRC6,0.919381
AK7,0.915039
SLC4A5,0.839326
SLC4A7,0.915060
RNF217,0.779125
SLC22A9,0.954032
