GENE,ENVISION
SLC17A4,0.874176
MYO3A,0.989497
TMLHE,0.826900
NEU2,0.981099
SCD5,0.980430
