GENE,ENVISION
UBE2W,0.846134
CHPF2,0.817594
TTN,0.804268
AGPAT9,0.905002
NTRK3,0.982493
