GENE,ENVISION
CDC42BPG,0.862431
MAN2C1,0.848354
TTN,0.720931
RNF31,1.000300
