GENE,ENVISION
MDH1B,0.970095
KAT6A,0.779914
ENPP2,0.985305
NEK11,0.788423
RPS6KA6,0.839847
