GENE,ENVISION
EP300,0.795882
RBBP6,0.773096
SLC9A2,0.854447
