GENE,ENVISION
SLCO1B1,0.943260
SLC5A8,0.785103
CHST3,0.951297
PNLIPRP3,0.986224
HS3ST3B1,0.840550
