GENE,ENVISION
CHST11,1.015830
KCNJ11,0.770933
ALG3,0.938605
SYVN1,0.909449
ATP11A,0.941285
POLM,0.933592
