GENE,ENVISION
LRRK1,1.017760
SH3RF1,0.714710
LCLAT1,0.807256
PRKAG2,0.966642
TTN,0.944302
TECRL,0.953584
CWC27,0.845126
TNKS2,0.841893
UGGT2,0.812988
PTPRJ,0.798601
TAOK3,0.745042
