GENE,ENVISION
ALG12,1.012640
MYLK,0.778232
ACSBG2,1.021540
