GENE,ENVISION
KL,0.811449
TTN,0.900460
FABP9,0.883570
