GENE,ENVISION
LRP2,0.821697
PDE1C,0.885871
CHD9,0.774195
GPCPD1,1.002590
NTAN1,0.924903
