GENE,ENVISION
ABCG2,0.847234
HUWE1,0.869114
DGKH,0.797961
