GENE,ENVISION
ST3GAL3,0.777537
HECTD1,0.807159
WNK1,1.013900
PLCL2,0.866209
GLT8D1,0.733104
TAOK1,0.896272
