GENE,ENVISION
PAK7,0.850800
PHKB,0.971678
AQP3,0.825700
RNF31,0.831105
