GENE,ENVISION
CMTR1,1.014970
HS6ST2,0.945420
HS6ST3,0.915043
