GENE,ENVISION
KMT2C,0.883830
ACSS3,0.811817
SLC13A1,0.895507
PDE3B,0.770409
UBE2E2,0.968540
HEXDC,1.002980
