GENE,ENVISION
TRIM11,0.827880
NCOA3,0.915623
B3GALT6,1.010930
TLK1,0.867317
SPCS2,0.769239
GPT2,0.606679
BAAT,0.990112
CYP4V2,0.689275
UGT3A1,0.856881
PRKCE,0.933070
COASY,0.574702
CTDP1,0.953626
DGKB,0.950102
PADI2,0.872590
CDK5,0.853446
MARCH3,0.930470
MMAA,0.792614
UBR7,0.983982
NPC1L1,0.976924
