GENE,ENVISION
ALK,0.811951
SLC2A9,0.796931
HS3ST3A1,0.883469
PKN2,0.866101
ACSM5,0.975611
MAP3K4,0.860605
MARCH4,0.789838
TPH2,0.980396
TTN,0.817507
DIO2,0.846752
MYO5B,0.734528
PAK7,0.888144
