GENE,ENVISION
MYO3B,0.813888
LIPE,0.772371
GK2,0.823090
MGLL,0.857157
TTN,0.896125
POLN,0.914788
DUSP27,0.972138
