GENE,ENVISION
SMURF1,0.885995
USP48,0.877550
ALK,0.927958
OXSM,0.974671
SLC6A18,0.810178
CHDH,0.916850
TMLHE,0.939460
SH3RF3,0.963845
