GENE,ENVISION
FMO1,0.990819
NT5C1B,0.970463
MLKL,0.910545
