GENE,ENVISION
HAS1,0.781526
GALK2,0.860566
TRIM33,0.942863
NUAK2,0.639077
KCNJ8,0.868284
ACSL6,1.025120
SLCO2A1,0.822295
TAOK1,0.549136
SLC6A18,0.876225
SLC17A6,0.961434
TTN,0.869306
MERTK,0.951349
EPHA10,0.979091
GALNT8,0.765537
CMPK2,0.998978
HECW1,0.857157
