GENE,ENVISION
CYP4F22,0.979296
MAP4K2,0.978438
SH3RF2,1.003170
PPP1R3A,0.964559
DHRS9,1.016650
WNK2,0.780535
TTN,0.703657
SLC1A5,0.963228
PTPRH,0.895715
