GENE,ENVISION
KANSL3,0.964665
COASY,0.991320
SLC24A3,0.980398
POLR3GL,1.020460
NSDHL,0.977217
