GENE,ENVISION
ASPG,0.824232
ABCG8,1.110750
SLC17A7,0.838059
NOX1,0.923773
TTN,0.538210
USP28,0.815292
ACAD10,0.934243
PDE10A,0.976432
SAP130,0.996026
MAP3K15,0.897064
