GENE,ENVISION
CA9,0.935252
LRP1,0.769765
DDR1,0.713358
FHL2,0.921099
ATP1A4,0.639019
MED1,0.574995
GLB1L,0.560865
