GENE,ENVISION
CA9,1.009410
AASS,0.987889
SLC24A4,0.910171
SLC2A11,0.946552
TESK1,0.975910
TTN,0.814173
RNF20,0.775559
