GENE,ENVISION
ATP2B2,0.839128
USP16,0.851697
TTN,0.945450
GALNT2,0.682150
RNF128,0.848710
