GENE,ENVISION
PLD6,1.001930
CDK12,0.742154
INPP4A,0.831332
SORD,0.844564
CHPT1,0.981790
POLR3C,0.958737
TUT1,0.941133
PLIN2,0.960138
