GENE,ENVISION
NCOA1,0.952399
ALK,0.982581
SLC7A8,0.816735
EPHA7,0.909086
WNK3,0.934189
SLC17A6,0.957653
MAP3K12,0.968937
SLC52A2,0.898737
GBA2,0.986762
GALNT3,0.769810
SETDB1,0.849676
NLN,0.908844
