GENE,ENVISION
AMDHD1,0.902764
USP3,0.719785
MYLK,0.769342
GPCPD1,1.002590
