GENE,ENVISION
HMGCS1,0.791193
LPIN2,0.778492
GALNT13,0.941636
FUT7,0.950989
ATHL1,0.819051
PPP3CA,0.843204
ALG13,0.824562
