GENE,ENVISION
ATM,0.926077
PRKDC,0.720434
POLE,0.955362
ADHFE1,0.770409
SHPRH,0.915602
CERS3,0.782789
ST6GALNAC3,0.983940
INPP4A,0.803500
MARK4,0.638906
TTN,0.624314
pk,1.022340
KMT2B,0.679897
IPMK,0.958773
PIKFYVE,0.911585
HERC1,0.942257
HERC4,0.786678
EPHA10,0.990295
PIGX,0.952976
SETD5,0.935457
SUV420H1,0.931579
SLC15A4,0.918863
SLC41A2,0.916544
CDS1,1.042430
WWOX,0.772274
KAT6B,0.938159
KAT6A,0.702103
PRKD1,0.903021
