GENE,ENVISION
COLGALT2,0.813133
UBE4A,0.992429
HAS1,0.977257
TRIM33,0.861416
PTPN12,0.753821
PARP15,1.006750
SLC7A11,0.832030
GMPPB,0.973395
MAP3K11,0.828586
NOX3,0.916896
STK36,0.810944
NADSYN1,0.985077
SLC25A13,0.999947
TPSAB1,0.936163
SLC15A4,0.853652
DGKH,0.815035
