GENE,ENVISION
SLC6A3,0.860822
ATP6V1D,0.845165
GK2,0.767155
NEK8,0.801355
RNF25,0.942229
pk,1.001250
