GENE,ENVISION
HUWE1,0.820824
ME3,0.879172
