GENE,ENVISION
NEK7,0.842271
CYP2A13,0.977131
SLC13A3,0.908500
AK7,1.041370
TTN,0.697098
MAP2K5,0.844934
