GENE,ENVISION
GALNT14,1.101240
ATM,0.783209
BMP2K,0.871551
FGGY,0.854838
STK38,0.864240
PXDN,0.971537
SIN3A,0.759978
