GENE,ENVISION
LPIN1,0.846810
CDK13,0.742435
PRKCD,0.957794
SLC22A10,0.907487
VARS2,0.773481
TGS1,0.957433
TTN,0.773907
GMPR2,0.953831
PTPRK,0.842237
