GENE,ENVISION
HERC1,0.900850
CDK12,0.856204
DZIP3,0.767475
MGAT4B,0.869306
