GENE,ENVISION
LRP2,0.801994
ADCY4,0.973722
SLC52A2,0.947808
GRK7,0.956115
PARP10,0.920669
CYP2S1,1.002120
