GENE,ENVISION
UGT2A3,0.871989
NEK11,0.894353
SLCO2A1,0.915517
