GENE,ENVISION
PGAP1,0.975408
GALNT14,0.901049
HACE1,0.867317
