GENE,ENVISION
CYP3A43,0.782055
PTPRR,0.985757
EXT1,0.963944
TKTL2,0.862359
PIGO,0.861515
PIGQ,0.974656
TTN,0.786219
SLC6A13,0.786264
SPEG,0.786663
B3GAT1,0.894749
SIN3A,0.719785
IRAK4,0.786955
DUSP27,0.983033
