GENE,ENVISION
HECTD1,0.943472
SIRT2,0.751253
ASPH,0.810416
POLG2,0.969179
USP7,0.939849
ADHFE1,0.752854
POLN,0.938423
POLK,0.961849
NDST4,0.839127
USP40,0.758012
SLC5A11,0.976483
DGKB,0.916387
IRAK3,0.949398
ABCD2,0.954771
SLC38A4,0.974538
ACSS3,1.005760
SLC13A1,1.004590
MYLK2,0.957478
SLC27A4,0.949001
USP33,0.977068
TNNI3K,0.905076
SLC15A4,0.880564
TNK2,0.965719
PTPN18,0.819498
PNCK,0.889480
STK36,0.793377
