GENE,ENVISION
MAP3K9,0.892115
ATP2B3,0.861535
ADCY1,0.560074
ACSM1,0.690801
STRA6,0.907858
HUWE1,1.063020
HS3ST3A1,0.801692
MYLK,0.921039
NEK8,0.957388
DCLK2,0.881645
DARS2,0.978523
POLD4,0.781677
TTN,0.901020
POLM,0.916750
SETDB1,0.566406
RNF31,0.892109
