GENE,ENVISION
PANK1,0.841339
LRRK1,0.862934
KMT2E,0.919740
PPP2R3B,0.868111
ETFDH,0.901927
PDE3B,0.917653
CDC42BPA,0.563304
TTN,0.695854
