GENE,ENVISION
MARK1,0.766110
ADCY2,0.975862
ACSM5,0.485421
WARS2,0.819589
NADSYN1,0.870757
PLCE1,0.889361
TTN,1.000300
DOT1L,0.740794
ACMSD,0.928462
ADHFE1,0.860622
