GENE,ENVISION
MYO3A,0.857805
CDK18,0.627326
GBE1,0.962947
