GENE,ENVISION
EIF2AK1,0.911862
ABCC8,0.940082
HAS2,0.943842
