GENE,ENVISION
UGT3A1,1.003630
CHSY3,0.945549
LPPR4,0.850106
MARCH1,0.942140
LBR,1.018500
LGSN,1.017210
PANK4,0.858753
PPP1R3A,0.765932
DHRS2,1.013610
SLC12A5,0.759433
TTN,0.732554
AQP10,0.851082
HAS2,0.789510
STK11,0.740079
SLC14A2,0.853806
MTR,0.563884
STRA6,0.757734
DUPD1,0.962512
SLC24A2,0.824955
MAST2,0.905136
ATP2B2,0.896528
SLCO1C1,0.975315
SUCLA2,0.834133
PTPRO,0.874009
PLCE1,0.770733
