GENE,ENVISION
GALNT14,0.951551
WNK2,0.812735
PPP2R3A,0.913665
ACSM2A,0.547230
MOGAT2,0.718768
HS3ST3B1,0.745842
GTF3C4,0.866944
LDHD,0.868589
