GENE,ENVISION
MAP4K1,0.953845
ALDH1L2,0.847705
HS3ST5,0.576383
