GENE,ENVISION
CERS6,0.854770
EP300,0.802379
PTPRK,0.768586
TTN,0.977962
PLD1,0.849481
