GENE,ENVISION
AMPD3,0.947778
SNRK,0.887162
ACAD11,0.964133
USP4,0.848005
LRP1,0.754599
