GENE,ENVISION
MARCH10,0.956426
IARS2,0.774446
ART5,0.750770
ADCY2,0.863130
PRKDC,0.885817
USP13,1.000480
AKT3,0.940987
TTN,0.906803
ABCC11,0.956937
PTPRK,0.898198
NRF1,0.766044
