GENE,ENVISION
SPEG,0.851929
KMT2B,0.824179
SLC17A8,0.791274
SMG1,0.989381
USP42,0.870243
