GENE,ENVISION
USP31,0.934986
HECTD1,0.718498
UROC1,0.872893
PADI6,0.956180
