GENE,ENVISION
DUSP7,0.823078
ATP8A1,0.869045
PRDX1,0.805757
FAAH2,1.009850
