GENE,ENVISION
ATP6V1C2,1.000070
MAPK15,0.920646
