GENE,ENVISION
POLA2,0.871569
ACSM3,0.960600
TTN,0.729653
SLC5A8,0.972143
SPEG,0.924624
DOT1L,0.978721
NT5C,0.826550
