GENE,ENVISION
STYXL1,0.720434
PIGW,0.808790
STK4,0.756247
TTN,0.812066
TRIM32,0.889185
