GENE,ENVISION
CHST11,0.938980
PDE3A,0.856792
XPO7,0.868891
UGP2,0.761815
