GENE,ENVISION
ZCCHC11,0.910496
CHST2,0.866899
HUWE1,0.833524
MKRN3,0.899955
PADI3,0.789090
SARDH,0.824441
MARCH1,0.816740
POMT1,0.815151
UGT1A7,0.857316
