GENE,ENVISION
HERC1,0.998711
SLC2A6,0.855530
KMT2B,0.860488
