GENE,ENVISION
PNLIPRP3,0.949780
NTRK3,0.833806
MOCS1,0.861585
ATP6V0A1,0.849235
SLC8A2,1.004880
MTMR3,0.860113
AWAT1,0.816346
