GENE,ENVISION
B4GALNT4,0.866580
MARCH10,0.985940
ITPKC,0.989816
HECTD1,0.831048
BHMT,0.695640
BRSK1,0.826995
GCNT2,0.903372
HACL1,0.980403
LCLAT1,1.022310
PDPR,0.902153
AZIN2,0.935531
GBE1,0.970779
DPYSL3,0.921132
NT5C1B,0.731216
SLC8B1,0.886928
TUT1,1.009420
SPEG,0.818696
TTN,0.912030
