GENE,ENVISION
MYO3A,0.840099
MAP4K2,0.772991
SLC7A8,0.963032
CHSY1,0.825523
POLM,0.820541
CCBL2,0.959784
