GENE,ENVISION
SLC10A2,0.971417
B4GALNT3,0.860707
XYLT2,1.017670
AGPAT6,0.861177
DUSP22,0.844934
CCBL1,0.959997
ZCCHC6,0.756280
UBR4,0.825069
