GENE,ENVISION
LRP2,0.794446
MIOX,0.843373
TRHDE,0.868434
ABCG8,0.789878
CDK13,0.719288
PPP2R3A,0.858722
FUT5,0.977583
NAPRT,0.945715
PIK3R4,0.980414
PIK3C3,0.807159
