GENE,ENVISION
HAGH,0.987308
PTPN18,0.920748
TTN,0.977558
