GENE,ENVISION
LRSAM1,0.866056
CYP2A13,0.625716
MAST2,0.843373
MAP3K15,0.566998
CANT1,0.813543
PDE4D,1.010170
