GENE,ENVISION
LPIN2,1.009110
IARS2,0.873122
ATP8A1,0.867712
DHRS2,0.824124
CAMK2B,0.802774
