GENE,ENVISION
KMT2C,0.924006
TREX2,0.911480
PKN2,0.822801
SLC13A4,0.974948
SLC7A3,0.954943
ACSM2B,0.933396
SLC22A4,1.009750
MYO5B,0.764021
DUSP27,0.920988
