GENE,ENVISION
PCYT1B,0.958314
RPS6KA6,1.025720
ERBB4,0.917667
EPHA7,0.779217
RCL1,0.719785
LRTOMT,0.970315
USP9X,0.892229
MAP3K10,0.933250
MAST2,0.937907
PPA1,0.924196
HEPH,0.710695
DOT1L,0.916423
ABCC11,0.967564
