GENE,ENVISION
GK2,0.888483
PGS1,0.791479
RNF216,0.978559
LPIN1,0.918952
