GENE,ENVISION
CYP2A13,0.837714
PARP9,0.989710
SLC2A7,0.907765
GNPTAB,0.886264
AKT3,0.666502
ST6GALNAC6,0.998718
SETDB1,0.799618
