GENE,ENVISION
WNK3,0.908530
SLC2A9,0.916836
