GENE,ENVISION
KAT8,0.964492
ERBB4,1.053080
EIF2AK3,0.908438
HUWE1,0.827726
PDE3A,0.934560
ETNPPL,0.779819
P4HA3,0.752854
TTN,0.976495
SLC26A7,0.971143
PAFAH1B3,0.951026
