GENE,ENVISION
ICK,0.908339
KMT2C,0.822295
SLC22A6,0.954122
MAP3K9,0.864019
