GENE,ENVISION
DPYSL2,0.611658
ST3GAL4,0.974200
NEK1,0.855075
UBA2,0.756324
ACAD10,0.800224
ZCCHC6,0.763674
