GENE,ENVISION
PDE1C,0.810166
NOX1,0.731094
CHST3,0.832557
GPHN,0.844875
