GENE,ENVISION
PTPN21,0.984945
TRHDE,0.780930
ADCY2,1.004020
MYLK2,0.963644
MIB1,0.848678
WNK4,1.017250
TGM3,0.890441
MAST1,0.861451
PIK3R4,0.824419
MGAT4A,0.847173
TTN,0.792561
SLC27A4,0.878926
