GENE,ENVISION
NOX4,0.820310
PGAM5,0.866883
ALK,0.843221
SLC14A1,0.993904
CDK15,0.817672
