GENE,ENVISION
PNLIPRP3,1.014220
FUT10,0.856103
SLC10A6,0.802461
EPHA7,0.891577
ENPP7,0.782013
POLG2,0.893664
SLC24A2,0.771422
MKRN3,0.710431
PARP10,0.872895
CPT1C,0.807809
POLE,0.979532
NOX4,0.929264
MCAT,0.864843
PTPRO,0.962117
CTBP1,1.035460
PLA2G4F,0.851697
