GENE,ENVISION
PLA2G4C,0.859356
SLC26A9,0.949238
ROCK1,0.881711
