GENE,ENVISION
PDK3,0.923501
SLC6A18,0.798951
SLC46A1,0.861095
