GENE,ENVISION
GALNT7,0.976787
COPG2,0.960046
MARK2,0.960425
CAMK2B,0.912454
