GENE,ENVISION
SLC25A3,1.010640
ST8SIA4,0.993105
HIPK2,0.918170
SLC25A19,0.797961
PRKG2,0.873091
RNF185,0.944746
ADSSL1,0.791193
RNF20,0.927211
