GENE,ENVISION
KMT2C,0.858910
IARS2,1.020180
MAP3K9,1.082130
CHD9,0.843276
MYLK4,0.908078
USP3,0.792656
MYLK3,0.799865
ST6GALNAC2,0.912709
USP9X,0.846134
PLCE1,0.867128
AURKB,0.984330
PLA2G4C,0.893337
SLC26A11,0.876921
EIF2AK3,0.855866
ABCC2,1.017790
SRPK2,0.898045
