GENE,ENVISION
CYP4Z1,1.047760
DDR2,1.016430
PLA2G12A,0.997756
HAGHL,0.855892
P4HA3,0.980031
TTN,0.823419
GGT7,0.914594
