GENE,ENVISION
SLC38A5,0.779384
ASH1L,0.755898
SLCO3A1,0.911329
DPYD,0.831722
SLC13A1,0.971927
MKRN3,0.856848
GLYAT,0.989566
TTN,0.797877
ZSWIM2,0.971351
PRKG2,0.950177
WDYHV1,0.908253
