GENE,ENVISION
NEU4,0.812735
MYO5B,0.871167
MAP3K4,0.751852
