GENE,ENVISION
ACVR2B,0.937560
HECTD1,0.875865
SPCS2,0.861416
ATM,0.818744
RBBP6,0.820726
FARSA,0.973308
FAR2,0.917085
UBR2,0.970245
ABCC2,1.024920
