GENE,ENVISION
EXT2,0.979795
XYLT1,0.964013
AGPAT4,0.908151
MGAT5,0.964072
PTPRJ,0.777057
PAK2,0.946101
TTN,0.972956
