GENE,ENVISION
MARCH10,1.051110
ALK,0.908375
SIRT2,0.892627
BIRC6,0.886613
DUOX2,0.904035
PLCL2,0.997947
SLC2A12,0.918741
SDR42E1,1.009710
GUK1,0.844152
MTRR,0.984076
ZNF645,0.988514
