GENE,ENVISION
PCYT2,0.892666
STK3,0.551070
ST3GAL4,0.829952
