GENE,ENVISION
CYP4A11,1.016720
PTPN12,0.766082
PIGW,0.935761
ELOVL3,0.900801
CANT1,0.917084
AUH,0.964313
KAT6B,0.839968
WNK3,0.972409
AKR1C1,0.932976
SLC39A7,0.978240
