GENE,ENVISION
TICRR,0.764203
PPP1R3A,0.824277
EPHA7,0.886678
PTPN12,1.001920
ALG2,0.845643
PARP15,0.920450
HERC1,0.853613
MAPK15,1.059370
SLC35A2,0.950161
MGAT4B,0.911805
ACOT12,1.015660
TNKS2,0.845984
CREBBP,0.855581
