GENE,ENVISION
MYO3A,0.786853
ATP11C,0.855398
SLC29A2,0.873242
