GENE,ENVISION
PTPRU,0.823987
PDE3A,0.995612
UBR4,0.815582
