GENE,ENVISION
FLVCR1,0.769342
GNMT,0.854332
HACL1,0.904669
CARM1,0.948428
CBLL1,0.854838
SLC25A13,1.010520
PPP1R3C,0.919730
MAP3K1,0.860577
CPA6,0.959443
USP40,0.820835
CHPT1,0.797250
NLN,0.955125
WNK1,1.014030
TSSK2,0.928222
KMT2E,0.905657
PKN2,0.825998
CA9,0.979218
PPP2R2C,0.709633
LRP1,0.789861
NCOA6,1.000300
RPS6KA2,0.918038
SLC20A1,0.901980
CYP4A11,1.024600
PTPN11,0.973299
SLC22A12,0.867496
ZADH2,0.970273
STK31,0.958025
RNF123,0.785588
