GENE,ENVISION
PIKFYVE,0.924181
AK7,0.910958
DHCR7,0.871689
GALNT8,0.843323
FRMPD2,1.009030
ALG10,0.963624
