GENE,ENVISION
UGT8,0.963197
SLC22A8,0.936515
TICRR,0.760795
SLC26A6,0.943181
