GENE,ENVISION
MYO3A,0.896395
B4GALNT2,0.798860
SLC32A1,1.001400
PLIN4,0.836330
ACER2,0.942170
NCOA6,0.909622
ASAH2,0.994142
SLC12A5,0.828777
SLC12A6,0.964254
TTN,0.976194
DYRK1A,0.901275
DUSP6,0.561927
DGKD,0.897738
SLC25A2,0.825088
SLC24A4,0.970010
WNK4,0.951351
SLC26A7,0.960268
ROR2,0.694155
PLD1,0.876059
LGMN,0.972078
PSKH2,0.810153
MAP3K12,0.881157
MYBBP1A,0.877833
HLTF,0.841894
PRKD1,0.936704
