GENE,ENVISION
LRP2,0.766096
PXYLP1,0.937105
NHLRC1,0.835591
LMTK2,0.820674
SGK223,0.999313
DDR2,0.883407
IP6K3,0.827609
DCLK2,0.854424
TTN,1.002880
MERTK,0.979967
SRPK1,0.860622
UBR2,0.995295
PDE4B,0.923961
ALG13,0.928250
USP34,0.863358
