GENE,ENVISION
GFPT1,0.982283
PTPN21,0.954377
TTN,0.820773
STK31,0.979845
