GENE,ENVISION
AMDHD1,0.912141
PARP15,1.002790
MIA3,0.972527
