GENE,ENVISION
TTN,0.984594
USP37,1.003720
