GENE,ENVISION
HACE1,0.909865
PFKFB4,0.998951
SLC25A22,0.897062
MGAT5,0.856025
PLIN4,0.920224
AASDH,0.874152
