GENE,ENVISION
PNCK,0.953273
GALNT13,0.966640
INPP4A,0.918495
TTN,0.731332
NDUFA12,0.860788
PRKCQ,0.965880
