GENE,ENVISION
ATHL1,0.875065
MAP3K5,0.924052
