GENE,ENVISION
MARCH2,0.870730
XPO6,0.813881
FKBP3,0.896424
