GENE,ENVISION
GCNT4,0.981785
DNMT3A,0.766082
MAN2C1,0.974179
PTK7,0.832557
PIKFYVE,0.866800
AWAT1,0.986591
KMT2B,0.527127
MAPK6,0.691474
SUV420H1,0.830041
