GENE,ENVISION
USP26,0.821148
TGM7,0.813532
ALG3,0.982171
FIG4,0.736642
TTN,1.007430
BIRC6,0.942009
SLC26A9,0.999313
PPIE,0.804715
