GENE,ENVISION
GANC,0.971003
RNF123,0.754510
