GENE,ENVISION
KMT2C,0.917065
NIT2,0.982688
GALNT12,0.793478
MAP3K2,0.975815
SLC27A1,0.820462
UAP1,0.999668
RNF180,0.973643
NEK8,0.840023
AGPAT6,0.923492
SIAE,0.867470
DARS2,0.966876
TTN,0.905608
HKDC1,0.766082
STK24,0.795911
GFPT1,0.868111
TGS1,0.816457
MAPKAPK3,0.849623
STK32C,0.860577
