GENE,ENVISION
KCNJ11,0.539583
ACSM5,0.960204
MST1R,0.763956
GLB1L,1.022210
TNS2,0.855273
PAK7,0.860354
USP34,0.868327
UGP2,0.814516
