GENE,ENVISION
NCOA2,0.909320
LRRK1,0.821943
PPP1R3A,1.007570
GRK7,0.851697
ACSS1,1.018720
HERC1,0.799783
TGS1,0.970866
UGT1A8,0.960580
TTN,0.934071
PLB1,0.981259
HLTF,0.892691
PAK7,0.988143
