GENE,ENVISION
GFPT1,0.876316
ABCG2,1.023440
UBE3A,0.910951
