GENE,ENVISION
KMT2C,0.815563
PAN2,1.001130
SLC25A21,0.912338
ITK,0.948943
CYP4V2,0.808652
MST1R,0.999489
AWAT1,0.847309
SYVN1,0.861373
OCRL,0.874165
SARDH,0.924660
UAP1L1,0.977432
MED1,0.819940
USP36,0.934150
PLA2G4D,0.955059
