GENE,ENVISION
PLCD4,0.917549
SLC17A8,0.943812
TNIK,0.948880
