GENE,ENVISION
ACAD8,0.881466
MIA3,0.923210
