GENE,ENVISION
CYP4F3,0.836483
RPS6KA1,0.966857
RNF216,0.914405
TSSK2,0.995756
PTPRR,0.800383
SLC38A4,0.955125
EIF2AK1,0.983054
MYLK,0.947227
SLC4A5,0.881330
CYP2A13,0.911392
GUCY1A3,0.916516
SLC6A18,0.954260
TTN,0.864223
MGAT4C,0.762927
PIK3C3,0.802521
MECR,0.788121
PDZD4,1.002710
SLC27A6,0.973381
MYO5B,0.805570
SLC8B1,0.990003
