GENE,ENVISION
FUT7,0.878875
SLC12A4,0.858682
USP24,0.746665
TTN,0.825278
