GENE,ENVISION
PTPRU,0.814685
ALG9,0.884159
HELZ2,0.792253
PLOD1,0.845219
TPH2,0.978185
CTSF,0.853199
KL,0.969440
TIAM2,0.858445
HERC4,0.903542
PPA1,0.804384
TUT1,0.866475
TNKS2,0.917730
CREBBP,0.790728
