GENE,ENVISION
PLK2,0.868045
ACSF3,0.803715
