GENE,ENVISION
ATP11C,0.885045
LIPE,0.893479
SLC22A9,0.835683
B3GNT2,1.022570
