GENE,ENVISION
KMT2A,0.573123
ASAH2,1.022520
CHD9,0.881827
PTPN14,0.913457
TTN,0.909860
B3GAT2,1.032170
PPIE,1.019280
SLC4A8,0.937536
USP20,0.794918
