GENE,ENVISION
MYO3A,0.832650
SIRT2,0.827040
PLOD1,0.964485
ERBB4,0.781435
SLC38A2,0.919417
