GENE,ENVISION
PLCZ1,1.018640
EP300,0.910523
ATP1A4,0.951626
GALNT8,0.776615
