GENE,ENVISION
QTRTD1,0.731765
SLC14A2,0.824613
ACSM2A,0.683577
ETFDH,0.691612
MAP3K5,0.976550
HECW1,0.913381
USP29,0.797083
GALNT6,0.830567
SLC39A7,0.846822
