GENE,ENVISION
CYP26B1,0.872059
PTPRN2,0.904320
ALG2,0.786853
HERC1,0.671973
TTN,0.874839
