GENE,ENVISION
ABCA4,0.992071
ATM,0.992826
IRAK4,0.653113
