GENE,ENVISION
HEPH,0.884943
UBE3A,0.859325
EBP,0.830462
SLCO2A1,0.825434
