GENE,ENVISION
CPT1B,0.902168
SCARF2,0.752854
PEAK1,0.884292
HACL1,0.742874
EP300,0.778701
SHPRH,0.914545
