GENE,ENVISION
SLC52A1,0.773954
SLC4A10,0.944769
XPO7,0.945845
ERBB4,1.086460
STK32B,0.942932
EPHA7,0.879178
USP44,0.977345
SLC17A6,0.815876
HUWE1,0.789232
LATS2,0.737683
MAP3K12,0.856933
TTN,0.778646
SPEG,0.976422
SLC25A15,0.960985
POMT2,0.862742
RNF19B,0.860788
SLC8B1,0.809267
