GENE,ENVISION
FUT10,0.757477
DPYD,0.580661
AASS,0.863687
SLC7A7,1.024710
MAP3K1,0.719785
SLC12A1,0.817825
MAPK11,0.748225
MTMR7,0.975583
ST6GALNAC5,0.814355
RNF5,0.859224
ROR1,0.462704
