GENE,ENVISION
MAST2,0.937245
NCOA6,0.915568
MIA3,0.886766
