GENE,ENVISION
PLCB3,0.972249
DSTYK,0.767475
CLK4,0.917721
HUWE1,0.915738
ASPH,0.750782
NOX1,0.803045
RNF25,0.953754
EP300,0.750770
SETD5,0.824445
