GENE,ENVISION
PHPT1,0.924694
LARS2,1.007300
SLC24A2,0.995828
