GENE,ENVISION
EP300,0.902130
EHMT2,0.922886
PLCB4,0.868111
GALNT13,0.805361
PEAK1,0.769387
ALK,0.889610
SULT2A1,0.864286
USP47,0.911709
RHBG,0.743605
POLE,0.843770
PRKDC,0.856713
DGKB,0.816217
TNIK,0.864972
POLR3B,0.763930
TTN,0.832053
ENGASE,0.956479
USP28,1.006900
PINK1,1.002070
TXNRD1,0.918495
AKR1C1,0.806559
ETNK2,0.970068
