GENE,ENVISION
SLC26A8,0.752138
CYP2S1,0.613278
GALNT6,0.993644
GALNT13,0.822277
