GENE,ENVISION
SIRT3,0.875057
MTMR14,0.849779
PIKFYVE,0.768963
SLC7A3,1.011420
HERC3,0.938219
UBR3,0.752854
