GENE,ENVISION
SLC38A1,0.827485
NAGS,0.829795
SLC2A8,0.992773
DCXR,0.679565
SLC2A14,0.957371
TXN2,0.894148
QTRT1,0.978836
