GENE,ENVISION
CHIA,0.985426
POLR3C,0.997934
AHCYL2,0.811146
