GENE,ENVISION
TPTE2,0.945504
ACAT2,0.873271
ACSM2B,0.870428
FARSB,0.747768
HIPK1,0.822154
MGAT5B,0.889377
CREBBP,0.471694
