GENE,ENVISION
NCOA3,0.843749
PARP9,0.945831
RALBP1,0.976219
HSPG2,0.769810
EIF2AK4,0.820237
CNDP1,0.944747
CDK15,0.788960
TCIRG1,0.833678
PDP1,0.847697
ATP6V0A1,1.005350
STARD3,0.921973
PDE4B,0.754126
FUK,0.976200
