GENE,ENVISION
PLCB1,0.911164
DEGS2,1.017970
OTUD5,0.974070
