GENE,ENVISION
HAO1,0.942338
ABCA4,1.000300
SLC5A5,0.841918
PARP10,0.843859
