GENE,ENVISION
CREBBP,0.878255
ADCY2,0.985452
GALNT10,0.918954
BIRC6,0.769454
HUWE1,0.916933
USP36,0.915059
PDZD4,1.020150
TTN,0.857184
TESK1,0.921881
SETDB2,0.917139
