GENE,ENVISION
RNF128,0.983382
IKBKE,0.944413
