GENE,ENVISION
LRP2,0.916745
PIGQ,0.718892
ADCY10,0.760710
