GENE,ENVISION
CYP27A1,1.014570
PDE1C,0.962912
SLCO1B1,0.765684
SLC22A8,0.880390
MERTK,0.770409
