GENE,ENVISION
SLC10A2,0.803517
INPP5D,0.874009
ERBB4,0.919928
PARP14,0.917981
SLC9A8,1.014090
MAP3K4,0.868197
USP9X,0.718498
ACSBG1,0.864258
PLB1,0.932849
SLC35D2,0.785295
SLC6A14,0.976989
PTPRK,0.764008
TOPORS,0.920313
