GENE,ENVISION
TPH2,0.859576
PPAT,0.835084
SLC2A13,0.767635
TTN,0.814173
