GENE,ENVISION
UBE3B,0.761815
SLC6A20,0.963936
CES5A,0.917964
TESK2,0.860263
