GENE,ENVISION
SLC30A7,0.829144
UBR1,0.888696
USP15,0.863167
