GENE,ENVISION
PTPN11,0.712859
MAP3K9,0.764506
ENPP2,0.802370
HAS2,0.730077
