GENE,ENVISION
PTPRU,0.990153
ABHD6,0.959021
PRKDC,0.790834
