GENE,ENVISION
MAP4K3,0.913213
PTPRS,0.858410
NEU2,0.872798
PARS2,0.831841
ENPP6,0.858006
USP29,0.868162
ATP8A1,0.766044
IRAK4,0.930444
PASK,1.019970
MCCC1,0.816443
TTN,0.778646
MARK2,1.012660
GALNT5,0.946238
PHKB,1.000980
GAL3ST4,0.841083
PPCS,0.846620
UBR4,0.922270
