GENE,ENVISION
IP6K3,0.862136
SACM1L,1.001220
GCDH,0.911451
RPS6KB2,0.819168
