GENE,ENVISION
PDE11A,0.761815
FIG4,0.969631
ASAH2,0.791852
