GENE,ENVISION
NUDT9,0.897110
CHD9,0.971388
DHCR7,0.889385
HECW2,0.823540
HLTF,0.816771
ZCCHC6,0.745842
