GENE,ENVISION
HADH,0.943573
NSDHL,0.956000
PPP1R3A,0.949728
ST3GAL2,0.897444
GNPTAB,0.726176
PDE3A,0.854741
PRKDC,0.976390
DUOX1,0.722910
SLC25A37,0.870284
ATR,0.845067
HECW1,0.843373
NDUFA13,0.902385
GALNT5,0.844930
UBE2T,0.980581
ABCC2,1.049333
TTN,0.985731
