GENE,ENVISION
UROC1,1.011610
SLC7A3,0.868490
RPS6KB2,0.567887
TTN,0.957594
DAPK2,1.014150
RNF31,1.000790
