GENE,ENVISION
PDK3,0.827390
ABCC8,0.918508
ACSBG2,0.982945
