GENE,ENVISION
CHST11,0.966114
DGAT2,0.860315
