GENE,ENVISION
LRP1,0.755919
SLC2A13,0.720931
