GENE,ENVISION
PTPRH,0.951934
USP20,0.912575
SLC23A2,0.812861
MGAT4B,0.836967
