GENE,ENVISION
CHST11,1.015830
MYO3B,0.822440
PTPRS,0.979320
EXT1,0.987912
ADCY2,0.885292
VRK2,0.975881
SLC38A2,0.974466
NUDT4,0.901265
MAN2A1,0.816185
ATP11C,0.861373
TTN,0.769810
RNF216,0.779774
SETD5,0.982005
