GENE,ENVISION
PAK6,0.794524
RNF19B,0.814173
