GENE,ENVISION
NEK6,0.932170
CYP4F22,0.976309
PHYKPL,1.023730
ACSF2,1.026760
MST1R,0.921881
PTRH1,0.845902
SUCLG2,0.817000
CHPT1,0.874758
PRKD1,0.791485
