GENE,ENVISION
NCOA1,0.986769
UBE2J1,0.886210
PIKFYVE,0.874729
STYK1,0.789721
PARP14,0.932429
EPHA10,0.882191
UPRT,0.804103
PRKD1,0.876031
PFKP,0.828266
SLC29A3,0.972544
ATR,0.938507
HECW2,0.780459
SLC5A7,0.966836
PPWD1,0.828247
SPEG,0.940851
USP29,0.816276
SETDB1,0.990008
TMLHE,0.876029
