GENE,ENVISION
GDPD2,0.984786
SLC6A18,0.982856
DNMT3A,0.766044
SLC36A1,0.985255
MARS2,0.933971
