GENE,ENVISION
PTS,0.889827
HSPG2,0.767788
EYA1,1.010680
CHFR,0.866783
