GENE,ENVISION
LRP2,1.006580
LIPE,0.906201
LMTK2,0.833566
DYRK2,0.904226
PARP14,0.815688
CA14,0.952811
GPAT2,0.856613
PDK3,0.767475
ABCA4,0.990728
AGPAT5,0.767475
MOGAT3,0.774383
TECRL,0.868612
ACOT6,0.576414
APOA5,0.902752
DECR1,1.003030
SETD2,0.894214
PTPRK,0.907516
WWOX,0.941466
MCCC1,0.840332
GALNT3,0.767475
