GENE,ENVISION
PARP8,0.881066
OXSM,0.820726
SLC12A4,0.781572
ATR,0.855428
HGD,0.916252
ABCD2,0.959279
PTPRH,0.945847
