GENE,ENVISION
LRP2,0.907197
ABCG2,0.983941
PTPN13,0.914269
MARS2,0.732467
RPS6KB2,0.780520
TRIP12,0.822981
