GENE,ENVISION
LMTK2,0.858911
WWP1,0.974378
DDR2,0.865284
SLC2A8,0.846785
UHMK1,0.755919
FUK,0.909221
CAMKK2,1.012350
ANGPTL4,0.992146
TTN,0.913512
CDC42BPB,0.810545
USP31,0.860361
DOT1L,0.779343
PTPRJ,0.899229
