GENE,ENVISION
KMT2B,0.770592
LPPR4,0.944348
SETD5,0.757477
