GENE,ENVISION
ADCY1,0.996350
CHST7,0.977312
ENTPD2,0.984857
