GENE,ENVISION
AOX1,0.721974
UBE4A,0.949718
ACO2,0.938279
UROC1,1.062900
KMT2E,0.772927
PGM2L1,0.817507
USP34,0.945845
GPT2,0.743262
NTRK3,0.869709
ATP6V0A4,0.866914
SSH2,0.935425
CNDP2,0.973844
GSTA5,0.978436
COQ5,0.814010
TRPM7,0.773169
SHPRH,0.984270
PAK2,0.962866
