GENE,ENVISION
KMT2C,0.780700
ITPK1,0.527417
KMT2A,0.920108
USP3,0.890706
TLK2,0.746665
PDE1C,0.777140
HSPG2,0.886046
PTK2B,0.963296
PTPN14,0.868752
TNIK,0.847122
TTN,0.560524
PIGX,0.984269
UBR2,0.949449
EP300,0.896672
SLC22A9,1.003130
DPEP2,0.915104
HERC4,0.851404
