GENE,ENVISION
PLXNB3,0.955670
SLC38A1,0.935996
SLC7A11,0.987853
SLCO1B1,0.809828
POLR3E,0.757073
EPHA10,0.871619
GGH,0.586042
TAOK2,0.975204
