GENE,ENVISION
LMTK3,0.955744
SLC36A2,0.919638
PPAPDC1A,0.984016
USP51,1.029660
LPPR5,0.761046
UBA2,0.802886
TTN,0.853689
