GENE,ENVISION
SLC17A4,0.980591
ABCA4,0.983511
USP22,0.904463
HECW1,0.811076
SLC26A7,0.894240
