GENE,ENVISION
SLC5A5,0.950611
PAFAH2,0.852147
CHST14,1.016090
TTN,0.902991
TIAM2,0.850110
