GENE,ENVISION
SLC35B2,0.906199
PHEX,1.052510
UXS1,0.822776
