GENE,ENVISION
SLC4A10,0.935909
PTPRU,0.778646
KYNU,0.939300
PARP8,0.999525
NCOA3,0.953784
PDE1C,1.049840
DGAT2,0.861535
PTPN14,1.009540
AGPAT4,0.986401
PLCE1,0.916882
TTN,0.815634
ADPGK,0.820843
USP15,0.915387
NCOA6,0.916960
PDE4D,0.970894
HIBCH,0.831463
FUT2,1.099530
