GENE,ENVISION
LRP2,0.796554
PTPRN2,1.009780
PAFAH1B3,0.847236
PCK2,0.890379
