GENE,ENVISION
MYO3B,0.769810
PIKFYVE,0.898982
USP4,0.965110
SLC7A3,1.032420
ZC3HAV1,0.792657
PRKCQ,1.008100
TTN,0.896046
