GENE,ENVISION
MTMR3,0.980636
HS3ST2,0.857244
