GENE,ENVISION
CDK16,0.803613
PIK3R4,0.973069
SHPRH,0.851330
