GENE,ENVISION
KAT8,0.844231
RNF41,0.938848
PPP1R3A,0.945198
PIKFYVE,0.964559
