GENE,ENVISION
NCOA3,0.758018
SMG1,0.847626
ALDH1L2,0.859967
SLC24A4,0.869306
PFKP,0.855516
STK3,1.010420
TTN,0.851026
CDC42BPB,0.936245
MTMR7,0.935131
PLA2G3,0.940005
DPEP2,0.976215
PLCD3,0.985487
