GENE,ENVISION
OCRL,0.810929
ASH1L,0.769895
DZIP3,0.839875
CDS1,0.817141
USP29,0.871451
STK31,0.991908
PIK3R4,0.923513
SLC26A6,0.992597
PTPRO,0.823474
TYRO3,0.834157
ADCY1,1.013080
