GENE,ENVISION
ASH1L,0.749828
PIM3,0.720434
PPP1R3A,0.906138
PLD3,0.992024
BIRC6,0.853358
HSPG2,0.840465
B3GNT8,0.865797
PRKD1,0.935226
CREBBP,0.559093
USP37,0.911050
