GENE,ENVISION
SLC6A13,0.946746
GFPT1,0.896636
TAOK3,0.851583
