GENE,ENVISION
MMAA,0.764038
RALBP1,0.954099
PPP2R2C,0.709777
MLK4,0.797467
FRMPD2,0.910975
