GENE,ENVISION
LRP2,0.972254
AOX1,0.812735
MOCS1,1.007370
MAP3K1,0.754167
PTPRS,0.978150
