GENE,ENVISION
SLC26A8,0.941506
EPHA7,0.945845
HERC3,0.945845
PDE1B,0.861416
MAP3K5,0.720293
