GENE,ENVISION
CERS6,0.888144
HACE1,0.766044
PPP1R3A,0.980595
UBE3B,0.833131
UBE3A,0.854066
UGT2A3,0.908070
CERCAM,0.855075
GUCY1A3,0.804975
EZH2,1.046980
TTN,0.653483
SPEG,0.766401
PTPRN,0.852774
USP33,0.923546
DUSP27,0.682654
