GENE,ENVISION
BRSK1,0.786678
ULK4,0.956810
EPHA7,0.842466
WNK3,0.915389
PDE3A,0.820234
HAS1,0.783271
GDA,1.013750
TTN,0.855516
PDE11A,0.879507
PLIN4,0.977430
