GENE,ENVISION
SIRT1,0.831567
TGM3,0.938163
SDSL,0.781918
TTN,0.864907
USP31,0.937801
MTPAP,0.976080
