GENE,ENVISION
KMT2B,0.829043
SLCO3A1,0.823150
INPP5F,1.003930
TUSC3,0.832914
ALG2,1.006160
PTPN12,0.873385
KAT2B,0.947726
MAP3K4,0.982469
PKN1,0.847588
MGAT3,0.767965
HECW1,0.839207
MAP3K3,0.928534
STK38,0.886603
PXDN,0.778646
