GENE,ENVISION
SPHK1,0.769800
TTN,0.907602
USP15,0.858410
