GENE,ENVISION
PJA1,0.832899
PTPRS,0.747768
SIRT7,0.842303
MYLK,0.947554
