GENE,ENVISION
MAP3K2,0.923075
LPPR4,0.949661
PTPRS,1.077200
