GENE,ENVISION
SLC6A20,0.991379
ENTPD2,0.719914
STUB1,0.697109
PTPN13,0.818568
PPM1K,1.035320
XYLT1,0.977415
COQ5,0.889106
PLCD4,0.981993
DARS2,0.962308
PLCE1,0.871340
TTN,0.992292
CDK6,0.758042
TPK1,0.981639
RNF123,0.952099
