GENE,ENVISION
CPT1C,0.803773
ERBB4,1.010730
UBE2O,0.990112
ABCG8,0.989692
PDP1,0.767475
CLCF1,1.019690
THTPA,0.891236
