GENE,ENVISION
PTPRU,0.900094
POLR3C,0.957034
ERBB4,0.837971
