GENE,ENVISION
ENPP7,0.909887
PLCL1,0.888661
GUCY1A3,0.854843
ME3,0.790414
USP26,0.744754
ST6GALNAC5,0.790414
USP25,0.982137
