GENE,ENVISION
A4GNT,0.864962
SDR42E1,0.845375
USP29,0.862225
