GENE,ENVISION
RPS6KA1,0.963574
MYLK,0.769342
SAP130,0.902412
