GENE,ENVISION
LRP2,0.948376
L2HGDH,0.970330
PHKB,0.971318
HELZ2,0.914875
PLCL1,0.770704
