GENE,ENVISION
EYA1,0.573541
PPP2R2B,0.652534
