GENE,ENVISION
SLC6A20,0.829955
RNF19A,0.981631
