GENE,ENVISION
GSTO2,0.891067
MAP3K1,0.800383
NEK5,1.000510
