GENE,ENVISION
STUB1,0.759559
KAT6B,0.923006
PTPRH,0.987973
AGXT2,0.786906
