GENE,ENVISION
PDE4C,0.881850
GBE1,0.552785
