GENE,ENVISION
ACVR1,0.885154
SLC14A2,0.827535
SGK223,0.823439
PLCL2,0.734528
AAK1,0.854697
TTLL10,1.007370
DYRK1A,0.855073
PYCR2,0.983301
PNPLA8,0.822502
TAOK1,0.852215
