GENE,ENVISION
KYNU,0.893273
BRSK2,0.849107
CYP4F11,0.873870
LATS2,0.836506
MARCH1,0.779727
TTN,0.762494
GAL3ST3,0.823061
AKR1C1,0.912081
