GENE,ENVISION
ALDH6A1,0.758101
EIF2AK4,0.856204
SLC29A1,0.811565
