GENE,ENVISION
MYO3B,0.959971
ACVR1,1.014200
NEK1,0.986613
UBE3C,0.808636
NDST4,0.611818
USP40,0.908236
RHAG,1.011530
NT5C1B,1.046260
FIG4,1.038190
ACMSD,0.778819
LPPR2,0.995150
