GENE,ENVISION
PLXNB3,0.865004
EP300,0.776914
NNT,0.783704
AGPAT9,0.891414
