GENE,ENVISION
TRIM33,0.857788
CPA6,1.014330
DHRS9,1.010650
