GENE,ENVISION
RALBP1,0.767682
SUCLA2,0.907313
RBBP6,0.824621
STK24,0.874009
RDH13,0.789033
DAPK2,1.017400
UBR4,0.802521
