GENE,ENVISION
GALNT5,0.948857
SIRT1,0.860875
TGM7,0.852509
SPTLC3,0.900883
PDE3B,0.958059
