GENE,ENVISION
PRPF19,0.869045
MKRN3,0.982203
USP33,0.978670
PDPR,0.854838
MERTK,0.833418
