GENE,ENVISION
SMURF1,0.832954
RPS6KA1,0.950684
FKBP14,0.858722
ATP11A,0.858410
SLC5A7,0.782862
SLC15A2,0.993133
