GENE,ENVISION
SLC8A2,0.769810
EHHADH,1.007630
ETNK1,0.946089
