GENE,ENVISION
AOC3,0.915222
WWP1,1.018060
DUOX1,0.939593
HSPG2,0.752854
USP9X,0.996933
B3GAT1,0.786734
USP25,0.855318
DUSP27,0.977222
LHPP,0.952764
MAP3K3,0.910611
PIK3R5,0.770409
PNPLA7,0.971845
TTN,0.997784
HKDC1,0.857244
MTMR3,0.909891
MAN2C1,1.007300
WNK2,0.781884
ACSM2B,0.653533
NSD1,0.758835
MGAT3,0.762927
HELZ2,0.789187
SETD2,0.783333
USP35,0.743173
LMTK2,0.919189
PDE1C,0.944348
PNPO,0.754580
PTPRO,0.768388
CREBBP,0.800326
