GENE,ENVISION
NCOA6,0.856037
ITK,0.926151
SLC17A6,0.978631
RNF130,0.841221
NOX4,0.855073
ABHD6,0.850021
NT5DC3,0.764378
GSTK1,0.778817
