GENE,ENVISION
ICK,0.965821
INPP5D,0.830836
PIM3,0.986957
PIGG,1.001310
SLC12A7,0.968671
PADI3,0.864262
TTN,0.866711
PLB1,0.922840
SPEG,0.868694
UGT1A7,0.856294
PTPRJ,0.979996
