GENE,ENVISION
SLC15A2,0.961065
CYP8B1,1.027210
ELOVL2,1.020930
NCOA3,0.774254
