GENE,ENVISION
PLCB1,0.932491
COL4A3BP,0.782855
TTN,0.857830
CERS3,0.900590
