GENE,ENVISION
KARS,0.869306
HECTD1,0.941633
RALBP1,0.871160
EPHA7,0.943395
NTAN1,1.007430
POLE,0.921501
COASY,0.926556
LRRK1,1.017760
OLAH,0.878171
PRODH2,0.844823
DPYS,0.754610
SRMS,0.981597
MTMR2,0.965787
PNKP,0.963765
ACSS3,1.010870
MAST2,0.858722
USP16,0.892475
UBR1,0.940302
IP6K3,0.982688
NSD1,0.893753
KAT6A,0.845471
CHPF,0.924333
