GENE,ENVISION
LRP2,0.844046
LGSN,0.993312
INPP5F,0.953810
DSTYK,0.766904
WNK3,0.856760
OLAH,0.693223
WNK1,0.869306
PLCL1,0.846637
ACSM1,0.921708
AKT3,0.776514
TRPM6,0.791187
PHEX,0.915710
MTMR3,0.968797
CREBBP,0.834725
