GENE,ENVISION
DAGLB,0.970684
ACSS3,1.013590
SLC2A6,0.755319
DCLK2,0.964221
USP13,0.829809
STK36,0.803683
WNK3,0.774254
NPC1L1,0.868529
PTPRH,0.779752
