GENE,ENVISION
PIGQ,0.866074
TTN,0.862638
KMT2B,0.830710
