GENE,ENVISION
CPT1B,0.836241
RPS6KA6,0.789594
XPO6,0.766044
ABCG8,1.006590
DUOX1,0.929661
MAP3K4,0.925327
SLCO1B1,1.027700
FARSB,0.894300
SLC4A7,0.860641
ATP11A,0.768586
USP15,0.829291
CMTR1,0.971363
PARP4,0.844106
ROR1,0.865470
SIN3A,0.759907
