GENE,ENVISION
ALG8,1.016610
BIRC6,0.776159
ATM,0.765023
SLC7A3,0.985807
ROCK1,0.821950
TNIK,0.909851
GAL3ST1,0.992597
SLC9A2,0.900419
RGL1,0.861555
CDKL3,0.800773
SLC5A12,0.888557
SLC12A6,0.848680
TTN,0.401265
MARK2,1.001740
KMT2A,0.843410
TSSK3,0.757681
XYLT2,1.068360
SLCO2A1,0.811110
USP38,0.976245
SSH1,0.778589
MCCC1,0.840450
STK32C,0.747768
INPP5D,0.852088
SNRK,0.898964
POLE,0.993702
GDPD2,1.009140
AASS,0.770097
PNPO,0.988965
