GENE,ENVISION
ACOX2,0.982311
SLC10A1,0.927173
PEAK1,0.719329
