GENE,ENVISION
RWDD2A,0.890356
TTN,0.846575
PTPRJ,0.855550
