GENE,ENVISION
DYRK1A,0.839424
PPIL1,0.770409
PTPRS,0.974004
WNK4,0.805652
ERBB4,0.663069
