GENE,ENVISION
EP300,0.828478
PDE3A,0.874955
KMT2E,0.910964
ERBB4,0.539745
SLC39A7,0.781414
