GENE,ENVISION
CYP4F3,0.978059
IP6K3,0.936808
ZNF645,0.859328
