GENE,ENVISION
AOX1,0.814212
ACVR1C,0.713372
BIRC6,0.849512
NT5C3A,0.597886
AAK1,0.870131
UBR2,0.908400
EHHADH,0.736817
