GENE,ENVISION
MKNK1,0.993951
PLCB4,0.885628
NAAA,0.833134
ATM,0.865255
HERC1,0.994687
PLA2G7,0.998418
SARDH,0.834041
