GENE,ENVISION
ACVR1C,0.638843
BIRC6,0.751253
SLC26A7,0.834160
PLCB2,0.868529
G6PC2,0.978502
SLCO1B1,0.765684
PGLYRP4,0.843197
SLC9A5,0.857042
OGDH,0.840662
ITPKC,0.499863
TRMT1,1.004170
TNS2,1.008330
ZCCHC6,1.013290
PHKG1,0.727329
ART3,0.964237
WNK1,0.965389
STK3,0.991942
EPHA10,0.765559
AGXT2,0.939579
CSGALNACT1,0.866475
PXYLP1,0.874282
FUT10,0.916795
MMAA,1.020440
CMTR1,1.000240
