GENE,ENVISION
SPHK1,0.920148
HS3ST3B1,0.849383
RPS6KA6,0.889553
NTRK3,1.020190
