GENE,ENVISION
SLC9A5,0.912614
USP9X,0.768298
MAP3K11,0.972316
LPPR5,0.872769
ATR,0.963374
CTDSP1,0.910390
