GENE,ENVISION
CYP24A1,0.777880
DDR2,0.991060
SLC17A4,0.904142
USP9X,0.869045
TTN,0.885814
NT5C1A,0.972747
