GENE,ENVISION
RFK,0.681204
ATP6V1C2,0.951464
DUSP7,0.869232
