GENE,ENVISION
GGTLC1,0.948519
SLC7A8,0.960420
DSTYK,0.965999
UBE3A,1.016120
PARP10,0.862716
CYP2S1,0.952327
ABCC2,1.009670
