GENE,ENVISION
SLC26A1,0.952278
TKTL2,0.913785
