GENE,ENVISION
KMT2C,0.863993
HIPK2,0.860577
ATP1B4,0.818028
PIGW,0.920310
SDR16C5,0.996062
