GENE,ENVISION
SLC22A16,0.854446
STK3,0.929568
PNPLA7,0.944136
