GENE,ENVISION
LARS,0.862050
MINK1,0.768298
GCNT1,1.020180
CYB5R1,0.892669
PPP1R3A,0.990977
PTGES3,0.982470
ATM,0.779169
RPUSD4,1.018600
BHMT2,0.732862
TTN,0.853057
ATP11A,0.861535
GALNT8,0.910749
PLA2G4F,0.971178
IRAK4,0.859875
