GENE,ENVISION
PTK2B,1.025130
GK2,0.988540
