GENE,ENVISION
PLCB3,0.903847
SGK223,0.960964
GMPPA,0.863167
NPAS2,0.863993
NTRK3,0.841213
YARS2,0.865923
MAST2,0.762927
ATP6V1C2,1.019280
USP32,0.833131
