GENE,ENVISION
RAD9A,0.721035
TTN,0.989000
SACM1L,1.004690
