GENE,ENVISION
SLC4A5,0.883727
SLC17A6,0.805515
MED1,0.943472
MCCC2,0.943486
