GENE,ENVISION
SLC41A1,0.977273
NEK6,0.849255
CYB5R2,0.752854
MARCH10,1.021960
KCNJ8,0.735411
NCOA3,0.855075
HIPK2,0.761650
USP9X,0.844934
HSD3B7,0.989692
TTN,0.856204
ABCC11,0.971141
POLH,0.862412
