GENE,ENVISION
HERC1,0.780769
HYI,0.924829
NOL9,0.818840
ZCCHC6,0.965108
B3GNT3,0.980049
