GENE,ENVISION
KAT8,0.909542
PUS1,1.007360
BRSK2,0.916691
RNF20,0.735692
SETDB1,0.974983
EYA3,0.911226
