GENE,ENVISION
MAP3K10,0.913001
PTPN12,0.868752
USP25,0.912673
MIB1,0.889534
SIRT2,0.962928
