GENE,ENVISION
KMT2B,0.839152
ALG2,0.967835
UBE3C,0.861535
ZADH2,0.757399
TTN,0.973919
SLC25A19,0.984739
NSD1,0.627702
POLK,0.979185
