GENE,ENVISION
KMT2C,0.788952
MINK1,0.746665
LRP1,0.842732
SPHK2,0.992758
DDR1,0.916610
PTPN14,0.943019
FARSB,0.912074
PLA2G2E,0.898249
USP26,0.895248
SPEG,0.785124
NEK11,0.896714
