GENE,ENVISION
NCOA3,1.005310
MTMR3,1.028790
SLC13A2,0.931399
MYLK3,0.843011
ABCA4,0.947758
TTN,0.908020
TRIP12,0.862469
TRPM7,0.998595
ELP3,0.919196
RNF125,0.901098
UHRF2,1.036280
