GENE,ENVISION
MINK1,0.791805
USP22,1.018410
SLC5A12,0.974666
NOX5,0.936498
MACROD1,0.737071
COPG1,1.009360
SLC26A9,0.868952
SLC8A2,0.899287
PRKD1,0.854664
