GENE,ENVISION
SLC4A7,0.949697
SSH2,0.959959
