GENE,ENVISION
DDR2,0.885510
CDK10,0.866101
USP7,0.761650
