GENE,ENVISION
POMT1,0.769810
FMO1,0.957618
HSPG2,0.882163
FAM65A,0.786164
