GENE,ENVISION
B3GNT5,0.961674
TGM3,0.979501
PPP1R3A,0.922911
CAMK1G,0.992070
PARS2,0.887986
CAMK1D,0.764804
LRTOMT,1.046640
PIP5K1A,0.856472
ASPH,0.972207
EZH1,0.860577
PDPR,0.935709
TTN,0.922611
ZSWIM2,0.930306
HEPH,0.973885
B3GALTL,0.896183
SPEG,0.787144
PDE11A,0.904588
TNKS2,0.768298
USP34,0.881066
ADSSL1,0.937162
UBR4,0.850983
