GENE,ENVISION
HIPK3,0.892162
CMPK2,0.779083
TRPM7,0.890379
CAMKK1,1.009400
