GENE,ENVISION
QTRT1,0.815428
SLC26A11,0.926958
SLC13A5,0.973938
ABCC11,0.992131
