GENE,ENVISION
SLC13A1,0.771770
PTPRU,0.856704
POLI,0.871465
