GENE,ENVISION
ALK,0.807533
SLC6A14,0.944664
