GENE,ENVISION
PYCR2,0.990303
PDP2,0.796554
DMPK,0.620265
