GENE,ENVISION
EZH1,0.873947
GNMT,0.700349
HACL1,0.798998
ACSL6,0.961339
TCIRG1,0.982218
FIG4,0.958083
UST,1.014590
ABCA3,0.935150
SLC18A2,0.997208
TRPM6,0.912062
ATP2B2,0.949710
UBR7,0.956472
ECHDC2,0.970381
UBR4,0.983639
