GENE,ENVISION
RPS6KA2,0.689508
SMG1,0.766082
NOX4,0.918375
USP15,0.762093
