GENE,ENVISION
GALNT14,0.744877
MAP3K9,0.987046
RFWD2,0.904423
ADCY1,0.818214
STK33,0.873498
DUOX1,0.752854
PPM1K,0.858513
OXSM,0.915274
MLK4,0.812735
MAP3K11,0.856037
MKRN3,0.964902
LPPR4,0.996636
TTN,0.562591
PGS1,0.916272
IP6K3,0.990557
FUT9,0.773907
