GENE,ENVISION
INPP5A,1.020820
STK32A,0.861535
SCARB1,0.873995
