GENE,ENVISION
POLR3F,0.802311
MARK4,0.964247
MED1,0.871368
RNF217,0.993454
HSD11B2,0.970565
ENGASE,0.962552
