GENE,ENVISION
SLC25A28,0.820735
NAGS,0.983912
WNK4,0.837125
