GENE,ENVISION
TUSC3,0.974246
PLD3,0.979376
PIKFYVE,0.899651
HIPK2,0.859166
USP26,0.788677
CHST3,1.021630
ACAD11,1.005380
