GENE,ENVISION
PTPRN2,1.040410
LBR,0.963434
SLCO4A1,0.863340
ATM,0.928258
USP42,0.879087
HECTD1,0.867317
ALG10,0.987748
SAE1,0.897520
TARS2,0.894288
MARK2,0.852452
DUSP5,0.815779
USP26,0.952395
CHST5,0.969924
