GENE,ENVISION
GSTO2,0.829568
MARCH10,0.977257
CYP4X1,0.946110
RNF167,0.816982
THNSL1,0.831444
