GENE,ENVISION
PTPRN2,0.824744
ZCCHC11,0.881841
SLC2A9,0.877608
PARP16,0.860263
UBE4A,0.794114
TMX3,0.843625
EHHADH,0.713722
