GENE,ENVISION
ABCG2,0.859197
TLK1,0.861251
TRHDE,0.814761
DUPD1,0.939729
TNK1,1.008480
TTN,0.717386
MAP2K5,0.891577
