GENE,ENVISION
TSSK6,0.850604
RFWD2,0.719866
GALNT1,0.781032
ASAH2,0.868752
