GENE,ENVISION
RNF14,0.778036
RHCG,0.920165
COPG2,0.822272
ERBB4,0.898119
CDKL2,0.835513
