GENE,ENVISION
PTPRO,0.812159
SETD2,0.977366
PIGO,0.974099
