GENE,ENVISION
FKBP10,0.803979
UHRF2,1.032540
EXT1,0.896198
CDC42BPB,0.803329
