GENE,ENVISION
SLC6A3,0.990958
DAGLB,0.823063
VRK2,0.981007
BIRC6,0.955140
ATP8A1,0.925555
MASTL,0.881314
PDE3B,0.788089
SLC4A5,0.889820
TTN,0.839069
AATK,0.825700
SLC15A3,0.922521
KAT6A,0.960254
CHST5,0.971384
