GENE,ENVISION
SLC5A12,0.854173
PIK3R5,0.983782
CDC42BPG,0.952492
PARP9,0.909937
