GENE,ENVISION
RPS6KA1,0.914774
KYNU,0.560963
INPP5D,0.914405
XPO6,0.833131
USP28,0.769878
SLC26A7,0.756436
RARS2,0.904129
ATP11A,0.861535
TECRL,1.014290
PLCB4,0.796912
CHST6,1.008670
TTN,0.918087
