GENE,ENVISION
TSSK6,0.851153
PLCB2,0.753821
RNF185,0.938205
MAP3K1,0.786678
UGT2A1,0.999508
USP38,0.936737
CDC42BPG,0.991632
TTN,0.724553
PPIL6,0.900872
ATP2B3,0.971147
USP36,0.958574
