GENE,ENVISION
MYO3B,1.020400
HECW1,0.918203
LMTK2,0.858324
