GENE,ENVISION
MUL1,0.877791
PIKFYVE,0.816920
PTGES2,0.925506
VRK2,0.992279
CTDP1,0.956976
USP9X,0.912796
PDE1B,0.854225
pk,0.993960
POLL,1.022910
