GENE,ENVISION
LRRK1,0.860640
RPS6KA6,0.643859
PLK2,0.852901
NOX1,0.926940
STK31,0.855075
PADI3,0.769387
UGT2B28,0.890402
