GENE,ENVISION
ACSBG1,0.894473
PLXNB3,0.796554
QTRTD1,0.849706
PLD1,1.009730
LIPT1,0.956105
UCK2,1.080770
PRKAA1,0.952917
PDK1,0.889269
TTN,0.616346
NEK11,0.983922
SLCO1C1,0.905819
