GENE,ENVISION
SLC5A12,0.737819
PNLIPRP3,0.993867
PPP1R3A,0.948991
CAMK1G,0.648834
SDR16C5,0.785283
ATM,0.833892
PPM1K,0.900094
KL,0.916800
NUDT12,0.740573
PPIL2,0.719785
SLC5A11,0.796637
ADCY10,0.805466
NTRK3,0.842781
RNF216,0.977746
MGAT3,0.786086
