GENE,ENVISION
SARS2,0.816980
SLC4A10,0.914578
HS3ST5,0.562185
CDK17,0.997898
RBBP6,0.843317
