GENE,ENVISION
USP29,0.920011
USP15,0.916358
