GENE,ENVISION
RNF130,0.942932
SLC38A4,0.799226
KMT2B,0.760332
