GENE,ENVISION
NCOA3,0.835422
FMO1,0.866786
INPP5D,0.880628
VRK3,0.963626
SLC7A8,0.978261
ACOX2,0.672469
RPE65,0.985122
SCARB1,0.970665
HSPG2,0.815688
XYLT1,0.841491
TTN,0.927209
KAT6A,0.802461
DOT1L,0.946784
USP34,0.628290
HECW1,0.766904
