GENE,ENVISION
PTPRO,0.807296
PLCB4,0.884430
BMPR2,0.947105
