GENE,ENVISION
DZIP3,0.907012
TBK1,0.942199
CDK13,0.786441
INPP4A,0.983097
XYLT1,0.949460
CDK6,0.756333
ABAT,0.941121
