GENE,ENVISION
TNK1,0.985426
SLC13A3,0.897986
SLC22A10,0.989254
SLCO1B3,0.874758
TTN,1.009270
ATP11A,0.962145
FAR2,0.989404
PDE4B,0.701929
