GENE,ENVISION
SUV420H2,0.756522
PPARA,0.791595
