GENE,ENVISION
MELK,0.775372
POLK,0.984710
TGM7,0.946312
