GENE,ENVISION
MAST1,0.848168
CNDP1,0.950178
PARP9,0.926789
SGK223,0.836077
USP28,0.913443
