GENE,ENVISION
PAN2,0.968707
ANGPTL4,0.789301
MAST1,0.882163
HACL1,0.769387
PRKDC,0.980613
EIF2AK1,0.889019
PIK3R4,0.956204
TTN,0.866677
SLC27A6,0.836797
MTMR2,1.005310
FUT9,1.001150
PLA2G3,0.835469
