GENE,ENVISION
PIGT,0.935874
SSH3,0.767475
GLS2,0.912524
