GENE,ENVISION
STK32C,0.864262
HS3ST5,0.680470
FUT10,0.978459
RFWD2,0.842271
ADCY2,0.614650
ERBB4,0.834151
VRK2,0.978712
SLC22A16,1.061440
ACSM5,0.660357
MOGS,0.849521
UCK2,0.945108
SLC22A12,0.878547
GBGT1,0.817311
ECH1,0.768126
PLCH1,0.981762
TTN,0.671850
RDH12,0.881884
AURKC,0.970396
SLCO1C1,0.905431
RARS2,0.889189
