GENE,ENVISION
pk,0.993362
USP47,0.846134
TYRO3,0.745842
