GENE,ENVISION
PRODH2,0.983661
HSD17B10,0.823737
PIK3C3,0.889211
ST6GALNAC2,0.862024
