GENE,ENVISION
ACSS3,1.013710
ASH1L,0.812975
ERBB4,0.825153
