GENE,ENVISION
SLC34A3,0.852247
SLC14A2,0.774254
