GENE,ENVISION
PRKCQ,0.843265
EIF2AK3,0.938547
TTN,0.961704
