GENE,ENVISION
PLXNB3,1.003660
GALNT15,0.874105
PIGF,0.821312
SLC38A2,0.861376
HACL1,0.882881
PIP5K1A,0.941689
PNPLA3,1.016550
UGT8,0.713696
CWC27,0.979006
PDE11A,0.983447
UBR4,0.868111
