GENE,ENVISION
XYLT2,0.969319
TTN,0.908470
SLC5A5,0.922660
