GENE,ENVISION
PAN2,0.924243
CA9,0.872874
SLCO3A1,0.907100
AASDH,1.001690
PPARA,0.964594
PARP10,0.770527
FARSA,0.714396
SLC9A7,0.972130
NOL9,1.002260
COPG1,0.859185
DUSP15,0.822251
EHHADH,0.891061
DUSP27,0.782852
