GENE,ENVISION
MAP4K1,0.962193
SMG1,0.906730
B4GALNT3,0.915128
CDK13,0.813133
ACSM3,0.720498
DUOX2,0.845988
POLM,0.979337
ST6GALNAC3,0.955919
GALNT3,0.787267
