GENE,ENVISION
SUV39H2,0.729130
CAMK4,0.806007
CREBBP,0.878030
SIN3A,0.854838
