GENE,ENVISION
LRP2,0.786086
SAT2,0.988364
UHMK1,0.842098
SLC22A13,0.807371
RBKS,0.917549
IRAK3,0.982666
TOPORS,0.840173
