GENE,ENVISION
PPIG,0.916516
CDKN3,0.971693
AQP3,0.768623
ACVR1C,0.828044
