GENE,ENVISION
ACVR1,0.756104
ERBB4,0.904894
PLCL1,0.939380
