GENE,ENVISION
PADI3,0.824750
TTN,0.821899
PNPO,0.871193
