GENE,ENVISION
DYRK1A,0.768298
MBOAT2,0.843197
AKT3,0.770231
SLC24A2,0.874839
KAT6B,0.894449
