GENE,ENVISION
CES3,0.779501
OGDH,0.842271
EHMT2,0.902858
SGK3,0.768586
EXT1,0.851007
UGT8,0.789847
BIRC6,0.927172
PARP4,0.859030
ATP8A1,0.739411
GLYCTK,0.997937
YARS2,0.905097
SLC4A4,0.944772
TNIK,0.868111
SLC41A2,0.785635
SSH2,0.820516
A4GNT,0.979167
PLA2G4C,0.842408
EP300,0.910350
ACY3,1.006230
TAOK1,0.901849
NDST4,0.984715
