GENE,ENVISION
DPAGT1,0.880108
XPO6,0.819191
BIRC6,0.829252
MLK4,0.969245
HECW1,0.997535
ST6GALNAC5,0.773907
PTPRK,0.962779
