GENE,ENVISION
TRIP12,0.909031
DUPD1,0.815018
