GENE,ENVISION
STARD3,0.917330
GUCY1A3,0.978559
ICT1,0.862811
SLC25A15,0.970318
ABCC11,1.010830
