GENE,ENVISION
DUSP21,0.850404
HS3ST4,0.846153
USP34,0.793537
