GENE,ENVISION
MKRN3,0.798371
EP300,0.782044
PLCE1,0.588453
