GENE,ENVISION
USP24,0.743732
DUSP27,0.773848
