GENE,ENVISION
BCO1,0.794194
DIO2,0.867044
