GENE,ENVISION
INPP5A,1.028220
GAL3ST4,0.766021
PPP2R2B,0.945777
AASDH,0.874152
SUV420H1,0.864033
PXDN,0.905192
