GENE,ENVISION
HMGCS1,0.827704
SGK223,0.951287
AMHR2,0.960312
CHSY1,0.832177
TTN,0.715377
DUSP6,0.915047
