GENE,ENVISION
DUSP15,0.718768
USP31,0.849813
PMM1,0.862647
STARD3,1.019040
