GENE,ENVISION
OGDH,0.979270
RPUSD4,0.991623
GALNT8,0.797358
MAP3K15,0.793116
RNF138,0.809320
AARS2,0.974549
TAOK1,0.852214
