GENE,ENVISION
RNF14,0.850854
DPAGT1,0.977494
ERBB4,1.000930
PNPLA3,0.981013
SLCO1B3,0.750145
STK4,1.022020
SLC30A6,0.824613
