GENE,ENVISION
HKDC1,0.906180
SLC29A4,0.792414
SLC2A13,0.732952
LRP1,0.814173
CSGALNACT1,0.971922
