GENE,ENVISION
HIPK3,0.895411
PLXNB3,0.797467
EP300,0.852875
SLCO1C1,0.774254
