GENE,ENVISION
MAP4K1,0.943148
ALDH1L2,1.005090
NTRK3,0.971455
