GENE,ENVISION
CERS2,0.813133
USP36,0.923642
