GENE,ENVISION
DYRK1B,0.745842
ATM,0.873969
ETNPPL,0.909159
MDH1B,0.985773
TTN,0.789765
SLC26A9,0.868952
PIK3C3,0.868111
