GENE,ENVISION
RIOK2,0.867161
MARCH5,0.862269
XPO7,0.862469
UBE2J2,0.888352
CDK12,0.775158
PTPN12,1.000150
HELZ2,0.948048
USP10,0.719288
PLCL1,0.968830
SLC4A5,0.784535
MKRN3,0.734767
ADCY4,0.818471
CDK5,0.799355
USP29,0.942731
