GENE,ENVISION
PJA1,0.864230
SLC4A10,0.892145
GPLD1,0.786203
EYA1,1.011860
