GENE,ENVISION
SLC38A1,0.821572
DNMT3B,0.744889
PLCB4,0.855406
UGT3A1,0.762380
RWDD2A,0.955793
UGT3A2,0.943672
SLC32A1,0.918973
PIGK,0.960256
UGT2A3,0.946983
CDKL3,0.971143
PTPN14,0.891708
STK31,0.870545
SIRT7,0.881274
WHSC1L1,0.787741
ADCY10,0.900230
SLC18A3,1.031260
CTBP1,1.005540
FADS3,0.986915
SLCO1C1,0.861451
TAOK1,0.514108
SLC6A13,0.973145
