GENE,ENVISION
HAO1,0.958757
CHST3,0.754969
ABCD2,0.820332
