GENE,ENVISION
TARS2,0.976562
PARP9,0.888429
ASAH2,0.777733
EPT1,0.966701
TESK2,0.795488
SLK,0.880384
HEPH,0.849706
USP32,0.723271
NEU2,0.929837
SIAH1,0.975883
