GENE,ENVISION
ABCA4,0.937422
CYP1B1,1.014220
