GENE,ENVISION
SLCO3A1,0.977688
ATM,0.923769
CDC42BPG,0.844798
MAP3K14,0.849706
POLR3C,0.835377
HECW2,0.860622
HEPH,0.945450
TTN,0.893034
