GENE,ENVISION
PTPRS,0.719643
RHBG,0.981338
UBE2E3,0.891217
AZIN2,0.982115
PADI1,0.968887
TNKS2,0.896280
