GENE,ENVISION
SLC4A10,0.787988
PTPRR,0.789571
PPP1R3A,1.002020
ACSM5,0.841293
TTN,0.900455
PPID,0.785766
