GENE,ENVISION
PLCZ1,0.979516
USP3,0.963003
TNIK,0.867317
USP48,0.777772
CAMK1,1.009140
PDE3A,0.863181
NEK8,0.959700
PLA2G7,0.530109
SPTLC3,0.786614
DIO2,0.791349
TRMT1,0.944333
PJA1,0.794217
IRAK3,0.922602
KMT2C,0.977801
PLCB2,0.728805
PLCL1,0.868122
HAO1,0.739255
USP33,0.874758
TNNI3K,0.917040
SLC40A1,0.774715
ADCY1,0.816112
BRSK1,0.747768
ALDH1L2,0.909056
USP9X,0.905219
SLC18A2,0.930460
PDE4B,0.727317
CREBBP,0.540436
