GENE,ENVISION
PARP15,0.876683
NUAK2,0.689409
ATM,0.828822
CHST9,1.063460
GLT8D2,0.844137
DDR1,0.881403
ROR1,1.073360
