GENE,ENVISION
USP29,0.735261
SLC7A9,1.013850
ACSM1,0.842760
PDE1B,0.864602
PLK2,0.916358
CHSY1,0.901160
SLC29A3,0.844784
HECW2,0.879878
PTPRO,0.900822
