GENE,ENVISION
SLC9A5,0.939535
SLC25A2,0.996431
MOCS1,0.973687
PGAM5,0.915103
STK4,0.953759
TTN,1.007970
PPIP5K1,0.977934
USP31,0.820726
