GENE,ENVISION
POLG2,0.843323
MKNK2,0.789520
SLC6A19,0.836269
CYP46A1,0.833010
