GENE,ENVISION
ACSF2,0.837651
ACSM2A,0.638790
MAP3K12,1.011900
SMPD3,0.913580
RNF139,0.936549
SPEG,0.785463
