GENE,ENVISION
HUWE1,0.867036
SLC4A4,0.825651
WNK1,0.821968
HSPG2,0.846947
WNK3,0.868529
