GENE,ENVISION
LRP1,0.752854
ALK,0.917147
SDR16C5,0.972396
CDK12,0.765266
ACSM5,0.794034
LRTOMT,0.943732
USP42,0.943711
CHST9,0.944001
TPH2,0.872959
GPLD1,0.819932
TTN,0.809528
USP29,0.836041
