GENE,ENVISION
LRP2,1.021240
SPHK2,0.974575
SIRT2,0.982001
PDE1C,0.901522
PARP4,0.781063
PYCR2,0.752854
IL4I1,0.752031
