GENE,ENVISION
GCNT4,0.986611
GALNT2,0.797682
NTRK3,0.856623
