GENE,ENVISION
FMO1,0.916599
WNK3,0.948833
ACAD11,0.825673
ETFDH,1.008590
A4GALT,0.873421
MUL1,0.924499
SETDB1,0.924146
