GENE,ENVISION
LRP2,0.914700
CHST11,0.966114
WWP1,0.889782
NAPRT,0.978294
TRPM6,0.901615
NANS,0.986858
