GENE,ENVISION
PAK6,0.920412
NEK11,0.889271
CDK17,0.843039
