GENE,ENVISION
HS3ST5,0.697877
UBE3A,0.689022
TYRO3,1.000370
UBE2Z,0.942523
