GENE,ENVISION
KMT2C,0.926617
LMTK2,0.823036
DSTYK,0.995968
SLC24A2,0.894006
CDK10,0.969096
STK11,0.618356
PMVK,1.000730
NTRK2,0.826335
HERC1,0.776787
PDE1C,0.963734
PLCH1,0.764265
TTN,0.973142
