GENE,ENVISION
WNK1,0.830130
ACO2,0.868747
