GENE,ENVISION
LOXL2,0.841092
LRP1,0.839995
ATM,0.968747
TSSK4,0.823883
TTN,0.855681
ME3,0.921512
SLC27A6,0.739072
PAK1,1.013060
