GENE,ENVISION
MINK1,0.718498
GSTO1,0.852103
RNF133,0.885800
SLC9A2,0.921411
CHST9,0.864355
SLC12A6,0.856693
ATR,0.717764
NMNAT1,0.793212
