GENE,ENVISION
MARCH7,0.993127
EXT1,0.944569
PRKG2,0.859848
