GENE,ENVISION
MYO3A,0.781140
GBGT1,1.007020
SLC14A2,0.979631
SLC22A10,0.795855
TIAM2,0.963512
ABAT,0.915638
SLC18A3,0.990552
PDE4C,0.798158
