GENE,ENVISION
LRP2,0.866944
SLC6A3,0.876752
CERS2,0.890569
GALNT13,0.969918
PTK7,0.787385
EIF2AK1,0.939063
EXTL1,0.725270
HSPG2,0.919960
MAT1A,0.831640
CHST9,0.848847
DIO2,0.910117
WNK3,0.869306
CREBBP,0.620542
SGK2,0.961476
