GENE,ENVISION
PYCRL,0.845415
AASS,0.831579
ASPH,1.028970
SLC2A12,0.788952
TTN,0.915507
CHST2,0.957486
UBR4,0.843168
