GENE,ENVISION
ST3GAL3,0.825224
LRP2,0.914205
NCOA3,0.842419
RBBP6,0.823190
CTSF,0.796914
HIPK2,0.767475
CDC42BPA,0.780515
ALG13,0.819174
