GENE,ENVISION
ATP11A,0.899640
SLC17A6,1.007010
CA13,0.880534
PPP2R2B,0.920514
PADI2,0.851765
MED1,0.839436
SLC5A11,0.922253
ADCY10,0.982814
SLC5A7,0.864978
PDE11A,0.893503
DUSP2,0.817477
