GENE,ENVISION
B3GNT7,0.868424
PLOD1,0.797746
TICRR,0.950381
NEDD4L,0.880418
