GENE,ENVISION
MAP3K9,0.809409
KMT2A,0.966943
GAL3ST2,0.920412
PPP1R3A,0.995622
LCLAT1,0.871673
ENPP2,0.906721
USP7,0.746665
MAST1,0.905449
LPPR4,0.998197
RNF144B,0.711191
HS6ST3,0.788671
CES5A,0.900249
XYLT1,0.979850
USP33,0.856204
TESK2,0.975178
