GENE,ENVISION
EP300,0.773666
LPPR4,0.887472
PARP8,0.869086
SSH1,0.898302
