GENE,ENVISION
SLC12A5,0.984750
PASK,0.973489
