GENE,ENVISION
SPEG,0.914094
SLC30A1,0.839734
