GENE,ENVISION
PDK1,0.775158
SLC4A4,0.762331
PKN1,0.936420
SLC10A2,0.953961
TXNRD1,0.975386
