GENE,ENVISION
ULK3,0.973562
PLD6,0.864770
