GENE,ENVISION
PDE7A,0.718498
CHPF2,0.834807
ERN2,0.938990
TTN,0.848707
MYLK,0.962183
