GENE,ENVISION
KAT6B,0.869664
USP47,0.901759
