GENE,ENVISION
SLC51A,0.915929
CHST3,0.835185
USP32,0.825523
TTN,0.913107
LRSAM1,0.854889
