GENE,ENVISION
KAT2A,1.000270
LGSN,0.975111
DZIP3,0.814173
UBE2O,0.886522
SIK2,0.856204
MAP3K4,0.796848
SLC34A3,1.016890
ABCC8,0.790524
CDKL3,0.977825
