GENE,ENVISION
HERC1,0.908862
SLC47A1,1.020830
MAP3K5,0.773263
