GENE,ENVISION
INPP5J,0.849532
HUWE1,0.831789
DPYS,0.563368
TTN,0.834962
DGKB,1.069300
pk,0.815987
HLTF,0.786481
SETD2,0.976560
USP35,0.785658
GAD2,0.901502
