GENE,ENVISION
DDR2,0.885510
AFMID,0.810778
SLC24A3,0.789461
USP9X,0.817240
GALNT8,0.981014
PAK6,0.946943
AASDHPPT,0.593975
