GENE,ENVISION
ACSS3,1.003390
CDK12,1.007200
