GENE,ENVISION
KAT8,0.932371
PNLIPRP3,0.949780
PTPN21,0.977899
LPIN3,0.932882
TTN,0.894045
GGT7,0.882984
SHPRH,1.003660
PPA2,0.850718
