GENE,ENVISION
OCRL,0.862312
USP49,0.963848
ANKRD1,0.989628
SLC14A1,0.985286
ABCG8,1.017460
SLC2A14,0.935908
NSDHL,0.991541
SLC5A11,0.911044
MGAT4C,0.774557
IKBKE,0.876981
CHDH,0.860875
CMTR1,1.005580
RNF216,0.777519
PSKH2,0.911382
DUSP2,0.995639
