GENE,ENVISION
GK2,0.920784
XYLT1,0.919737
