GENE,ENVISION
PGAP1,0.742828
PTPRU,0.856204
SIN3A,0.844934
GALNT13,0.878664
SLCO1C1,0.726146
UBE3C,0.834381
EARS2,0.822295
UGT2A3,0.967567
DYRK1A,0.881066
RRM2B,0.932078
TTN,0.787291
MGAT4C,0.819716
USP15,0.769009
SLC18A3,0.908159
PDE11A,0.908541
SLC27A6,0.825672
RNF146,0.905472
