GENE,ENVISION
LRP2,0.817589
ZNF645,0.778971
ATM,0.928358
PLCH1,0.735261
TTN,0.859224
PIK3C3,0.899240
USP34,0.975768
CREBBP,0.851124
