GENE,ENVISION
LRP2,0.606729
RIOK2,0.975579
OGDH,0.824528
POLE,0.989859
PNCK,0.953273
NEK1,0.818568
TRIM32,0.967322
MOGS,0.816804
SLC13A3,0.884358
LOXL2,0.916622
RNF41,0.732320
NDUFA9,0.979631
SLC12A7,0.926807
MERTK,0.866833
ATP2B3,0.860577
DUSP16,0.797456
NEU1,0.957377
PHKG1,0.860577
