GENE,ENVISION
ADI1,0.720931
CPT1C,0.870788
PTDSS2,1.011650
PIK3R4,0.975344
SLC18A2,1.013220
SETD2,0.897681
