GENE,ENVISION
ACVR1,0.534434
PDE3A,0.996639
CDKL3,0.952627
USP38,0.835748
GALNT5,0.912454
TAOK3,0.791150
