GENE,ENVISION
LRP2,0.878816
NEK1,0.975806
PNPT1,0.909233
SLC2A12,0.986667
ABHD12,0.881274
AGXT2,0.794832
KAT2B,0.990341
ACSF2,0.888488
