GENE,ENVISION
LRP2,0.718768
LARS,0.901981
TARS2,0.975240
SH3RF1,0.864262
SLC13A1,0.742609
GK2,0.921193
ACSM5,0.837311
CES3,0.983021
CDC14A,0.910172
RPS6KB2,0.983483
HSD3B7,0.899860
PADI3,0.916710
HECTD1,0.989167
DGAT2,0.899432
MTRR,1.012430
PDE6H,0.996966
USP22,0.796956
PUS1,0.932126
