GENE,ENVISION
PAK7,0.589644
USP34,0.861177
CDC14A,0.917605
