GENE,ENVISION
NSDHL,0.962015
NTRK2,0.950382
ANGPTL4,0.817365
TTN,0.819003
ZSWIM2,0.971351
COPG1,0.713207
RNF216,0.892951
UBR4,0.882208
