GENE,ENVISION
STK32A,0.767475
POMGNT1,0.986650
CDK11A,1.013360
FUT5,0.930092
TNIK,0.867317
ZC3HAV1,0.922809
AASDHPPT,0.884418
NEK11,0.951184
DUSP27,0.851697
