GENE,ENVISION
CAMK1,0.901574
PIGQ,0.863678
ELOVL3,0.943495
SLC8B1,0.785859
