GENE,ENVISION
MECR,0.994201
DNMT3A,0.751253
SARDH,0.994846
