GENE,ENVISION
WNK2,0.953424
PIGB,0.907148
ACSL6,0.969210
DYRK4,0.796554
