GENE,ENVISION
UBE4A,0.766528
SLC14A2,0.837463
CDKN3,0.974127
WNK3,0.886972
ELOVL2,0.954081
SLC15A3,0.701634
SETD5,0.998816
CREBBP,0.854974
