GENE,ENVISION
TGM3,0.918493
ACSM5,1.007040
MYLK,0.803979
CAMK2B,0.471935
YARS2,0.893593
QPCT,0.975811
GDE1,0.769983
