GENE,ENVISION
KAT8,0.710242
PDE4C,0.919316
GUCY2D,0.819439
ADCY10,0.745782
PLD1,0.787361
ATP1B4,0.963907
PRKCE,0.974238
RNF180,0.825829
ROR2,0.961622
PRKDC,0.803979
HECW2,0.860577
HERC3,0.906310
KAT5,1.005900
TTN,0.915661
MERTK,0.849840
NANP,0.826919
ACAD11,0.983194
DUSP10,0.780225
PADI4,0.855649
