GENE,ENVISION
SLC9A5,0.849503
COLGALT1,0.869879
TICRR,0.980202
USP3,0.761218
NTRK2,1.015880
HERC1,0.836717
TTN,0.843373
MARK2,0.786660
