GENE,ENVISION
PTPRN,0.939314
CYP4Z1,0.929717
KMT2E,0.878602
MANSC1,1.064490
