GENE,ENVISION
KAT6A,0.941261
PLIN4,0.826602
LRP1,1.009560
B3GNTL1,0.855721
PIGG,0.766904
TSTA3,0.913845
POMGNT1,1.010750
EIF2AK3,0.844873
PLK2,1.017690
PARP12,0.864729
CYP26B1,0.967844
MDH1B,0.788253
NT5C1B,0.852071
PNCK,0.588397
TRIP12,0.861177
SETDB1,0.960236
