GENE,ENVISION
AOX1,0.824747
KMT2A,0.754599
CYP4F22,0.953048
SLC7A7,1.014770
UBE3C,0.729807
HUWE1,0.866766
PDE7A,0.992319
ABCA3,0.874078
CDC42BPB,0.857745
HMGCLL1,0.988879
UGT2B28,1.017390
NOX1,0.972940
PAK7,0.672033
