GENE,ENVISION
SLC26A8,0.943141
BIRC6,0.976922
