GENE,ENVISION
KMT2A,0.961087
ALK,0.821464
CROT,0.895493
CDK17,0.792236
MAN2A1,0.830374
MTAP,0.923772
