GENE,ENVISION
LRP1,0.839676
ADCY10,0.918720
