GENE,ENVISION
SLC41A2,0.947094
CTDSPL2,0.802058
HSPG2,0.973523
GMPPA,0.821968
ACSM2A,1.003280
SLC22A10,0.944689
