GENE,ENVISION
HKDC1,0.766904
WDYHV1,0.920148
MYLK2,0.978049
TTN,0.856204
