GENE,ENVISION
PTPRN2,0.938338
CYP4F11,0.915914
PLCB4,0.852901
LIPG,0.938630
PGS1,0.851026
USP10,0.994356
LPPR5,0.979126
PADI2,0.931465
PLCH1,0.839282
TNS2,0.795750
ATP6V0D2,0.959027
DUSP27,0.977432
TTN,0.557718
