GENE,ENVISION
HECTD2,0.910307
FUT11,0.904779
MAP3K9,0.859662
ADCY1,0.909518
GCNT2,1.013950
ABCG8,1.022980
GSTA5,0.818568
OTUD5,0.863319
FRMPD2,0.865968
PDE3A,0.977802
UGGT2,0.975627
HSD3B7,0.828317
SLC18A3,0.756348
UST,1.012050
MARK1,0.825523
SLC26A7,0.943527
DGKB,0.873536
POLM,0.835873
SLCO1C1,0.824561
EHHADH,0.853114
TTN,0.824784
