GENE,ENVISION
NCOA2,0.777772
SLC5A12,0.819151
PNLIPRP3,0.861350
GNPNAT1,0.824660
PPP1R3A,0.841987
CDK13,0.767100
PPP2R3A,0.956698
MARCH5,0.916763
LPIN2,1.020780
TTN,0.710309
HECW2,0.843373
RNF152,0.802209
UBR2,0.810771
CHIA,0.942574
ROR2,0.983466
REG3A,0.905924
