GENE,ENVISION
SLCO1B1,1.012080
XPO6,0.719785
