GENE,ENVISION
KMT2C,0.740573
PPCDC,0.987784
CTPS2,0.782805
DUOX1,0.926966
DUOX2,0.936472
FARSA,0.978380
SSH2,0.958250
SLC29A2,0.911703
AURKB,1.005120
MYO5B,0.844289
USP34,0.766904
