GENE,ENVISION
ASH1L,0.925629
USP49,0.936472
DUOX1,0.977153
ATM,0.928733
CNDP2,0.786853
TTN,0.967942
AARS2,0.787877
ABCC2,0.864362
