GENE,ENVISION
ACER2,0.955693
DGKZ,1.023280
DAGLB,1.004680
PLCZ1,1.014420
ATM,0.848276
SPEG,0.941493
SLC8A2,0.917605
SLC4A8,0.943570
DUSP13,0.588093
