GENE,ENVISION
LRP1,0.816543
RHAG,0.869220
MBOAT1,1.005920
FIG4,0.983979
RPUSD4,0.876424
HERC3,0.994658
SSH1,0.730746
SLC5A9,0.901704
CHPF,0.770409
ACSF2,0.869236
LMTK2,0.744102
