GENE,ENVISION
SLC34A1,0.884833
TIAM2,0.838316
ST6GALNAC1,0.865859
TYRO3,0.811110
