GENE,ENVISION
PPIL2,0.859709
PTK6,0.978107
HUWE1,0.843926
FKBP5,0.909916
TNIK,0.776201
MAP2K5,0.994251
B3GAT1,0.967168
SLC4A8,0.927537
SLC9A4,0.767808
LOXL2,0.864262
RGL1,0.775359
PNPLA3,0.942623
STK24,0.979996
ACOT11,0.984080
PIKFYVE,0.905260
SLCO2A1,0.802949
PASK,1.021260
TIPARP,0.874758
PLA2G4C,0.968475
FUT11,0.775355
INPP5F,0.978463
MARCH4,0.895632
SLC4A7,0.782951
TLK2,0.893278
MYLK,0.909677
CDC14A,0.933640
ABCA4,0.913227
