GENE,ENVISION
HERC1,0.940475
SIK2,1.002120
SCD5,0.742814
