GENE,ENVISION
MAP3K2,0.831201
PLCZ1,0.962042
POLE4,0.911096
