GENE,ENVISION
LRP2,0.747187
STK32B,0.864948
ST3GAL2,0.992616
SLC2A8,0.820964
CDKL4,0.942001
SLC9A8,0.942366
MAP3K5,0.814180
SLC6A19,0.975735
BCO1,0.911018
ENPP7,0.923975
HIBCH,0.733544
