GENE,ENVISION
DNMT3A,0.855406
SLC6A7,0.939523
PARP9,0.950483
MTR,0.532142
PDIA6,0.719785
SLC12A5,0.859216
PIK3R5,0.974951
ABCA3,0.983217
PAPD4,0.973145
GALNT5,0.746780
EP300,0.759603
