GENE,ENVISION
CHPT1,0.939382
GAL3ST3,0.939854
SLC20A1,0.967390
RNF123,0.870050
POLI,0.882316
