GENE,ENVISION
LRP2,0.837707
PTPRN2,0.887115
PTPN13,0.853184
ALG3,1.019870
MAP3K1,0.820450
COPG2,0.866633
GTF3C4,0.953558
