GENE,ENVISION
LARS,0.869306
COQ6,0.958683
FMO1,0.826888
ULK4,0.899614
UXS1,0.880960
PTPN12,0.893302
EIF2AK3,1.010910
PTPN14,0.967390
SLC12A5,0.812703
LRP1,0.770409
ILKAP,0.980191
AWAT2,0.963128
TNS2,0.846791
CMTR1,0.843279
NNT,0.868045
AARS2,0.896346
AGPAT9,0.851105
PAK1,0.983082
