GENE,ENVISION
COLGALT2,0.863278
HECTD2,0.891742
AADAT,0.955281
KMT2E,0.900308
ACOX2,0.967092
UBE3A,0.969669
ACSS3,0.997791
PLCE1,0.904260
TTN,0.901626
PPIE,0.878626
ABCC11,1.013750
HECW1,0.834103
