GENE,ENVISION
LDHD,0.789870
LGSN,0.919673
PIK3R3,0.689838
TTN,0.975260
