GENE,ENVISION
MYO3A,0.827725
ALG13,0.919720
MTHFD1L,0.947792
NADSYN1,0.909860
ACSBG1,1.020870
PRKDC,0.975372
CES3,0.936653
PLCH1,0.863131
TTN,0.915928
MTMR7,0.865978
SLC27A6,0.779936
UST,0.975478
MCCC1,0.975916
SSH3,0.803445
