GENE,ENVISION
PTPRN,0.904783
SLC22A6,0.934298
PHEX,0.941158
