GENE,ENVISION
CYP4A11,0.848248
PLD1,0.951011
CAMK2B,0.847638
EZH1,0.889707
MED1,0.857784
MAPK6,0.925678
MERTK,0.797250
