GENE,ENVISION
IRAK3,0.839234
PHEX,0.927597
RCL1,0.763152
PARP10,0.881970
PTK7,0.973994
