GENE,ENVISION
DNMT3B,0.766579
SLC4A10,0.824748
FUT5,0.979150
EP300,0.734312
EPHA7,0.919957
MIB1,0.939873
MARS2,0.892796
GNPTAB,0.983232
RBKS,1.036250
ABCB6,0.799233
SLC15A3,1.010200
PTPRH,0.774991
TTN,0.829235
MARK1,1.003500
