GENE,ENVISION
NCOA2,0.811811
PTPN11,0.966935
UGT3A1,0.866037
B3GNT8,0.854534
TTN,0.848461
NPC1L1,0.977818
