GENE,ENVISION
SLC17A7,1.073180
SLC17A8,0.815937
ALK,1.045680
PPP1R3A,0.941724
POMGNT1,0.857268
USP3,0.922924
USP42,0.899046
TTN,0.792561
FUT9,0.926880
ABCC11,0.940462
