GENE,ENVISION
PADI1,0.965120
NSD1,0.881941
