GENE,ENVISION
PARP8,0.981528
CYB5R1,0.778646
PRKAA1,0.987954
DHCR7,0.990945
ABCC8,0.769771
GLB1L,0.948663
