GENE,ENVISION
POLE,0.940475
GBGT1,1.001270
TTN,0.856592
BCO1,0.776436
