GENE,ENVISION
EZH2,0.855746
ADCY10,1.009670
