GENE,ENVISION
ROR2,1.006640
GTF3C4,0.900244
