GENE,ENVISION
ST6GALNAC3,0.866140
SETDB1,0.814574
SSH3,0.913512
