GENE,ENVISION
TRHDE,0.753328
CYP8B1,0.864631
DUOX2,0.970942
PDE3A,0.913101
NAPRT,0.857042
ABCC8,0.969956
SLC4A8,0.792663
