GENE,ENVISION
FMO1,0.779300
MAP3K1,0.846957
POLR3B,0.792236
RARS2,0.919484
SLC5A9,0.947342
CHPF,1.051540
IRAK4,0.707319
TAOK3,0.943923
