GENE,ENVISION
PIPOX,0.833173
ATM,1.005920
MAPK11,0.811597
AURKC,0.784921
NSD1,0.817548
TTN,0.781867
