GENE,ENVISION
KMT2C,0.818510
EIF2AK4,0.755141
PRKDC,0.791187
SLC12A7,0.985452
SLCO1C1,0.895211
SLC6A14,0.929087
