GENE,ENVISION
EP300,0.942105
B3GAT1,0.713182
MED1,0.769810
MARK2,0.848131
BARD1,0.974599
