GENE,ENVISION
TRPM6,0.851697
PLCXD2,0.719288
CDKL3,0.973786
