GENE,ENVISION
IARS2,0.817590
UBE3C,0.769591
USP38,0.771146
MGAT4C,0.941286
EPHA10,0.937048
PTPRJ,0.874534
