GENE,ENVISION
RPS6KA2,0.759381
SPCS1,0.920836
ABAT,0.980098
COMTD1,0.523483
ACSF3,0.823278
HAS1,0.843738
ANGPTL4,0.982020
PI4KB,0.965383
TTN,0.950592
CDC42BPB,0.825747
SPEG,0.804700
PTPRH,0.911677
SLC23A2,0.886484
IP6K2,0.951422
TYRO3,0.813133
TSSK3,0.929661
