GENE,ENVISION
ATP1B4,0.862519
MAPK6,0.727956
