GENE,ENVISION
GALNTL5,0.999894
HMGCS1,0.833131
GRHL1,0.906994
FAM65A,0.788541
ACOX2,1.013940
METTL3,0.921528
SLC4A7,0.796554
PDE7B,0.739522
ABCA3,0.987865
ADCY10,0.970900
KAT6A,0.758687
POMT2,0.888638
