GENE,ENVISION
ACVR1C,1.017530
HUWE1,0.861158
TNIK,0.855073
UST,0.930656
PLCH1,0.916532
IKBKE,0.971620
SLC30A6,0.861535
NEK11,0.791187
TRHDE,0.857856
DHRS4,0.524546
PIK3R4,0.760782
TTN,0.807475
DGKB,0.965909
ERBB4,0.740372
ENPP6,0.901274
GMPPA,0.907965
MYLK2,0.895560
ACSM2A,0.893874
PADI3,1.004340
SLC15A2,0.809791
UBE2F,0.839152
GLB1L,0.775879
STK39,0.875236
