GENE,ENVISION
MYO3A,0.758012
SLCO3A1,0.971953
TLK1,0.856025
TICRR,0.764778
LIPG,0.952777
TPTE2,0.967782
PDE1B,0.865560
GDPD2,1.010850
LRRK1,0.853574
NOX5,0.894074
TTN,0.640963
ABAT,0.669609
RNF128,0.946101
PTPRO,0.937351
HEPH,0.951203
ZNF645,0.974591
SSH3,0.920065
