GENE,ENVISION
MYO3A,0.756688
BIRC6,0.923522
CROT,0.977051
CHSY3,0.783351
PRKDC,0.991889
SLCO1B1,1.085170
USP29,0.830781
CHIA,0.898712
SHPRH,0.995548
USP47,0.908733
PIK3R5,0.751983
PNPLA7,0.932561
TTN,0.877628
SLCO1C1,0.805815
GGH,0.841165
SLC7A3,1.005430
TPH2,0.874009
USP15,0.813133
UBR4,0.855073
ST6GALNAC3,0.992479
TAOK3,0.935234
STK32B,0.866693
ADCY2,0.977676
MST1R,0.651068
