GENE,ENVISION
LRP2,0.744925
SLC12A5,0.831790
MYO3B,0.818912
ACSS3,0.972697
ACSM5,0.873460
DUSP28,0.723685
TTN,0.782553
AGPAT1,0.864332
