GENE,ENVISION
DGKZ,0.760105
KARS,0.920424
AOC3,0.977366
SLC2A14,0.943139
DNMT3B,1.016670
STK31,0.767475
WNK2,0.941031
PPP2R3A,0.945072
NCOA3,0.821593
UBR3,0.909210
RNF185,0.881638
CDK3,0.800252
HECW1,0.856204
PPIG,0.893711
PTPRN,0.861535
EP300,0.773666
EHHADH,0.856530
MGAT3,0.857157
