GENE,ENVISION
KMT2C,0.846698
LRP1,0.860622
TTN,1.011320
ATHL1,1.006210
