GENE,ENVISION
SLC12A5,0.969434
SMG1,0.754167
LRRK1,0.788429
DUOX1,0.932662
UGT3A1,0.969747
PHKB,1.069850
SLC23A1,0.917059
POLE,0.824528
TRIP12,0.768298
SLC30A6,0.990397
B3GAT1,0.864016
HS3ST2,0.766082
