GENE,ENVISION
SUCLA2,0.851461
CHST2,0.855122
ALG1,0.969360
G6PC3,1.004980
CHST6,0.971155
