GENE,ENVISION
SLC27A1,0.961618
AGPAT6,0.769009
POLK,0.860761
ZCCHC6,0.913318
FKBP8,0.869272
