GENE,ENVISION
ATP6V0A4,1.020090
LPCAT2,0.808024
MARCH7,0.936780
B3GNTL1,0.977770
CYP4A11,0.867104
