GENE,ENVISION
ATP8A1,0.909369
SLC12A5,0.948557
SLC4A4,0.931570
PDP2,0.864802
ABCC8,1.008750
TTN,0.989276
