GENE,ENVISION
PADI4,0.839843
STK35,0.768623
