GENE,ENVISION
MYO3A,0.776599
CSGALNACT2,0.777772
EZH1,0.860577
GALNT12,0.858031
HERC1,0.854838
