GENE,ENVISION
KMT2C,0.854355
TTN,0.875241
PANK3,0.911272
HECTD1,0.807957
PLCB4,0.936099
TRHDE,0.973332
NDST4,0.944101
ERN2,0.985820
NOX4,0.975905
FGGY,0.902869
PLB1,0.743605
SLC15A2,0.768382
GALNT5,0.787373
PDE4B,1.000870
UBR4,0.828819
UBR1,0.974766
GALNT3,1.005860
DUSP27,0.980325
