GENE,ENVISION
HACE1,0.719643
PPP1R1B,0.786678
PIKFYVE,0.909399
DSTYK,0.848786
DPYD,0.667957
SLC36A2,0.954562
TGM3,0.495998
ABCG8,0.994917
ABCA4,0.987578
EZH2,0.891031
ACSBG1,0.942234
GCDH,0.749857
GALNT3,0.908844
