GENE,ENVISION
HS3ST5,0.970620
PLCE1,0.981497
SLCO1C1,0.898430
