GENE,ENVISION
SSH2,0.792733
TRPM6,0.972237
SHPRH,0.838247
SETDB1,0.936511
B4GALNT3,0.746629
