GENE,ENVISION
SMG1,0.891742
ALG6,0.852038
