GENE,ENVISION
STYK1,0.875114
UGT8,0.906515
PGLYRP2,0.985056
XPO7,0.761650
ACSM1,0.686031
RPS6KB2,0.941026
SLC6A18,0.757306
TTN,0.544779
DOT1L,0.819721
FMO2,0.780225
LIPG,1.008700
ACSS3,0.797791
ACSM2A,0.819475
ROR2,0.985674
PDIA2,0.850672
PIGQ,0.981590
TAOK1,0.934611
ST6GALNAC1,0.790900
CYP4A11,0.745899
PARP16,0.813133
CDS1,0.973386
SLC7A10,0.842089
SLC22A10,0.982119
KL,0.830447
GDA,0.899756
RNF123,0.934362
CREBBP,0.590937
