GENE,ENVISION
SLC28A3,0.930981
TRIP12,0.982283
TRMT1,0.816500
