GENE,ENVISION
KARS,1.016380
DDR1,0.936428
GALNT11,0.991684
PTPN12,0.982964
PARP15,0.913735
USP29,0.972599
ASRGL1,0.957826
GALNT2,0.979581
