GENE,ENVISION
PTK7,0.783118
SLC9A2,0.965788
