GENE,ENVISION
ASH1L,0.906257
SLC14A2,0.863374
XYLT1,0.790270
GLT8D2,0.814761
FAAH2,0.977603
PRKCQ,0.946655
ST6GALNAC2,0.983597
DUSP16,0.893101
USP35,0.798661
TTN,0.578015
