GENE,ENVISION
RNF126,0.957739
ABCA4,0.992253
SLC36A4,1.017030
PDE3A,0.825696
TTN,0.755898
