GENE,ENVISION
LRP2,0.904088
AOC3,0.757592
SLC12A6,0.848324
UBE2J2,0.935180
ULK4,0.973256
STYK1,0.975208
FAAH2,0.770386
AK7,0.830395
PPP2R2B,0.920151
MAPK15,0.780328
AMFR,0.814877
PRKCZ,0.777772
DUSP9,0.945465
USP29,0.789542
TECRL,0.852072
SLC6A13,0.978402
SPEG,0.991213
PTPRH,0.907194
PTPRS,0.786678
ART4,0.911822
