GENE,ENVISION
SLC22A9,0.698019
ERBB4,0.977152
