GENE,ENVISION
POLE,0.869306
INPP5E,0.869428
SLC2A8,0.976291
