GENE,ENVISION
PXYLP1,0.869967
ABCG2,0.988662
DNMT3A,0.848498
SLC6A7,0.763968
PMPCA,0.808084
MYLK,0.775581
CHST9,0.941084
SLC29A4,0.887677
MOGAT2,0.907328
SLC29A1,0.875729
LPCAT1,1.013940
PPIG,0.923258
LIPE,0.975452
PDE4C,0.742933
SETD5,0.946977
SLC43A2,0.752854
USP36,0.935308
UBR4,0.900213
