GENE,ENVISION
NOX1,0.804185
ASAH1,0.847598
MAP2K5,0.844934
VRK2,0.997671
MKRN3,0.879586
ASPH,1.019520
CDK17,0.864948
NSDHL,0.977277
NTRK3,0.967929
HERC1,0.943753
MAST1,0.915623
TIAM2,0.900677
MGAT4C,0.898302
MYBBP1A,0.891682
DUSP12,0.863993
