GENE,ENVISION
NT5C,0.999147
WWP1,0.752854
