GENE,ENVISION
GNPTAB,1.074750
MAP3K1,0.740631
CHSY3,1.063760
INPP5F,0.906923
ENTPD2,0.777724
