GENE,ENVISION
NANP,0.910332
PTPN11,0.558268
ERBB4,1.009740
