GENE,ENVISION
GDPD2,0.941459
ADCY2,0.868606
SLC28A3,0.724175
PRODH2,0.952676
PASK,0.785654
SLC5A12,0.747668
PADI3,0.972073
GALNT8,0.973232
HECW1,0.769878
TRMT1,0.841293
