GENE,ENVISION
LRP2,0.850223
MYO3A,0.915222
HECTD1,0.862469
PLXNB3,0.871117
ACSM1,1.015150
CERCAM,0.863993
NOX1,1.005210
MAP3K9,0.834152
SSH2,0.772271
TTN,0.896191
SLC35D1,0.787742
UBR1,0.854780
PRKD2,0.798914
