GENE,ENVISION
STK32A,0.887162
PRKCD,0.878917
SARDH,0.925941
NOL9,0.921475
PPWD1,0.897145
UBA2,0.817329
IRAK4,0.944070
