GENE,ENVISION
HUWE1,0.862560
PIK3R4,0.743206
TTN,0.911272
TAOK3,0.835500
