GENE,ENVISION
ERBB4,0.959024
UGT1A10,0.856037
MAP3K4,0.944900
TTN,0.873916
ADCY10,0.838029
COQ7,0.936943
SETDB1,0.829586
