GENE,ENVISION
NEDD4L,0.766123
ST8SIA1,0.860257
MAPK15,0.796204
AAK1,0.782107
PPIP5K1,0.903793
TTN,0.813888
PJA1,0.909112
TOPORS,0.856979
