GENE,ENVISION
AOX1,0.923522
PIGC,0.838797
ADCY2,0.933683
RBBP6,0.867618
PLCB3,0.974981
DMPK,0.914366
