GENE,ENVISION
DHCR7,0.872046
PTP4A2,0.947982
