GENE,ENVISION
HSD17B11,0.638305
TRAF7,0.814290
PTPN12,0.887162
SLCO1B3,0.959973
PNPLA8,0.910587
ACSS2,1.031590
TRIM63,0.786783
CREBBP,0.839327
