GENE,ENVISION
CHMP4A,0.787213
LRP1,0.813133
USP49,0.950227
BRSK1,0.719785
BARD1,0.706738
PTGES3,0.945970
POMGNT1,1.027280
EP300,0.791360
ALG1,1.004670
PHKB,0.878190
ACSS3,0.950703
ABCB6,1.000980
USP44,0.963481
DGKB,0.827846
PDE11A,0.911595
ABCD2,1.005150
RNF2,0.924282
IL4I1,0.910727
UBR4,0.884430
