GENE,ENVISION
TICRR,0.811948
SH3RF1,0.839151
CES3,0.830713
TTN,0.869306
FAAH2,0.899937
KAT6B,0.784635
FUT9,0.817254
MAP3K15,0.946519
