GENE,ENVISION
HUWE1,0.874419
SLCO3A1,0.743732
FKBP8,0.977301
