GENE,ENVISION
NCOA6,0.906880
RNF185,0.847617
AMPD2,0.918247
ACSM3,0.642410
ATP8A1,0.820076
PLCZ1,1.023440
SLCO1B3,0.718768
TNIK,0.936130
SLC5A11,0.873120
PTPRN,0.763194
SLC5A9,0.962192
SLC27A6,0.993393
