GENE,ENVISION
ADCY4,0.815688
MARCH10,0.962053
MYLK3,0.889287
HSD17B8,0.973844
SLK,0.810573
UBR2,0.927790
KAT6A,0.942382
