GENE,ENVISION
PGAP1,0.769810
PNLIPRP3,0.939971
TARS2,0.970757
CERS4,0.835936
HELZ2,0.847098
TKTL2,0.882671
TIAM2,0.908826
PDE3B,0.787877
LPPR5,0.973855
SLC25A37,0.785835
PTPRN,0.907410
GAL3ST3,0.743113
