GENE,ENVISION
SETD2,0.777535
ATP11A,0.869232
KL,0.993755
