GENE,ENVISION
PTPRU,0.863258
HUWE1,0.863407
POLK,1.000080
BARD1,1.056580
