GENE,ENVISION
ADCY2,0.761677
ABCG8,0.987523
CHPF2,0.731181
PLCL2,0.928890
CAMK2A,0.983782
USP7,0.851668
USP45,0.862791
SLC5A5,0.805132
NGLY1,0.846408
SLC32A1,0.943783
TYRO3,1.008630
