GENE,ENVISION
FUT10,0.808931
VRK2,0.764265
NMRK1,0.941927
EZH1,0.936440
TTN,0.862254
CREBBP,0.794161
