GENE,ENVISION
CPT1C,0.974968
PLCB3,0.825820
SLC38A1,0.750534
GALNT13,0.827903
ATM,0.725489
CHSY3,0.769878
ACSM2A,0.772316
USP9X,0.827580
SLC12A1,1.015940
TTN,0.364304
PLCB4,0.746665
PSKH2,0.876720
GALNT3,0.931820
