GENE,ENVISION
SLC24A4,1.059660
ATP2B3,0.842531
