GENE,ENVISION
INPP5D,0.989903
CHST14,0.981296
ERBB4,0.937397
HSPG2,0.865058
CDKL2,1.001960
CES3,0.876784
PDZD4,0.832715
CDC42BPA,0.951679
CHST6,0.814870
CYP2U1,0.977396
GSTK1,0.819531
