GENE,ENVISION
MAP4K3,1.000130
PLCB4,0.851668
RALBP1,0.981843
CTSF,0.988113
PRKCZ,0.851332
ATHL1,0.966688
PPIE,0.924507
EP300,0.895953
TOPORS,0.867294
