GENE,ENVISION
SLC13A4,0.923740
TPSD1,0.777520
