GENE,ENVISION
EPHA7,0.815582
MKNK1,0.857184
CHIA,0.909866
DGKZ,0.865447
PLXNB3,0.908999
TRHDE,0.857184
SLC9A2,0.878392
CDK12,0.765900
ASPH,1.015730
TTN,0.412404
DUSP5,0.900364
DUSP7,0.959510
DOT1L,0.888280
SETDB1,0.844846
HUWE1,0.889179
LRSAM1,1.017460
GMPPB,0.984664
SLC26A1,0.821305
SSH2,0.842586
HEPH,0.659348
PHEX,0.791478
CSGALNACT2,0.991728
SLCO1C1,0.822295
ADCY4,0.872588
INPP5D,0.814095
TBL1XR1,1.061050
MST1R,0.854136
GLT6D1,0.915499
PTPRH,0.769938
