GENE,ENVISION
NEK8,1.012440
TTN,0.860263
OGDH,0.709904
LGALS13,0.766082
NCOA6,0.856518
LPIN1,0.976029
ALDH1L2,0.837307
ACOX1,0.918293
UEVLD,1.018640
SAT2,0.796256
PIK3R4,0.928978
DMGDH,1.012270
HUWE1,0.949671
COASY,0.986780
GALNT3,0.909210
