GENE,ENVISION
UCK1,0.958933
MKNK1,0.766082
