GENE,ENVISION
ASH1L,0.857976
SMG1,0.860577
ADCY1,0.947615
PIKFYVE,0.938324
SLC22A12,1.017860
KMT2A,0.875949
PGLYRP2,0.977079
SLC26A8,0.818238
PXDN,0.844341
