GENE,ENVISION
DNMT3B,0.904806
STK39,0.855905
NOX3,0.907788
MAP3K4,0.959404
