GENE,ENVISION
CDK10,0.837071
HSPG2,0.942250
PPIL6,0.944793
ERBB4,0.892906
FRMPD2,1.012110
