GENE,ENVISION
ADCY4,0.911938
KCNJ11,0.828749
TARS2,0.794710
PLCB4,0.761650
LRP1,0.871160
RPAP2,0.976954
G6PC2,0.792873
SLC5A12,0.746991
TIAM2,0.926113
SLC35B2,0.851330
POLR3C,0.986214
POMT2,0.882392
FKBP8,0.858248
CCBL2,0.954954
