GENE,ENVISION
DAGLA,0.766082
ABCA4,0.796874
PTPRS,0.917651
