GENE,ENVISION
SLC4A10,0.820735
CYP2A13,0.916751
MAP3K1,0.860942
CYP4Z1,0.956791
KMT2E,0.861148
DDR2,0.877180
HSPG2,0.815688
ACSM2A,0.748671
PARP2,0.875724
PTPN14,0.793124
POLG2,0.977043
AMDHD1,0.904954
TTN,0.990641
NMNAT2,0.881066
ATP2B3,0.833131
USP34,0.762093
ZCCHC6,0.840693
DUSP27,0.767381
