GENE,ENVISION
CPA6,0.972080
TTN,0.622651
ERBB4,0.745762
DAPK2,0.866513
