GENE,ENVISION
HKDC1,0.917492
USP34,0.862409
ACSM2A,0.858148
NEK9,0.814173
TPH2,0.857184
NT5C1B,0.840202
PTPRK,0.915866
TPSAB1,0.981123
