GENE,ENVISION
SLC17A4,0.849995
DHRS4,0.919329
ACAD11,0.906889
PLA2G4F,0.730390
