GENE,ENVISION
PLCB1,0.862933
GALNT5,0.998513
CLCF1,0.973114
SH3RF3,1.010200
AICDA,0.861369
