GENE,ENVISION
SLC27A1,0.783520
BIRC6,0.906172
PRKDC,0.969750
SMYD3,0.787885
AACS,0.977759
SETD5,0.781260
