GENE,ENVISION
FMO2,1.008630
LRP1,0.754167
PMVK,0.914573
TIAM2,0.987374
HECW1,0.882504
QTRT1,0.794633
PDF,0.603676
SLC26A11,0.978439
