GENE,ENVISION
EHMT1,1.079450
SLC17A4,0.790354
SLC7A10,0.860750
PRKCD,0.809730
ETFDH,0.933965
SIAE,0.950280
CES5A,1.007830
UBA3,0.836984
TXNRD1,0.869863
