GENE,ENVISION
CTPS2,0.719643
B3GNT2,0.976558
EIF2AK3,0.880511
CAMK2B,0.634834
MAP3K14,0.918005
TTN,0.844528
TPK1,0.982657
