GENE,ENVISION
COLGALT2,0.797677
SIAH1,0.593932
NSDHL,0.966078
ENPP6,0.795954
RBBP6,0.953324
IRAK4,0.853090
