GENE,ENVISION
UGT8,0.887458
UBR4,0.885628
