GENE,ENVISION
SLC13A2,0.839635
CHST6,0.879261
UBR4,0.862933
