GENE,ENVISION
KMT2C,0.757477
MYO3B,0.778646
ERBB4,0.670133
PEAK1,0.831319
PLCZ1,0.812717
NTRK2,0.960881
AGXT2,1.014770
TTN,0.918683
