GENE,ENVISION
PAK7,0.899614
PTPRS,0.753216
USP48,0.920775
MAST1,0.906080
PDE1C,0.917379
AK7,0.757617
MYLK,0.864744
ACSM2B,0.844794
DPYS,0.719728
AMPD3,0.973282
TTLL10,0.982692
ZSWIM2,0.825889
SLC26A9,0.907938
PDE4C,0.752854
AWAT2,0.761693
TTN,0.858697
