GENE,ENVISION
PAK7,0.762927
SLC38A5,0.999538
PLA2G2C,0.999281
PARP14,0.901945
TTN,0.814355
