GENE,ENVISION
SLC6A7,0.757190
A4GNT,0.870445
GPIHBP1,0.792186
GLB1L,0.877611
MYLK,0.797677
ATP6V1H,0.856565
HERC3,0.766082
TTN,0.881729
GUCY1A3,0.861518
PIK3C3,0.850983
