GENE,ENVISION
KMT2C,0.860290
STK32B,0.933563
LRSAM1,0.961362
OTUD5,0.861585
ACSM5,0.843729
USP7,0.881066
NOX3,0.874758
PIK3R3,1.013170
MERTK,0.765266
POLN,1.014790
GALNT1,0.718498
SAP130,0.850370
