GENE,ENVISION
ASH1L,0.864287
TARS2,0.866414
SLC10A6,1.021750
MGLL,0.848083
TTN,0.868434
DMPK,0.920463
PTPRN,0.798241
MDP1,0.983581
