GENE,ENVISION
HECTD2,0.994771
MTFMT,0.917620
CDK12,0.941938
DPYSL2,0.777697
TBL1XR1,0.952344
ABCG8,1.015280
POLD3,1.040600
USP45,0.845667
TNIK,0.861251
AKT3,0.873327
MED1,0.787213
STK36,0.971067
PPP3CA,0.960544
SLCO1C1,0.903792
SRPK3,0.946725
UBR4,0.867317
