GENE,ENVISION
NCOA1,0.844934
CHD9,0.910055
MKRN1,0.856204
SLC12A6,0.973715
TARS2,0.978372
TTN,0.753545
PDZD4,0.789847
PPP3CA,0.900690
PDE10A,0.812139
RNF19A,0.888964
