GENE,ENVISION
CDK19,0.904967
TPTE2,0.795777
CDS1,0.953520
CYP2A13,0.898827
TRPM6,0.780225
PRKD1,0.879056
