GENE,ENVISION
MARCH4,0.926375
ZCCHC11,0.857157
SLC25A37,0.839207
