GENE,ENVISION
GLT6D1,0.770329
ZNF645,0.992938
AGXT2,0.830247
