GENE,ENVISION
MAP4K1,0.854534
SLC5A5,0.950611
NAAA,0.777872
TRHDE,0.864262
UCKL1,0.876756
PTPN13,0.943258
PPP2R3A,0.978563
MLK4,0.836924
HERC1,0.781705
EPHA7,0.817845
SLC25A21,0.849873
TTN,0.845529
CDC42BPB,0.822244
ATP6V0D2,0.963366
PRKCQ,0.993849
SPEG,0.861804
SLC18A3,0.976561
SAP130,0.915568
LMTK2,0.956698
