GENE,ENVISION
HERC1,0.863306
ACAD10,0.933258
MYBBP1A,0.985664
ISYNA1,0.977298
SSH1,0.971675
