GENE,ENVISION
KYNU,0.690735
UBE3B,0.719785
DHRS4,0.888037
GK2,0.719288
AK5,0.842570
ATP6V1E2,0.862536
TTN,0.609602
PINK1,0.999475
NTRK3,1.006340
NEK9,0.814173
