GENE,ENVISION
ACPT,0.829529
SLC9A5,0.889280
PAFAH2,1.006410
DPYSL2,0.806680
WNK1,0.843184
XYLT1,1.010340
PDE7A,0.816982
RNF133,1.012850
LPPR4,0.910289
RARS2,0.953268
PHLPP2,0.977788
MGAT5B,0.909835
