GENE,ENVISION
NCOA1,0.895056
MYLK4,0.757647
TTN,0.834908
EPHA10,0.990295
ACE2,1.019110
RNF5,0.864890
