GENE,ENVISION
EYA1,0.963400
PANK3,0.905228
EXT2,0.938787
A4GNT,0.757706
ABCA4,1.007340
PAPD4,0.787954
GUCY1B3,0.946616
ACAD11,0.937372
AASDH,0.990820
SLC43A2,0.903457
