GENE,ENVISION
NEK5,0.857969
KMT2E,0.917874
UBE3A,1.005050
CDC14A,0.937993
LATS2,0.863454
FIG4,0.970744
