GENE,ENVISION
BIRC6,0.807931
CBLL1,0.952786
LRRK1,0.986613
