GENE,ENVISION
HECTD2,0.867651
UGT2A1,0.846823
POLE,0.766044
AKT3,0.738587
PON3,0.994908
FAAH2,0.770736
SLC5A8,0.795102
SHPRH,0.755898
SLC12A7,0.968280
ABHD12,0.991632
SLC6A19,0.862538
SLC12A1,0.997893
TTN,0.624234
AURKC,0.750288
DOT1L,0.965008
PLCB1,0.855073
PARP8,0.867317
SLC14A2,0.980518
ST3GAL5,0.990478
SLC13A3,0.836014
PIGO,0.858127
USP38,0.911925
ST6GALNAC5,0.844930
FAM65A,0.808986
AK5,0.828868
PTPN14,0.820397
PAK6,0.863993
