GENE,ENVISION
MAP3K9,0.754156
USP43,0.870448
