GENE,ENVISION
HERC1,0.747768
CHPF2,0.917239
SDR42E1,0.961189
HECW2,0.865894
USP37,0.977166
