GENE,ENVISION
FMO2,0.817589
EHMT1,0.890411
PTPRK,0.869045
MTR,0.853358
RNF123,0.988372
BMP2K,0.963069
RIPK1,0.949627
GUCY1A3,0.850753
SLC26A8,0.955964
POLN,0.972294
USP34,0.918737
TOPORS,0.975045
