GENE,ENVISION
SLC6A20,0.741877
COQ3,0.811051
