GENE,ENVISION
TSSK1B,0.982725
EIF2AK1,0.729192
SLC22A12,0.864936
ENPP2,0.649290
XYLT1,0.861429
SLC34A1,0.949306
POLD3,1.006360
RNF144B,0.816712
TTN,1.042370
SLC47A2,1.006420
USP51,0.973437
SUV420H1,0.917494
