GENE,ENVISION
CSNK1A1L,0.957119
UBE2J1,0.765034
HSPG2,0.860577
USP4,0.890412
RNF20,0.933162
PPAT,0.869233
MTMR7,0.967417
TNKS2,0.918849
NEK11,0.755898
