GENE,ENVISION
ASH1L,0.742874
FMO1,0.776126
PPT2,0.900124
SLC24A2,0.932026
IARS2,0.953350
NADSYN1,0.910144
ABCA4,0.899435
SLCO3A1,0.977625
NOX5,0.796316
TTN,0.975277
ITPKC,0.900146
