GENE,ENVISION
KMT2E,0.914763
PRKAG2,0.944875
SLC12A4,0.935345
MIA3,0.909486
WWOX,0.819941
DGKB,0.887623
DUSP27,0.935794
