GENE,ENVISION
LPIN2,0.838054
CYP2A13,0.942220
PGLYRP4,0.914056
FAR1,0.999091
USP15,0.861416
SLC6A13,0.945441
CHFR,0.931851
EP300,0.914515
GAL3ST4,0.828308
