GENE,ENVISION
PGM2L1,0.988695
LRP1,0.854838
BHMT,0.760405
UBE2O,0.868287
DPYD,0.869128
PRPF19,0.842271
AMPD2,0.908027
CROT,0.898790
MAT1A,0.585463
MAN2A1,0.985487
MKNK2,0.823366
LPCAT1,0.945372
ST6GALNAC5,0.821523
ABCD2,0.826061
CREBBP,0.849674
DZIP3,0.767367
