GENE,ENVISION
KMT2C,0.927009
CYP4F22,1.016260
PAFAH2,0.965994
GPAM,0.933084
LIPE,0.975684
NEK1,0.847425
TNK1,0.897211
ACSM2B,0.853335
RNF130,0.781677
KMT2B,0.770592
TTN,0.859359
USP29,0.767440
SLCO1C1,0.877972
