GENE,ENVISION
SLC9A4,0.972361
ASH1L,0.977628
TRIT1,1.004340
LIPE,0.844609
ALK,0.753185
SIRT5,0.948268
ATM,0.909409
CYP4V2,1.011760
MAP3K1,0.810821
YARS2,0.711452
CMAS,0.879355
WNK1,0.906392
APOA5,0.923076
SLC27A5,1.057930
ACOT11,0.784440
USP18,0.911007
UGGT2,0.939370
SETDB2,0.759374
