GENE,ENVISION
COLGALT2,0.852523
B3GALT1,0.886436
SLCO1B3,0.906994
SLC12A5,0.986518
FITM2,0.758012
GUCY1A3,0.905859
TTN,0.911343
B3GALTL,0.919264
PIK3C3,0.868111
ST6GALNAC3,0.909151
IP6K1,0.862172
