GENE,ENVISION
SLC15A3,0.922643
DZIP3,0.972635
