GENE,ENVISION
CYP1B1,0.795321
SIAH1,0.911850
INPP4A,0.777647
