GENE,ENVISION
FUT10,0.811110
TIAM2,0.927192
DUOX1,0.983788
GSTA5,0.797677
MARCH7,0.822888
YARS2,1.005000
SLC12A6,0.790037
POLI,0.961754
MIA3,0.926096
USP30,0.974179
AWAT1,1.024250
CREBBP,0.663828
