GENE,ENVISION
RHAG,0.636603
SMG1,0.843770
PPP1R3A,0.914546
ADCY10,0.993159
MAT1A,0.860363
