GENE,ENVISION
MYO3A,0.988561
USP17L2,0.875763
CHSY1,0.753821
BHMT,0.732093
PDE1C,0.514765
MIB1,0.863660
MAP3K5,0.927383
ITPKC,0.895180
PIK3R3,0.628722
TTN,0.647829
HMGCLL1,0.912904
TRPM7,0.777772
PTPRN2,0.937028
SLCO3A1,0.811404
WNK3,0.901406
WNK1,0.968101
PLCL2,0.983903
LRP2,0.922206
PTPN18,0.973844
SGK3,0.862469
ACAD9,0.813929
EIF2AK3,0.836208
SLC17A1,0.780225
ATP1A4,0.782887
ATHL1,1.009450
