GENE,ENVISION
CYP4F22,0.869972
IARS2,0.869376
TRIM32,0.756102
SNRK,0.980784
ASPH,0.891863
CDK17,1.006020
DYRK2,0.801706
USP32,0.800383
IP6K3,0.977430
USP21,0.996444
TMLHE,0.857157
