GENE,ENVISION
SGK223,0.946561
ACAD8,0.827075
WNK3,0.855840
CAMK2B,0.553632
ATP6V0A4,1.018680
RNF138,0.836151
IP6K3,0.923713
SRPK2,0.855905
