GENE,ENVISION
GAD2,0.958846
PARP8,0.862933
BARD1,0.572668
DDR2,0.962936
PARP6,0.746665
ABCC8,0.831477
TTN,0.944783
ADCY10,0.881819
AURKC,0.945073
UBE2U,0.958996
NEU2,0.982649
CCNB1IP1,0.897998
