GENE,ENVISION
PAN2,0.764378
LBR,1.013850
RFWD2,0.996937
LPIN1,0.836886
PTPRK,0.824528
DUOX2,0.838458
AFMID,0.944356
PRRT2,0.858722
C1GALT1,0.853240
PTPRS,0.917730
EP300,0.793451
SLC30A1,0.920650
ZNF645,1.001780
