GENE,ENVISION
NCOA3,0.757399
CYP2A13,0.912621
PYCRL,0.786481
UGT8,0.853565
PLCZ1,0.948321
NUAK2,0.693381
MYLK,0.895123
ACSM2B,0.933522
SLC17A4,0.972420
SLC6A19,0.849660
DARS2,1.022480
LPCAT2,0.909841
TTN,0.856204
ENPP7,0.882930
ATP2B2,0.911928
SLCO1C1,0.845120
