GENE,ENVISION
B4GALNT2,0.927031
PLA2G15,0.812219
UPP1,0.984638
RDH5,0.973697
B3GALT1,0.994460
PTK7,0.798966
MELK,0.907208
IPMK,0.918244
STK31,0.975364
DUSP9,0.688731
TTN,0.729314
PTPRN,0.856805
TOPORS,1.082400
CERS3,0.972084
DUSP2,0.779251
