GENE,ENVISION
LDHD,0.848980
SLC38A5,0.942189
SLCO1B3,0.862261
PKN2,0.890379
