GENE,ENVISION
FN3K,0.930256
SLC38A2,0.875620
PNPLA2,0.905466
HGD,0.897724
UGGT2,0.910843
CHST4,0.992491
CHKB,0.888634
