GENE,ENVISION
ACAD10,0.772578
CES3,0.862967
