GENE,ENVISION
DNMT3B,0.941204
KMT2B,0.821639
ITK,1.008480
TRHDE,0.922695
TRIM32,0.855047
CYP8B1,0.905263
USP28,0.860354
ACSL6,0.969210
UGT2A1,0.845989
SLC12A5,0.841965
NOX5,1.026180
MLK4,0.840022
MIA3,0.909795
HMGCLL1,0.909348
HGD,0.879002
MARCH8,0.816712
PRKD2,1.007980
NT5C1B,0.931533
