GENE,ENVISION
MARCH10,0.959385
B4GALNT2,1.004860
EZH1,0.755568
USP29,0.941581
USP26,0.946506
SLC25A11,0.843260
NCOA6,0.921257
MAP3K5,0.837055
STK24,0.813133
TTN,0.509963
ASRGL1,1.014680
DNMT3B,1.017870
TRHDE,0.764966
XYLT1,1.013640
MOGAT2,0.940956
PPARA,0.778257
USP34,0.830507
LRP2,0.752854
CYP24A1,0.786853
PTPRR,0.828148
TPTE2,0.921524
EIF2AK3,0.893026
PARP15,0.989131
ACSL5,0.944078
SLC22A9,0.949783
SPEG,0.769387
CMTR1,0.861837
PAK7,0.967590
SLC17A6,0.849749
