GENE,ENVISION
AFMID,0.879484
PANK4,0.751590
SLC2A9,0.857062
SLC38A2,0.926514
SLC24A2,0.882881
TLK2,0.885628
UGT2A3,0.928094
PDK3,0.868111
FAR1,0.998505
HECW1,0.860634
SMPD3,0.873342
PDE1B,0.897848
DGKB,0.987672
IP6K3,0.822401
GALNT13,0.652183
