GENE,ENVISION
SRPK1,0.860577
GAD1,0.910886
