GENE,ENVISION
RFWD2,0.839152
ISYNA1,0.868981
FRMPD2,0.853943
