GENE,ENVISION
GPAM,0.855515
NOX3,0.916241
TARS2,0.796204
ACSM3,0.990714
ALG5,0.966632
