GENE,ENVISION
PTPN23,0.931729
USP24,0.945116
KMT2E,0.783642
ULK4,1.007140
PARP14,0.939232
ACER1,0.826475
SLC22A10,0.938976
SLC4A5,0.903572
SLC6A19,0.982048
SLC5A12,1.007110
ALG9,0.844934
PLCD3,0.910759
PRKG2,1.004160
SLC12A1,1.022900
SETD2,0.816976
ROR2,0.733464
HAS2,0.946419
DUSP27,0.864416
