GENE,ENVISION
DPYS,0.671149
PYCR2,0.889707
AKT3,1.010210
UST,0.723585
LIPE,0.810246
