GENE,ENVISION
KMT2C,0.829233
B3GNT4,0.974507
MYO3B,0.904888
B3GNT2,0.854854
SLC38A4,0.814220
FKBP5,0.948286
