GENE,ENVISION
PDE1C,0.813246
SLC6A19,1.019020
RALBP1,0.868287
G6PC3,0.969622
VRK2,0.976664
