GENE,ENVISION
KMT2A,0.969160
CYP4F3,0.968060
ST3GAL4,0.819614
