GENE,ENVISION
PLXNB3,0.801367
USP9X,0.865299
DNMT3A,0.863306
NEK11,0.797677
NT5DC3,1.007950
