GENE,ENVISION
GALNT6,0.846481
USP34,0.872154
