GENE,ENVISION
ART3,0.989482
PIGC,0.818984
DPYSL3,0.857299
ERBB4,1.086460
DGKD,0.831751
TPTE2,0.813869
AWAT2,0.940678
MBOAT1,0.832067
ABCA4,0.976555
HACE1,0.860580
TTN,0.922201
HEPH,0.824430
PLA2G4C,0.829021
B3GAT2,0.787134
USP25,0.754599
SETD2,0.798494
UHRF1,0.843373
UGP2,0.869306
