GENE,ENVISION
TRIP12,0.880418
EHMT2,0.881066
NEU1,0.864422
XYLT1,0.817775
