GENE,ENVISION
PAFAH2,0.777814
DYRK2,0.910748
UGT2A3,0.738934
PNLIPRP3,0.940405
ATP1A4,0.518186
SLC5A11,0.840374
PLB1,0.852756
PAPOLG,0.842271
