GENE,ENVISION
SLC20A1,0.850680
SLC17A8,0.864475
LMTK2,0.823036
UXS1,0.825674
DDR2,0.905602
PLCZ1,0.820194
WARS2,0.863410
MYLK,0.938919
PPP1R1B,0.958949
USP31,0.779752
