GENE,ENVISION
SLC9A4,0.916459
GALNT14,0.870319
RFWD3,0.898217
TAOK1,0.730623
PARP4,0.855400
BIRC6,0.917845
SLC17A6,1.005010
MKNK1,0.777772
BMP2K,0.925597
PLCL1,0.828763
EIF2AK4,0.900464
TTN,0.769878
PLB1,0.926989
NLK,0.902080
UBE2E2,0.953647
PTPRJ,0.943946
