GENE,ENVISION
PGAP1,0.975941
MINK1,0.930139
SLC8B1,0.855081
WNK3,0.767808
