GENE,ENVISION
LRP2,0.918294
PLXNB3,0.971632
TNK1,0.999563
MTPAP,0.933885
KMT2E,0.743605
ERBB4,0.976241
TRIM32,1.060420
BIRC6,0.933227
WWOX,0.979060
USP10,0.978229
HERC1,0.919754
AMPD3,0.850333
MAP3K12,0.972117
CYP8B1,0.953938
AARS2,0.820726
ACAD11,0.967627
DUSP10,0.514230
