GENE,ENVISION
CSNK1G3,1.008260
CPA6,0.966431
TTN,0.827089
