GENE,ENVISION
CYP27A1,0.973066
PKN2,0.943464
ST8SIA1,0.835016
