GENE,ENVISION
SLC17A7,0.945411
PPIP5K1,0.551035
XPO7,0.903660
