GENE,ENVISION
ALK,0.889108
UBE2O,0.826292
PNPT1,0.890379
HERC1,0.849749
TRPM7,0.804247
USP47,0.876316
