GENE,ENVISION
PDIA5,0.977266
SLC9A2,0.843373
GALNT3,0.778646
