GENE,ENVISION
FUT11,0.856272
MYLK,0.786838
RIPK1,0.860284
POLE,0.860622
MARK2,0.858960
KAT6B,0.952421
TRPM7,0.820237
