GENE,ENVISION
IARS2,0.876760
SMG1,0.918318
TTN,0.851890
MAPK7,0.851945
