GENE,ENVISION
ACSS1,0.962729
TLK1,0.861251
TTN,0.938448
