GENE,ENVISION
ADCY4,0.768024
PDK3,0.983005
