GENE,ENVISION
UGT3A2,1.000580
CYP4F11,0.969201
KYNU,0.826569
TXNRD1,0.973756
