GENE,ENVISION
LRP1,0.896209
PKN3,1.059660
PIK3R5,0.839808
ABCA4,0.897897
ENGASE,0.935034
PTPRH,0.866496
