GENE,ENVISION
PHPT1,0.859613
PLCB1,0.719785
CA9,0.856290
USP49,0.793938
SLC7A8,0.944311
DPYD,0.596635
GNPTAB,0.979244
TECRL,0.969796
NDST4,0.838470
PNPLA2,0.945781
TTL,0.719643
PRKCQ,0.976764
TNS2,0.977241
PNPLA8,0.776768
