GENE,ENVISION
OCRL,1.018720
SLC40A1,0.854146
ADCY2,0.502259
CLYBL,0.817239
PGLYRP3,0.769861
IRAK3,0.966212
PPID,0.898623
