GENE,ENVISION
MYO3A,0.777880
PLCB1,0.851404
POMT2,0.745888
PLCB4,0.720644
TBL1XR1,0.874442
EXT1,0.902043
ACOX2,1.017360
USP3,0.796912
GPHN,0.754697
SLC5A12,0.883128
TGM3,0.930642
MTRR,0.920207
USP24,0.857077
PRKD1,0.961324
FUT8,0.905063
