GENE,ENVISION
CLYBL,0.955545
PANK4,0.977495
HECW2,0.977312
NT5C1B,0.966097
