GENE,ENVISION
POLN,0.924695
OGDH,0.861177
ROR2,0.936585
ACSL5,0.827604
