GENE,ENVISION
ASH1L,0.862481
PARP4,0.855075
PIGW,0.827617
PLCL2,0.972937
PHYKPL,1.024020
DAK,1.014660
SLC4A5,0.796442
SLC4A7,0.922393
TGS1,0.929493
CSNK1A1L,0.915915
GFPT1,0.976368
RPS6KB2,1.015520
CLK4,0.993464
SETDB1,0.752761
CNDP2,0.858722
TOPORS,0.929042
