GENE,ENVISION
LRP2,0.901536
NOL9,0.904404
UHRF2,1.018420
