GENE,ENVISION
HECTD1,0.766963
ERBB4,0.918536
DUOX1,0.819676
SARDH,0.831417
ILKAP,0.895631
TTN,0.733672
