GENE,ENVISION
OGDH,0.900102
STK35,0.759301
UBE2J2,0.984571
CYB5R1,0.860354
PHEX,0.985348
SLC4A4,0.925754
HIPK1,0.943973
TTN,0.910784
PTPRO,0.897878
USP26,0.927171
SLCO1C1,0.978559
SRPK1,0.833760
SETDB1,0.828997
USP37,0.798494
