GENE,ENVISION
ITK,0.977651
CAMK2B,0.860332
CYB5D1,0.983758
PNPLA7,0.876519
TTN,0.963606
LPCAT1,0.862892
GALNT5,0.823462
UBA3,0.961044
