GENE,ENVISION
DPYD,1.005560
RNF180,0.947679
CYP4F8,0.987699
GUCY1A3,0.762927
SRMS,0.894219
CES5A,0.948274
TTN,0.908988
NT5C1A,0.832641
RNF128,0.884158
PAPOLG,0.906522
