GENE,ENVISION
EHMT1,0.940546
MYO3B,1.006480
KMT2E,0.914406
SLC17A4,0.821414
MAP3K12,0.955080
ST8SIA1,0.893589
POLR3K,0.980858
HERC3,0.941466
ATR,0.878809
SLC29A2,0.753911
SLC4A9,0.829427
HIBCH,0.961049
