GENE,ENVISION
OCRL,0.878790
SSH1,0.808469
SLC6A18,0.926227
SGMS2,0.822584
DUSP27,0.781502
