GENE,ENVISION
SLC4A10,0.979006
SLC12A6,1.016970
