GENE,ENVISION
HECTD1,0.802521
SLC9A7,0.863306
USP36,1.070990
HS3ST4,0.875026
ABCB6,0.879098
HELZ2,0.860672
FKBP8,0.854525
CNDP2,0.786853
