GENE,ENVISION
ADCY1,0.952912
MOGS,0.867299
ZADH2,0.969707
RNF130,0.968603
CNDP2,0.845985
ME3,0.821747
SETD2,0.909194
ABCC2,1.036510
