GENE,ENVISION
LRP2,0.743173
PANK1,1.006150
ZCCHC11,0.819941
EHMT2,0.844934
ATP6V0A2,0.953715
ULK4,0.917216
HS3ST2,0.927029
GRK7,0.908482
ACSL6,0.837350
IARS2,0.941850
UBE2E3,0.855073
FUT7,0.772041
GUCY1A3,0.892136
POLR3C,0.860274
PAPD4,0.916484
LPCAT1,0.782700
RNF138,0.836692
HS3ST5,0.845737
PHKG1,0.985255
DYRK4,1.009550
