GENE,ENVISION
RHCG,0.898169
SLC27A5,0.838527
