GENE,ENVISION
ERBB4,0.997380
UGT1A10,0.980196
UXS1,0.830480
TMEM27,0.907378
ATM,0.713753
HS3ST3A1,0.791042
MYLK,0.877248
STK33,0.986247
