GENE,ENVISION
SLC4A10,0.787790
CYP24A1,0.955778
B3GNT8,1.017060
MARCH10,1.019270
