GENE,ENVISION
GALNT14,0.808716
HS3ST2,0.866475
PTGIS,0.805739
ATR,0.921543
PGM2,0.772898
TRIP12,0.908311
