GENE,ENVISION
AOX1,0.895427
B3GNT7,0.769342
SLC35A2,0.939245
PEAK1,0.985731
CROT,0.814213
WNK1,0.965477
PRPF4B,0.933531
HECW1,0.988976
USP29,0.909255
TECRL,0.985265
STK39,0.747768
NEU1,0.819248
CDK5,0.768725
