GENE,ENVISION
AAK1,0.845574
DUOX2,0.995656
LPCAT3,1.005490
TYRO3,0.754224
