GENE,ENVISION
EHMT1,0.934726
COLGALT1,0.879225
SLC2A13,0.858722
MOGAT3,0.830548
