GENE,ENVISION
LRP2,0.931734
MYO3A,0.860477
NHLRC1,0.760233
DNMT3A,0.854838
PMPCA,0.754441
PARP4,0.856298
ADCY4,0.875232
ATM,0.730526
MARCH4,0.966902
STAMBPL1,0.844694
