GENE,ENVISION
SLC13A1,0.981083
WNK4,0.893375
PRKDC,0.879859
SLCO1B1,1.045920
CDC42BPB,0.993282
IP6K2,0.935392
BSCL2,0.981400
