GENE,ENVISION
ASH1L,0.971479
SIN3A,0.763152
SLCO1B3,0.875772
ENGASE,0.803275
USP15,0.884430
