GENE,ENVISION
ADSSL1,0.860577
MTHFD1L,0.860759
GALNT2,0.672183
