GENE,ENVISION
NCOA2,0.992311
KMT2E,0.846273
SLC28A3,0.871992
RBBP6,0.855573
PDE3B,0.860337
ATP11A,0.824613
MYLK3,0.888318
AATK,0.976018
AQP10,0.992030
GAD1,0.891827
DGKD,1.020180
GPHN,0.999683
