GENE,ENVISION
CDC42BPA,1.008850
USP36,0.985651
