GENE,ENVISION
UBE3B,0.861133
ABCD2,0.951770
USP3,0.769009
TTN,0.874839
PDK4,0.915222
