GENE,ENVISION
KYNU,0.761104
SYVN1,0.975166
TTN,0.838396
PLA2G4C,0.876519
TRPM6,0.824121
MVK,0.955138
NEU2,0.781956
HECW1,0.719288
