GENE,ENVISION
LRP2,0.676401
PLCB1,1.009070
HS6ST2,0.757322
B3GNT3,0.785258
MARS2,0.934026
ATP6V0A2,0.789326
EPHA10,0.970005
USP31,0.973858
