GENE,ENVISION
MTMR3,0.908395
SLC26A6,0.990819
