GENE,ENVISION
KMT2B,0.773625
RPS6KC1,0.935164
ULK4,1.007300
PIKFYVE,0.854934
MAP3K1,0.830119
MAST1,0.848707
PLCE1,0.862827
TTN,0.895374
HS6ST3,0.789083
GALNT3,0.720931
