GENE,ENVISION
KAT8,0.740063
USP17L2,0.837920
SMG1,0.901645
ITK,0.961747
UBE3C,0.848229
ITPKC,0.975130
YARS2,0.785925
SLC12A6,0.877929
TTN,0.790414
SLK,0.728420
SLC25A28,0.845629
ABCD2,1.010020
CERS3,0.777880
