GENE,ENVISION
NHLRC1,1.010300
PARP16,0.972147
ATP1B4,0.983003
HUWE1,0.910435
USP4,0.843427
ATP6V1E2,0.734511
MINPP1,0.994265
