GENE,ENVISION
CHST9,0.787470
KMT2A,0.933155
ERBB4,0.690311
BIRC6,0.874036
TYRO3,0.858006
TTN,0.657770
PPP3CA,0.690698
RNF123,0.869227
THNSL1,0.919499
ABCB6,0.924536
