GENE,ENVISION
PARP14,0.930694
SLC12A5,0.946586
SLC12A4,0.923789
TIAM2,0.863757
UBR1,0.856290
NNT,0.861416
