GENE,ENVISION
SPCS2,0.909418
HECW1,0.778646
GLRX2,0.936715
