GENE,ENVISION
NME7,0.953313
SLC6A7,0.893293
LMTK2,0.811725
ACOX2,0.967092
CHSY3,0.973314
AK5,0.920116
CYP27A1,0.867360
CAMK2D,0.931922
NEK5,0.898490
MIA3,0.822073
PJA1,0.835825
PLCB4,0.815582
GALNT7,0.986328
POLI,1.021940
