GENE,ENVISION
BRSK1,0.860577
TRHDE,0.943612
ACAD8,0.906487
PNPT1,0.861373
BDH1,0.954450
SETDB1,0.759458
USP20,0.906511
