GENE,ENVISION
RPS6KA1,0.869585
SORD,0.929796
MAP2K1,0.880644
USP29,0.902498
SLC6A13,0.978782
CCBL1,0.990355
