GENE,ENVISION
ULK3,0.822460
WNK4,0.841376
