GENE,ENVISION
PTPN13,0.909162
DGKB,0.924251
SLC4A8,0.839110
HIRIP3,1.053960
