GENE,ENVISION
SLC38A5,0.921468
RPS6KA2,0.821217
HS3ST4,0.752854
BRSK2,0.845903
ENPP2,0.856716
CDK19,0.911349
ATR,0.977382
