GENE,ENVISION
DGKB,1.009580
PLIN4,0.831981
ATP11A,0.840769
