GENE,ENVISION
ST3GAL3,0.808910
LRP2,0.932445
CDK19,0.890699
SLC38A4,0.859583
HAO1,0.873385
B3GNT4,0.982441
MYO5B,0.949567
