GENE,ENVISION
NUAK2,0.557137
SLC22A11,0.936722
