GENE,ENVISION
COLGALT2,0.995496
CERS5,0.851213
B3GNT3,0.876743
GNPTAB,0.841860
CROT,0.844537
ILK,0.917218
TAOK1,0.867290
SLC4A4,0.856346
SLC41A2,0.817185
PLCE1,0.809193
ADCY10,0.854277
HMGCLL1,0.814173
ACSF2,1.006330
KAT6B,0.960645
SLC22A9,0.958967
GSTK1,0.985738
