GENE,ENVISION
CYP24A1,0.834258
LRRK1,0.924243
B4GALNT3,0.957805
CAMKK2,0.965570
AATK,0.938655
GFPT1,1.005230
