GENE,ENVISION
MKRN1,0.913680
SLC17A8,0.876629
MARCH1,0.814076
ADCY2,0.666804
