GENE,ENVISION
CDK13,0.980738
YARS2,0.857450
HUWE1,0.785836
SLC13A5,0.799289
