GENE,ENVISION
EPHA7,0.868111
TPH2,0.784008
TTN,0.950346
