GENE,ENVISION
POLR3E,0.982529
PLCB1,0.802058
EXTL1,0.803205
GK2,0.916209
USP4,0.957631
SLC4A7,0.639523
ABCA4,0.960475
LPPR4,0.945813
MGAT5,0.846134
CDC42BPB,0.921506
SSH1,0.851379
AACS,0.919392
MAP3K15,0.933436
SLC22A8,0.919354
USP22,0.857630
TTN,0.914795
