GENE,ENVISION
USP17L2,0.940492
GALNT14,0.944980
HUWE1,0.749652
ATP2B3,0.998203
RGL1,0.915697
PIGK,1.001750
PLCL1,0.930129
SGMS2,0.793244
NSD1,0.784267
HEPH,0.866673
ALG13,0.889352
ATP2B2,0.718498
GAL3ST4,0.899500
