GENE,ENVISION
PHYKPL,0.996288
DPYD,0.769368
MST1R,0.841561
MKRN3,0.777057
NUDT11,0.818312
TTN,0.798241
ADCY10,0.984053
HEPH,0.832875
