GENE,ENVISION
UGT3A2,0.877159
METTL3,0.835888
TECR,0.978504
PPIAL4A,0.999790
USP32,0.854525
CREBBP,0.917500
