GENE,ENVISION
MYO3A,0.926331
HECW1,0.857244
DUSP10,0.899948
HUWE1,0.786347
TTN,0.885267
