GENE,ENVISION
PTPN12,0.720931
SLC13A4,0.921432
OXSM,0.803979
TAOK2,0.918656
PGM2L1,0.853689
