GENE,ENVISION
SUCLG2,0.814173
SLC23A1,0.935974
LPPR5,0.860243
