GENE,ENVISION
NCOA3,0.889269
USP25,0.920541
SLC29A1,0.983005
