GENE,ENVISION
STUB1,0.905777
PDPR,0.841095
CYB5R2,0.923804
