GENE,ENVISION
CERS6,0.962282
SLC6A3,1.008410
ADCY1,0.964260
CYP4F22,0.871582
MLK4,0.811075
ATP6V0A4,0.834557
CSNK1G3,0.642096
NOX3,0.956596
MGAT5B,0.912271
