GENE,ENVISION
ACER1,0.849364
ALK,0.892857
STYK1,0.952258
ACSM5,0.771496
ABCC8,0.935571
COPG1,0.560544
EBP,0.860056
UBE2U,0.812735
