GENE,ENVISION
NDST4,0.881895
CYP4A11,0.924701
