GENE,ENVISION
MYO3A,0.924190
PAPL,0.986318
ENPP6,0.777880
TTN,0.859359
PPIG,0.857184
SLC27A6,0.945217
