GENE,ENVISION
SMURF1,0.766807
ASPH,0.922656
UGT2A3,0.964680
SLC17A1,0.986009
CSNK1G2,0.892167
