GENE,ENVISION
ADI1,0.942215
SLC20A1,0.971785
PAN2,0.918051
PARP4,1.088740
LRTOMT,0.950048
HSPG2,0.841128
USP4,0.776761
AK5,0.860297
DCLK2,0.899368
CES3,1.090060
ATR,0.893298
TTN,0.893540
USP31,0.786853
KAT6A,0.855491
PRKDC,0.887154
