GENE,ENVISION
SLC17A6,1.014440
ATP8A1,0.868111
SLC34A1,0.976309
MAST1,0.754599
TTN,0.900555
PADI6,0.928812
