GENE,ENVISION
MINK1,0.864948
KMT2A,0.997483
DZIP3,0.974964
HS3ST3A1,0.744807
PTPRU,0.944996
NTRK2,0.927780
TTN,0.821472
MYBBP1A,0.988355
UGT2B28,0.890624
EP300,0.773313
