GENE,ENVISION
KAT8,0.821224
GPX8,0.908030
MTMR14,0.794056
