GENE,ENVISION
CREBBP,0.871660
ADCY1,1.016550
ASAH2,0.994713
CNDP1,0.841360
