GENE,ENVISION
LRP2,0.769387
UGT1A10,0.967738
UGT3A2,1.029380
SDR42E1,0.954662
TTN,0.905292
NEU4,0.914800
SRPK3,0.987623
