GENE,ENVISION
PLCB4,0.769009
ERBB4,0.751801
ST8SIA4,0.768586
UGT2A3,0.945322
GPLD1,0.855075
GALNT8,0.860086
TTN,0.701431
WWOX,0.777772
