GENE,ENVISION
PAN2,0.798566
UBLCP1,0.917492
SGK223,0.829368
CYP8B1,0.995970
CDK11A,0.839662
TTN,0.786206
GAD2,0.742488
