GENE,ENVISION
HSPG2,0.914976
UBE3A,0.962367
SYVN1,0.809629
PLCH1,0.920103
ATP11A,0.870885
PLA2G4F,0.956698
