GENE,ENVISION
PI4KB,0.873012
SH3RF1,0.853015
WNK2,0.804898
CHST4,0.847768
HIPK1,0.891742
MOGAT2,0.816537
CTBP1,0.739130
PDE10A,0.928450
