GENE,ENVISION
MTFMT,0.953557
TUSC3,0.863926
DSTYK,0.976029
SLC2A6,0.853264
HS6ST3,0.774039
MTR,0.849167
RBKS,0.819216
TTN,0.845948
USP28,0.817740
HECW1,0.791852
