GENE,ENVISION
SPHK2,0.915096
SMG1,0.990703
ACAD9,0.966698
SLC7A11,0.940379
ACSL5,0.980623
MKRN1,0.858722
IP6K3,1.007340
SIN3A,0.918201
