GENE,ENVISION
TNS2,0.771822
ABCA4,0.949803
CDC42BPA,0.953617
ERBB4,0.858378
DECR2,0.938100
