GENE,ENVISION
SLC10A2,0.932369
FMO1,0.799956
GALNT13,0.599615
RPS6KA6,0.983353
UGT3A2,0.968398
SLC6A18,0.901168
EZH2,0.763250
HUWE1,0.785439
ACSM5,0.746029
PASK,0.830600
GALNT15,0.825476
GGT6,1.004050
TTN,0.772376
CDC42BPB,0.842972
PADI6,0.943868
PDE4C,0.915592
RNF123,0.971025
SLCO1C1,0.918477
