GENE,ENVISION
PANK1,0.904617
PTPRO,0.719288
TSSK2,0.862629
ZC3HAV1,0.911648
WNK4,0.734274
