GENE,ENVISION
EXT2,0.970327
MAT1A,0.899141
NDUFA9,0.946707
SLC5A12,0.961656
UBR1,0.857335
ATP2B2,0.866919
