GENE,ENVISION
NT5M,0.924363
TRHDE,0.719288
CYP2A13,0.936504
TRIM32,0.761038
PRPF4B,0.887559
SARDH,0.979301
RNF19A,0.772463
