GENE,ENVISION
PRKDC,0.744925
MARK1,0.868287
MAP3K5,0.877443
