GENE,ENVISION
PPP2R3A,0.855075
PTK6,0.946476
