GENE,ENVISION
GPAM,0.897898
SLC35A2,0.848316
