GENE,ENVISION
ACPT,0.795488
NDUFB9,0.921607
MARS2,0.894686
USP51,0.949840
LPPR4,0.911420
NOX4,0.755113
DOT1L,0.788154
TYRO3,0.782248
DUSP27,0.816542
