GENE,ENVISION
RCHY1,0.871853
DNMT3B,0.931310
MAP2K5,0.862933
EPHA7,0.885628
SUV39H2,0.894431
SLC22A7,0.784111
ACSBG1,0.879904
ADCY10,0.908891
IKBKE,1.024420
SLC30A6,0.866320
