GENE,ENVISION
HACE1,0.896528
ITK,0.654022
AGXT2,0.824187
SYVN1,0.766677
MAST2,0.727227
SLC10A6,0.743605
DGKB,0.995865
PRRT2,0.876087
PLD1,0.996918
