GENE,ENVISION
TRIM11,0.823975
CCBL1,0.900254
SGK223,0.944624
