GENE,ENVISION
ATM,0.909599
ACAD9,0.903839
RPS6KC1,0.762980
USP4,0.687666
RHAG,0.576106
SRPK3,0.828785
SLC6A19,0.967821
MGAT5B,0.797725
TTN,0.994693
SLC5A7,0.826776
KCNJ8,0.955282
AMHR2,0.966893
CYP2U1,0.928995
