GENE,ENVISION
ABCG2,0.995697
ATM,0.872343
PNCK,0.554541
