GENE,ENVISION
SLC2A14,1.005670
PPAT,0.920784
SETD5,0.935592
PADI6,1.005110
