GENE,ENVISION
RHCG,0.987270
POLN,0.812178
PDK2,1.013560
ART5,0.799865
ROR1,0.887148
