GENE,ENVISION
CYP4F3,0.865497
KMT2B,0.866567
LRP1,0.867396
LRRK1,0.973689
PHEX,0.941940
CHSY1,0.887162
ALG3,0.956837
SLC24A3,0.968275
CYBRD1,0.750802
MANSC1,0.960896
DUSP8,0.974865
FAAH2,0.796517
SLC27A4,0.857617
KAT6A,0.912613
SLCO1C1,0.872098
PTPRJ,0.866133
CREBBP,0.949617
TTN,0.795297
