GENE,ENVISION
FKBP4,1.007300
RNF167,0.851082
PNPLA7,1.003600
