GENE,ENVISION
SH3RF2,0.953208
HKDC1,0.988543
KAT5,0.776163
CAMK2A,0.832253
SLCO1B1,1.021480
TTN,0.902723
ABCC11,0.927685
