GENE,ENVISION
FLAD1,0.914742
USP29,0.823034
