GENE,ENVISION
LPIN2,1.007860
EXT2,1.001300
MKRN3,0.959427
NDUFA9,0.787213
EZH1,0.988752
MAST1,0.855516
SLCO1B3,0.805546
SLC6A18,0.875103
ATP11C,0.943966
TTN,0.897219
AACS,0.992817
SETDB2,0.950913
