GENE,ENVISION
SLC20A2,0.954728
HKDC1,0.936960
AMHR2,0.923250
UBE3A,0.986071
SLC35A3,0.773070
