GENE,ENVISION
HGD,0.750179
SLC4A9,0.811110
LPIN3,0.969349
