GENE,ENVISION
ST3GAL3,0.949824
SLC17A8,0.950340
PDIA5,1.006220
ST6GALNAC3,0.930167
TTN,0.919717
