GENE,ENVISION
SLC38A5,0.989445
RPE65,0.963461
TTN,0.830288
SLC38A3,0.871808
PGLYRP4,0.975646
