GENE,ENVISION
KAT6B,0.857056
ACAD10,1.008880
UHRF1,0.916283
MIA3,0.852842
ENGASE,0.990284
