GENE,ENVISION
UBR3,0.844813
CA13,0.797592
