GENE,ENVISION
TRPM7,0.770889
B3GNT2,0.798677
CHD9,0.794736
PLCL2,0.902972
PARP12,0.990488
PRKAA1,0.691551
SLCO3A1,0.915272
MED1,0.815329
ZADH2,0.857759
COQ6,0.832035
