GENE,ENVISION
CHST11,1.015830
DUSP22,0.958999
