GENE,ENVISION
MYO3A,0.781789
MINK1,1.009270
PLCB2,0.766661
WNK1,0.803979
B4GALNT3,0.821016
ABCG5,1.020170
SLC9A2,0.836056
DPYD,0.900120
CROT,0.907372
GUCY1B3,0.907000
CYP4F11,1.016770
TAOK1,0.944934
CMAS,1.020300
DUSP5,0.908565
PPIL2,0.892219
PLCH1,0.902925
MIA3,0.939426
EPHA10,0.858471
NMNAT2,0.929907
USP22,0.957246
