GENE,ENVISION
PLOD1,0.966495
NPC1L1,0.802777
NOX4,0.848577
