GENE,ENVISION
SLC17A6,0.947875
ACAT2,0.856989
SLC22A7,0.977077
ABCD2,0.956988
AWAT1,0.747333
FUT8,0.891767
