GENE,ENVISION
HS3ST5,0.519781
PARP6,0.855073
PIGM,0.896088
MSRA,0.783370
ABCB6,0.976390
PLA2G4C,0.912721
UGT2B28,0.754863
ROR2,0.981408
