GENE,ENVISION
KANSL3,0.860039
USP17L2,0.855398
CAMK2D,0.840977
PON3,0.812240
ACSM1,0.976280
YARS2,0.871770
HSD3B7,0.996994
SLCO2A1,0.783958
HAO1,0.840245
ST6GALNAC5,0.936951
TAOK1,0.836117
REG3A,0.738074
