GENE,ENVISION
FUT5,1.010170
B3GAT1,0.995331
PTPRJ,0.730816
