GENE,ENVISION
DAK,0.992397
MYLK3,0.998331
ENTPD8,0.998523
