GENE,ENVISION
PTPRN2,0.973845
ABCG8,1.001810
PDE3A,0.957036
PFKFB4,0.991031
MIB1,0.862469
TIAM2,0.926918
TNNI3K,1.021800
