GENE,ENVISION
FMO1,0.912780
DIO2,0.767014
SLC14A1,0.955319
MAP3K2,0.966256
PARP14,0.962922
ROR2,1.011900
PADI1,0.981823
SLC51A,0.964457
MKRN3,0.906921
HS3ST4,0.759110
TTN,0.853689
ZSWIM2,1.000890
HS6ST3,0.762927
TRPM6,0.965198
UBE2U,0.743049
SETDB1,0.979433
ACSBG2,0.960775
GALNT6,0.880496
