GENE,ENVISION
DNMT3A,0.790865
CDK11A,0.824656
FUK,0.929886
