GENE,ENVISION
UGCG,0.903601
BIRC6,0.931976
SLCO1B1,0.978986
PDE11A,0.881066
DUSP27,0.833803
ACER2,0.843484
SLC52A2,0.923167
CERS2,0.719643
PDE1C,0.848323
UBE3A,0.997514
PNPLA3,0.822228
SLC6A18,0.880643
TTN,0.786032
SETDB1,0.877802
PIM2,0.795488
BARD1,1.011980
WNK3,0.926189
RPUSD4,0.870567
MERTK,0.831387
PHEX,1.014050
DUSP13,0.591142
RPS6KA6,0.939144
ABCG8,0.828133
CHD9,0.810255
PTPN13,0.879921
PDZD4,1.006310
EBP,0.902733
PIK3R4,0.856051
HAO1,0.818125
PAK7,0.773095
PXDN,0.768769
