GENE,ENVISION
LRP2,0.895135
USP24,0.963211
