GENE,ENVISION
PLA2G4C,0.887881
HS6ST2,0.958999
PIP4K2C,0.863197
AGPAT9,0.939146
