GENE,ENVISION
FKBP8,0.861286
PPIP5K1,0.971943
TLK1,0.752618
