GENE,ENVISION
INPP5D,0.898771
ME3,0.894919
TPTE2,1.031200
SLC22A6,0.978340
HELZ2,0.953473
DOT1L,0.916665
