GENE,ENVISION
NNT,0.893503
B4GALNT3,0.766015
SGK223,0.910869
SLC22A7,0.822556
