GENE,ENVISION
ABCG2,0.832099
DNMT3A,0.861177
PLCB4,0.791805
PTK7,0.813826
MYLK2,1.020680
NADSYN1,0.880962
POLR3E,0.795880
CDC42BPA,0.798437
CHST2,0.783351
