GENE,ENVISION
SLC4A7,0.978368
USP9X,0.781032
TTN,0.904482
LRSAM1,0.967335
TRPM6,0.869146
