GENE,ENVISION
SPEG,0.809391
CAMKK1,0.978365
PPAT,0.917731
LGSN,0.841789
AK5,0.973194
