GENE,ENVISION
RIOK2,0.814095
TRIP12,0.842271
UBR1,0.954915
UCKL1,0.835690
