GENE,ENVISION
STK32B,0.990283
MAP3K9,0.982990
B4GALNT2,0.807829
MAT2B,0.914733
ALDH1L2,0.918725
HUWE1,0.925728
NPAS2,0.788246
PDK3,0.920809
PPIP5K1,0.896952
SETD2,0.977153
TAOK1,0.950573
