GENE,ENVISION
SIRT3,0.798389
MINK1,0.985173
MAP4K2,0.929636
SMG1,1.005430
ST3GAL5,0.716954
SIK2,0.833181
AK3,0.925932
B4GALNT3,0.916284
PTK6,0.785463
NTRK3,0.941380
KMT2B,0.838099
SETD1B,0.726904
NOL9,0.908203
TTN,0.988829
ABCD2,1.011280
SLC5A11,0.738218
