GENE,ENVISION
PTPN13,0.788595
ABCD2,0.941531
SLC5A5,1.018080
TGM7,0.983584
