GENE,ENVISION
SLCO3A1,0.851501
HACL1,0.860510
PDE1B,0.848689
PARP4,1.009440
MAP3K12,0.984229
ABCC8,0.956810
USP24,0.921046
