GENE,ENVISION
WNK3,0.940169
PTK2,0.980168
DMPK,1.012470
LGMN,0.831590
PIKFYVE,0.977632
