GENE,ENVISION
B4GALT7,0.713975
GALNT11,0.711191
