GENE,ENVISION
LRP2,0.860337
DNMT3B,0.611317
KMT2A,0.762927
ASAH1,0.976740
GUCY1A3,0.857157
ABCA4,0.974751
TRPM7,1.075530
