GENE,ENVISION
DUSP5,0.854502
HSD3B7,0.967250
SGK223,0.929466
PRKDC,0.922039
