GENE,ENVISION
PAK7,0.823801
TPTE2,0.802997
BAAT,0.960856
PHKB,0.820804
MBOAT1,0.832928
PLCH1,0.921501
NDUFA12,0.813133
PGLYRP4,0.757322
TPK1,0.808097
USP32,0.861535
PAPOLG,0.860577
SLC4A8,0.913162
SLC27A3,0.975208
