GENE,ENVISION
MYO3A,0.855075
RFWD2,0.869045
SGK223,0.959203
B4GALNT3,0.981699
FRMPD2,0.892450
PLCE1,1.001610
SLC4A9,0.840820
SAP130,0.898781
LGALS13,1.006690
PDE1C,0.967435
TIAM2,0.988533
TTN,0.658643
MTMR7,0.769810
TRPM7,0.979982
SLC38A1,0.886390
ERBB4,0.957956
CHST8,1.001550
YARS2,0.870676
SSH1,0.969792
ROR1,1.055110
LRP2,0.867495
SLC2A9,0.985293
PARP14,0.831558
ST8SIA1,1.004340
MGAT4A,0.828220
