GENE,ENVISION
PADI1,0.845063
EPHA7,0.796790
TTN,0.767475
