GENE,ENVISION
PGAP1,0.993511
LGALS13,0.964834
TRHDE,0.709904
SIK2,0.846665
DSTYK,0.819383
UHMK1,0.709904
CAMK2A,0.905423
POLE,0.719643
SLC4A8,0.816931
