GENE,ENVISION
LOXL2,0.855485
ATM,0.764544
RPAP2,0.894602
TTN,0.852146
WWOX,0.916818
