GENE,ENVISION
GCNT4,0.933956
USP34,0.768298
ATP6V1H,0.992882
TTN,0.731313
PTPRK,0.997451
SLC39A7,0.786393
