GENE,ENVISION
B3GALT5,1.002660
RPS6KA2,1.027610
USP49,0.860505
SLC17A8,0.980319
PPP2R2C,0.715356
CDKL2,0.988343
CYP27A1,1.002230
RNF133,0.937222
ABCC8,0.753439
TTN,0.874839
MYBBP1A,0.957740
PON3,0.693512
KAT6A,0.772266
GALNT7,0.968600
SLC4A9,0.830019
IP6K1,0.994977
MANSC1,0.955580
