GENE,ENVISION
RGL1,0.929089
SLC28A3,0.973824
SETD2,0.753514
CYP2S1,1.066040
HIF1AN,0.911458
