GENE,ENVISION
TSTA3,0.914869
PLD6,0.978534
EP300,0.881121
PNCK,0.971996
COPG1,0.981543
