GENE,ENVISION
CHDH,0.762927
TTN,0.769810
SIK2,0.845985
