GENE,ENVISION
PTPRN2,0.982694
SULT4A1,0.899656
CDKL4,0.969350
MAP3K4,0.889264
TTN,0.914547
UBE3C,0.786678
STT3B,0.982710
PIK3C3,0.947982
