GENE,ENVISION
MAP3K1,0.931833
TTN,0.868882
CREBBP,0.865699
