GENE,ENVISION
HECTD1,0.718849
GRHL1,0.768586
CDK12,0.868901
CDKL4,0.901250
SIN3A,0.766082
CHSY3,0.874758
ETFDH,0.972098
TESK1,0.892398
STK11,0.655476
USP43,0.974673
GPLD1,0.769810
TTN,0.766082
TNS2,0.927583
STK39,0.796912
WHSC1L1,0.946848
EYA1,0.964474
PPP1R3B,0.985124
CHST7,0.908517
DUSP12,0.848149
