GENE,ENVISION
TMX3,0.910917
CANT1,0.855724
SLC25A11,0.847257
