GENE,ENVISION
NCOA2,0.940475
PLCB1,0.917575
PI4KB,0.905768
