GENE,ENVISION
SLC6A13,0.817121
GALNT4,0.962228
PRPF4B,0.828249
ADCY2,0.656097
WNK3,0.983133
