GENE,ENVISION
PLIN2,0.925982
RBBP6,0.729268
REG3A,0.958908
