GENE,ENVISION
KL,1.066320
TRHDE,0.908242
ST8SIA1,0.813826
SLC26A7,0.753999
