GENE,ENVISION
UGT3A2,0.800253
WNK3,0.952643
USP7,0.868111
