GENE,ENVISION
PRKCQ,0.908686
LRRK1,0.945592
CNDP1,0.939818
