GENE,ENVISION
PDE1C,0.953049
SLC29A4,0.997055
BHMT,0.862223
