GENE,ENVISION
ACER3,0.845744
MIA3,0.822972
UBE3C,0.932149
DUPD1,0.907085
SLC2A11,0.976657
MARK2,0.955983
UGGT2,0.761086
