GENE,ENVISION
CYP4F11,1.037500
PDE7B,0.845898
TTN,0.719288
