GENE,ENVISION
DDR2,0.911979
PAPL,0.869392
TTN,0.762927
PLB1,0.800011
