GENE,ENVISION
HUWE1,0.851862
PARP14,0.757592
UGT3A1,0.996837
GUCY1A3,0.990977
LPPR5,0.760154
CHFR,0.972617
ATP2B2,0.852701
USP34,0.876316
