GENE,ENVISION
PTPRU,0.798246
MAP3K1,0.936328
SLC36A2,0.862701
PPIL2,0.897010
SLC12A1,1.000450
TTN,0.922702
MYO5B,0.770187
SLC47A2,0.914222
RNF123,0.973391
ABCC11,0.919613
