GENE,ENVISION
MKNK2,0.897605
CHSY3,0.820205
MGAT3,0.814173
PTPRO,0.985152
MYO5B,0.912435
TRIP12,0.758083
PAK7,0.995670
UGGT2,0.983251
