GENE,ENVISION
ADCY2,0.890799
ATP1B4,0.993883
METTL3,0.846678
AKT3,0.935648
TTN,0.769878
SLC26A8,0.913131
EYA1,0.873309
