GENE,ENVISION
GALNT5,0.859746
HGD,0.579059
EYA1,1.012380
BMPR2,0.892871
SLC7A7,0.972869
