GENE,ENVISION
NOX4,0.850902
EYA1,0.940736
AQP10,1.023010
NEU1,0.981230
TESK1,0.956434
