GENE,ENVISION
PTPN21,0.910165
NCOA6,0.816236
COMTD1,0.726980
GUCY1A3,0.824481
ADCY10,0.801284
MGAT4B,0.825732
GLT6D1,1.031570
CHDH,0.940592
PDE4C,0.792561
SLCO4A1,0.979994
