GENE,ENVISION
POLE,0.786129
PLCXD2,0.813133
PIPOX,0.956021
