GENE,ENVISION
SLC17A1,0.879531
SLK,0.739669
UBR4,0.861177
SBK1,0.917774
CREBBP,0.671481
NLN,0.949803
