GENE,ENVISION
SLCO1B1,0.812348
NOX3,1.008260
