GENE,ENVISION
B3GNT4,0.969602
INPP5A,0.905488
FUT10,0.783642
PKN1,0.996187
DCLK2,0.754599
WWOX,0.912621
GALNT3,0.758177
GSTK1,0.956698
