GENE,ENVISION
AOX1,0.906218
DYRK1B,0.845308
GMPPB,1.035880
