GENE,ENVISION
HECTD2,0.833131
ACSS1,0.864182
LMTK3,0.745913
