GENE,ENVISION
VARS2,0.949818
RIOK1,0.937038
CAMK4,0.866239
CDC42BPB,0.845557
CERCAM,0.860290
