GENE,ENVISION
WNK2,0.949480
CHST11,0.981756
