GENE,ENVISION
WWP1,0.917549
BIRC6,0.943498
ATP8A1,0.850169
UGT2A1,0.708675
PARP10,0.793337
SRPK1,0.802325
FUK,0.935133
PXDN,0.720931
