GENE,ENVISION
EP300,0.879154
PAK7,0.920601
UBE2J1,0.970492
CAMK2D,0.912565
PLK3,0.815054
PDIA2,0.943088
DCLK2,0.797906
SORD,0.932892
UBE3B,0.665677
SIAE,0.803982
TTLL10,0.728181
MERTK,0.900255
HAO1,0.842785
SLC27A4,0.867915
ATP2B3,0.889707
SLC30A6,0.810821
UGGT2,0.737506
PFKFB3,0.791852
SRPK3,0.790414
TTN,0.824826
