GENE,ENVISION
HECTD2,0.833131
PHYKPL,1.015400
GNMT,0.976085
KAT2A,0.739187
PRKD2,0.973842
PIP4K2B,0.969568
