GENE,ENVISION
OGDH,0.839152
ACVR1,0.766861
CHST8,0.832769
SLC17A6,0.956455
UGT3A1,0.996837
HSD11B1L,1.013270
FTMT,0.806449
DGKB,1.006390
HSD3B7,0.819356
PXDN,0.828894
FAAH2,0.826512
NSD1,0.831599
SPEG,0.937177
UBR1,0.995117
PAK7,0.876521
NEU2,0.923789
