GENE,ENVISION
SDR9C7,0.991996
SLC14A2,0.767808
CINP,0.971267
USP7,0.875892
