GENE,ENVISION
EPHA7,0.791805
MTHFD1L,0.794870
HACD4,0.922740
