GENE,ENVISION
TUSC3,0.907357
GNPDA2,0.910278
HSPG2,0.753821
DHCR7,1.012650
USP9X,0.862469
LPPR4,0.963722
ATR,0.929705
SLC9A4,0.780127
MAP3K9,0.944733
SMG1,1.013260
UGT1A10,0.911812
PLA2G12B,0.938900
PLA2G12A,0.827021
FKBP11,0.919822
PDE7A,0.879536
PLCH1,0.735064
SLC12A1,0.831676
TTN,0.624757
LPCAT1,0.691161
ST3GAL6,0.908030
NDUFA9,0.905990
AAK1,0.759322
MERTK,0.819795
DZIP3,0.988108
TBL1XR1,0.819818
PLD3,0.725556
TKTL2,0.792296
