GENE,ENVISION
LRP2,0.911462
CAMK1D,0.735184
RBBP6,0.858031
HERC1,0.920367
AKT3,0.890887
LPPR4,0.864693
TTN,0.966424
AARS2,0.825095
CHST6,0.983750
ST6GALNAC3,0.907531
PTPRR,0.858722
