GENE,ENVISION
LARS,0.861416
PANK3,0.743180
FUT10,0.864646
CYB5R2,0.905559
B3GNT8,0.961267
AK7,0.767141
TTN,0.864262
MARK2,0.858553
FRMPD2,0.945052
