GENE,ENVISION
LATS2,0.938221
UGT1A7,1.010780
