GENE,ENVISION
SLC35D1,0.945520
SLC6A18,0.855015
AQP10,0.972065
USP10,0.919720
PIGS,1.019340
