GENE,ENVISION
SMURF2,0.876316
ADCY2,0.956129
CHD9,0.786164
HIF1AN,0.777772
USP4,0.951342
MYLK,0.786123
BMPR2,0.866207
MERTK,0.914111
MOXD1,0.778646
PAPOLG,0.818744
