GENE,ENVISION
NUDT9,0.973315
ART3,0.990165
SMG1,0.967192
ANKRD1,0.803445
