GENE,ENVISION
B4GALNT3,0.844405
HUWE1,0.840800
NOX4,0.907448
SHPRH,1.006330
NEK11,0.735261
GAD2,1.021290
TOPORS,0.880102
CMPK2,0.772500
PPM1K,0.985487
MAP3K4,0.769243
TTN,0.828656
PRKG2,0.931911
DGKB,0.941744
ABCD2,0.996989
CYP4Z1,1.005050
EXTL2,0.948600
COPG1,1.000090
AAK1,0.845802
PADI2,0.973359
SSH3,0.855075
DUSP15,0.857243
ALG11,1.006080
TAOK3,0.790955
LMTK2,0.969685
SLC22A16,0.864530
SLC17A7,0.775266
MST1R,0.849867
AGPAT4,0.854515
NPC1L1,0.730746
