GENE,ENVISION
PLCB3,0.937643
SLC25A3,0.969817
PRKCE,0.619278
KAT5,0.713280
AGPAT4,1.009540
PLA2G2D,0.896113
ME3,0.825934
GUCY1B3,0.898644
PDE4B,0.891906
NEK11,0.949182
DGKD,0.926904
