GENE,ENVISION
UBE2O,0.790414
PISD,0.819645
ROCK1,0.782157
PHKB,1.013230
HERC1,0.944792
SLC22A6,0.770619
COPG2,0.906767
TTN,0.771866
