GENE,ENVISION
RIPK1,0.982314
CHPF2,0.919129
PTPN14,0.860354
NUDT12,0.830768
TTN,0.833384
IL4I1,0.906169
