GENE,ENVISION
UBE2O,0.922536
STYXL1,0.937354
WNK1,1.009780
SLC22A7,0.978439
RPE,0.575970
ZNF645,0.946199
SGPP1,0.951670
