GENE,ENVISION
SLC15A2,0.723246
MUL1,0.785296
CHST5,0.808093
SLC7A11,0.852479
MGAT3,0.896443
