GENE,ENVISION
HECTD2,0.861416
CHPF,0.981420
PIPOX,0.915116
SLC32A1,1.008410
WNK4,0.851475
USP7,0.792236
MELK,0.973302
HAO1,0.958757
APOA5,1.002470
USP24,0.897159
USP34,0.905651
PTPRH,0.934946
