GENE,ENVISION
NNT,0.941671
NT5C1B,0.991444
