GENE,ENVISION
PDK1,0.869306
TARS2,0.773096
PPP1R3A,0.964977
HACL1,0.731827
TRPM7,0.977153
HUWE1,1.059910
NOX4,0.774091
PGLYRP3,1.001150
SLC12A1,0.896637
CDC42BPA,0.951679
PTPRN,0.866385
PAK6,0.974740
CHIA,0.985652
UGGT2,0.929309
TTN,0.803309
