GENE,ENVISION
BHMT,0.898451
PNPT1,0.861535
CYP27A1,0.958069
TIAM2,0.782862
FRMPD2,0.952237
UBR2,0.860462
