GENE,ENVISION
EZH1,1.007630
BIRC6,0.841516
CPT1B,0.937228
HUWE1,0.898476
RNF19A,0.911639
