GENE,ENVISION
MARCH10,0.992474
LBR,1.015050
FKBP10,0.811325
CHSY3,0.834954
FKBP4,0.921458
LRP1,0.847697
FPGS,0.914047
SACM1L,0.777995
SLC26A9,0.851742
DUSP27,1.014060
