GENE,ENVISION
TP53RK,0.989152
PRODH2,0.938808
SETDB1,0.755460
CDC14A,1.009880
DYRK4,0.901720
