GENE,ENVISION
ACPT,0.824069
OCRL,0.984984
UPP1,0.861313
ABCG5,0.965919
A4GNT,0.940352
ATP11C,0.855398
KAT2B,0.930245
PRKDC,0.934612
KMT2A,0.917567
MKRN3,0.771880
PIGT,0.743994
TTN,0.731313
MIA3,0.784225
HEPH,0.943388
GALNT5,0.777733
USP24,0.910691
ROR2,1.021150
USP51,0.990598
