GENE,ENVISION
SLC9A4,0.929624
PLA2G4C,0.850738
ACSM5,0.730500
