GENE,ENVISION
ST3GAL2,0.702944
GALNT14,0.959183
PPIP5K1,0.909324
RPS6KA6,0.744566
SETMAR,0.826974
DPYD,0.814167
MTR,0.582759
MBOAT2,0.753821
PPIL2,0.942006
GPLD1,0.977482
GLYAT,0.922206
TTN,0.764012
ADCY10,0.933662
HMGCLL1,0.900777
SLC26A9,0.818288
SLC6A14,0.976254
PTPRK,0.923739
SETDB1,0.820450
FUT9,0.759805
GUCY2D,1.013140
