GENE,ENVISION
PARP14,0.961347
HUWE1,0.908169
