GENE,ENVISION
SLC6A20,0.937515
ABCC8,0.846636
FIG4,0.976646
