GENE,ENVISION
ASH1L,0.965236
LMTK2,0.931581
GGT7,0.955023
ACSS2,0.832767
DUOX2,0.911340
SLC7A11,0.757322
B3GNT9,0.838100
SLC12A5,0.807624
NEDD4L,0.758083
AGPAT4,0.935562
TTN,0.982977
DUSP21,0.803445
SLC15A2,0.923951
SLC47A2,0.720747
TRIP12,0.880418
NMNAT1,0.972178
CBX1,0.822625
SPTLC3,0.843918
