GENE,ENVISION
TAOK1,0.869945
EPHA7,0.807957
HUWE1,0.875794
AK5,0.861535
PIGO,0.752031
PTPRN,0.795936
EYA1,0.870787
PRKD1,1.023830
