GENE,ENVISION
MAP4K3,0.864455
UBE3A,1.001000
USP48,0.766123
FKBP8,0.795488
RDH5,0.980492
B3GNT6,0.899672
NEK8,0.823257
PRKDC,0.969495
SLC25A21,0.945946
TTN,0.786848
MIA3,0.861872
CHST3,0.840946
UBR4,0.982946
FANCL,1.011990
COASY,0.926814
GGH,0.551648
PSKH2,0.954321
DHCR24,0.833263
