GENE,ENVISION
ATP8B2,0.850902
PAPD4,0.829441
USP51,0.824549
