GENE,ENVISION
PLD1,0.849481
TRHDE,0.850272
INPP5J,0.781526
RHAG,0.978110
TTN,0.711191
AATK,0.836435
GAL3ST4,1.000990
