GENE,ENVISION
ATP8A1,0.898302
TTN,0.923612
SLC15A4,0.874371
