GENE,ENVISION
NIT2,0.721017
GNPTAB,0.899302
ATM,0.918655
MAST2,0.778646
PJA1,0.972586
CHST4,0.827060
UGP2,0.973652
REG3A,1.051610
