GENE,ENVISION
UPP1,0.891119
SLC22A11,0.917962
USP32,0.951342
SQLE,0.815467
BARD1,0.966033
