GENE,ENVISION
ELOVL4,0.820392
PPP1R3C,0.950471
UROC1,0.945926
