GENE,ENVISION
TYRO3,0.870258
PTPRJ,1.007300
SLC22A10,0.976038
