GENE,ENVISION
SSU72,0.851404
ADCY10,0.950913
SLC5A7,0.988706
ABCA4,0.920669
AMHR2,1.000640
SLC9A8,1.016870
CDK17,0.842271
STK24,0.990101
TTN,0.846127
ASH1L,0.822791
PKN1,0.835605
MGAT2,1.013160
SLC25A21,0.991371
ALG13,0.890182
RNF19B,0.742435
NT5DC3,0.916079
TYRO3,0.849706
GALNT12,0.897212
UCKL1,0.965572
PARP10,0.928581
CAMKK1,0.869246
FUT9,0.860354
HECW2,0.996214
PRKD2,0.825523
PTPRH,0.914543
