GENE,ENVISION
MAN1B1,1.013270
RIOK1,0.750700
SH3RF2,0.915577
TICRR,1.040930
AK5,0.746665
AKT3,0.854457
NCOA1,0.902668
MAP3K15,0.938892
MCAT,0.936068
TNKS2,0.766044
NEK11,0.958070
