GENE,ENVISION
PADI3,0.847336
CYP4F11,1.010630
TSSK1B,0.999505
B4GALNT1,0.916933
