GENE,ENVISION
AOX1,0.764265
TGM3,0.961012
B4GALNT2,0.957893
ATP11C,1.002530
DYRK4,0.983690
USP29,0.875570
GAL3ST1,0.915786
PPP1R3A,0.788281
USP44,0.847824
TTN,0.897392
AURKC,1.015390
RNF152,0.959827
ACOT11,1.016530
AQP10,0.974584
FMO2,0.845902
PLCB4,0.979218
PADI4,0.783160
EP300,0.906488
TAOK1,0.951940
TAOK2,0.719288
TPTE2,0.839564
ST8SIA4,0.768586
ATHL1,0.791802
GLT6D1,0.948813
SLC22A9,1.005150
