GENE,ENVISION
CYP2S1,1.016290
RDH10,0.825523
NEK11,1.017860
KMT2E,0.915939
UCKL1,0.794369
