GENE,ENVISION
HS3ST4,0.819590
CAMK1D,0.851796
PLD3,1.093570
GALNT11,0.874839
ACSS3,0.825979
MYLK4,0.905002
SLC6A19,0.920646
USP4,0.772112
MYLK,0.850438
MBOAT2,0.767155
ABCA4,0.956698
HECW1,0.826139
ATP11C,0.975966
TTLL10,0.858309
SMURF2,0.838948
PDE11A,0.774158
TRIM63,0.816982
TRIP12,0.868092
TTN,0.805011
