GENE,ENVISION
EXTL1,0.800935
CYP46A1,0.845119
ACSF3,1.000580
