GENE,ENVISION
DNMT3B,0.962113
DZIP3,0.822123
CHD9,0.948809
EIF2AK4,0.844269
GPAT2,0.860622
PLCH1,0.911554
PTPN14,0.772021
