GENE,ENVISION
QTRTD1,0.917198
SLC25A18,0.863135
SMYD3,0.759110
