GENE,ENVISION
ACSS3,0.954426
RNF152,0.954109
