GENE,ENVISION
COASY,0.971856
SLC24A4,0.882795
PGM2,0.901842
SLC22A11,0.779257
CES5A,0.964566
HEPH,0.879988
