GENE,ENVISION
CYP26B1,0.851816
PTPRN2,0.799232
CHPF2,0.999843
TTN,0.987455
KAT6B,0.925329
