GENE,ENVISION
ATP2B3,0.914269
DUPD1,0.868104
INPP5D,0.779907
ADCY1,0.981888
PIKFYVE,0.923637
UGT3A2,0.855255
GK2,0.969677
MASTL,0.849856
RNF128,0.591163
PRODH2,0.841252
STK3,0.947504
TTN,0.897271
SLC26A7,0.959094
ALG10,0.820534
AARS2,0.902574
SLC30A6,0.880584
SLC25A13,0.978772
PSKH2,0.900706
NLN,0.972130
