GENE,ENVISION
ST6GALNAC5,0.798536
CERS5,0.977717
ROCK1,0.627841
EPHA10,0.942213
