GENE,ENVISION
ASH1L,0.930903
PARP9,0.924227
EXT1,1.026230
PARP4,0.833753
QTRT1,0.815439
SLC22A10,0.992849
PASK,0.978207
SLC22A4,0.952407
PLCD4,0.984735
MYO5B,0.955317
MARK1,0.835084
COPG1,0.893399
NSD1,0.978752
PTPRN,0.745842
PXDN,0.914606
