GENE,ENVISION
MYO3A,0.901763
HECTD2,0.821845
RNF167,0.876899
LMTK2,0.931178
DHRS2,0.675902
METTL3,0.845414
PLCL2,0.885930
TIAM2,0.950955
TTN,0.767475
KAT6B,0.856653
ST6GALNAC3,0.980510
PTPRJ,0.983097
B3GALNT2,0.765921
