GENE,ENVISION
B3GNT3,0.980936
UEVLD,1.000720
PTPRJ,0.974734
