GENE,ENVISION
ATP1B4,1.111740
GK2,0.880361
PTPRS,0.869232
RNF216,0.863094
