GENE,ENVISION
ELOVL4,0.986635
SLC30A6,0.781677
