GENE,ENVISION
NCOA3,0.900353
PAK7,0.894390
PLCXD2,0.782744
PLCH1,0.774024
SLC5A5,0.888615
SLC26A6,0.981934
MOXD1,0.915977
SLC30A6,0.854838
