GENE,ENVISION
DUOX2,0.929902
SETD2,0.986854
PTPRK,0.854873
