GENE,ENVISION
SLC13A3,0.994817
MTMR3,0.926052
SLC22A10,1.012850
