GENE,ENVISION
PKN1,0.970451
PI4KB,0.836539
CHST4,0.817670
