GENE,ENVISION
CHST9,0.790675
HSPG2,0.849778
DDR1,0.764220
