GENE,ENVISION
SLC38A4,0.920983
PANK3,0.911612
EIF2AK3,0.952598
PARP15,0.775728
WNK4,0.775802
AMFR,0.950657
DUSP9,0.591972
PDE10A,0.855220
