GENE,ENVISION
PTPRO,0.945587
HAO1,0.916547
SAE1,0.891837
