GENE,ENVISION
ATP6V1D,0.868111
PRODH2,1.032240
HAGHL,0.897701
PTPN14,0.753821
PHLPP2,0.828990
DGKH,0.853689
GPLD1,0.770889
CES5A,0.835367
PRKCQ,0.956100
TAOK2,0.813133
