GENE,ENVISION
TTN,0.898632
LRSAM1,0.994196
AHCYL2,0.941225
