GENE,ENVISION
GCNT4,0.863292
DPYSL3,0.880584
SPHK2,0.914161
MYLK3,0.885443
WHSC1L1,0.835213
SLC29A2,0.971592
TTN,0.734078
COPG1,1.020420
CCNB1IP1,0.982754
TBL1XR1,0.832080
