GENE,ENVISION
KMT2C,0.943541
DNMT3A,0.825523
NCOA6,0.757477
ALG2,0.864893
XYLT1,0.979614
SLC5A12,1.021340
TTN,0.906879
PGLYRP4,0.980174
ALG11,0.970948
LPCAT3,0.711191
