GENE,ENVISION
SLC9A7,0.860577
USP48,0.860924
