GENE,ENVISION
DUSP6,1.001190
PTPRJ,0.881324
CAMK2A,0.915603
TBCB,1.001290
SLC2A8,0.866076
