GENE,ENVISION
TGM3,0.981474
HLTF,0.814173
SLC27A6,0.948260
HS3ST4,0.762927
USP51,1.066750
