GENE,ENVISION
PINK1,1.013620
SUCLA2,0.920437
TTN,0.919035
