GENE,ENVISION
NTAN1,0.850250
FARSA,0.873020
CA13,0.516047
MCCC1,0.819842
PHKB,0.990588
