GENE,ENVISION
DDR2,0.907986
LOXL2,0.769810
TTN,0.986769
