GENE,ENVISION
SLC4A10,0.811068
ZCCHC11,0.782168
RPS6KC1,0.933986
HSPG2,0.953613
USP9X,0.833757
SLCO1B1,0.862253
RIPK3,0.874219
DARS2,0.966876
DUSP27,0.770452
GCNT4,0.773639
LRRK1,0.860577
PDE1C,0.816538
MAP3K4,0.907551
MAPK6,0.941351
SLC12A1,0.959283
FMO2,0.788429
NUDT9,0.957746
NME7,0.780549
KCNJ8,0.953085
PFKFB4,0.819676
SLC22A10,0.890926
HECW2,0.937213
HS6ST3,0.691133
PPIG,0.798246
