GENE,ENVISION
ALDH1L2,0.929456
RBBP6,0.758687
MYLK,0.974966
HERC1,0.837841
FUT9,0.983343
USP37,0.853285
