GENE,ENVISION
BIRC6,0.823116
GBA2,0.884362
RDH5,0.836129
UBA2,0.926669
FADS3,0.984594
