GENE,ENVISION
RNF14,0.962581
PPP1R3C,0.914146
ALK,0.951679
SLC17A7,0.864671
PLCD4,0.926053
PPP3CA,0.883703
AICDA,0.727751
