GENE,ENVISION
PIGH,0.863736
VARS2,0.782045
ACSF3,1.019690
UGGT2,0.816550
KL,1.017020
