GENE,ENVISION
CERS4,0.718768
NDUFA5,0.884997
ACSM1,0.675891
PLK2,0.763152
USP9X,0.718498
HAO1,0.864144
SLC22A6,0.983713
PLCH1,0.922895
SLC3A1,0.944416
SLC6A13,0.835748
MYO5B,0.843402
GAD2,0.811191
