GENE,ENVISION
FLVCR1,0.990058
MKNK2,0.774781
HS3ST5,0.872169
ROCK1,0.577193
USP29,0.847569
EP300,0.761161
ABCC2,0.806229
