GENE,ENVISION
NSD1,0.987514
RPS6KA6,0.859987
PARP6,0.923535
TTN,0.778020
NTRK2,0.925773
