GENE,ENVISION
PISD,0.981265
ATM,0.830985
BARD1,1.003830
