GENE,ENVISION
CDC42BPA,0.866051
MARCH7,0.798998
TTN,0.858357
ACMSD,0.778838
PHKG1,0.854838
SULT2A1,0.982212
