GENE,ENVISION
ART4,0.927684
EXT1,0.998146
TGM7,0.917829
METTL3,0.784400
GPLD1,0.976916
ABCA3,0.945552
AKR1C1,0.800685
