GENE,ENVISION
WNK1,0.913704
SLC9A5,0.876519
TNIK,0.852901
ATP8A1,0.762970
