GENE,ENVISION
CTSZ,0.864092
PADI2,0.786755
ENPP2,0.616827
