GENE,ENVISION
PGAP1,0.824771
KMT2A,0.821790
PTPRR,0.985487
XPO7,0.855406
CDK17,0.880584
MARK4,0.729858
SLC5A11,0.801912
MGAT5,1.007490
ETNK1,0.830117
EP300,0.762331
