GENE,ENVISION
TGM3,0.901694
BIRC6,0.911411
DDR1,1.017730
TMEM27,0.843373
NEK5,0.960308
TTN,0.706080
