GENE,ENVISION
TTN,0.598964
DUSP13,0.976853
RBBP6,0.811906
