GENE,ENVISION
SLC4A4,0.899499
EP300,0.795882
