GENE,ENVISION
MYO3A,0.746350
PTPN18,0.933131
