GENE,ENVISION
SLC41A1,0.977466
KMT2A,0.595838
MARK2,1.013850
CYP1B1,0.720185
TBL1XR1,0.883697
CHST5,0.969288
ATP8A1,1.002560
PASK,1.020040
NT5C1A,0.805120
PHLPP2,0.864245
AATK,0.928146
HLTF,0.987503
EYA1,0.950357
RNF20,0.925159
TYRO3,0.843373
