GENE,ENVISION
PNPT1,0.830805
RNF41,0.634040
CTDP1,0.853301
ZSWIM2,1.009430
LARS2,0.786707
USP21,0.905510
DUSP27,0.915623
