GENE,ENVISION
BRSK2,0.928938
TRHDE,0.912474
MKRN3,1.000660
ABCA4,0.927710
POLE,0.869662
MYO5B,0.898816
