GENE,ENVISION
PLA2G4C,0.905314
PTK7,0.902648
