GENE,ENVISION
PIK3R5,0.864716
SLC25A21,1.036150
MGAT3,0.787232
