GENE,ENVISION
LRP2,0.902112
PTPN21,0.948339
TICRR,0.910223
XPO7,0.986145
ROCK1,0.746439
PLIN4,0.761686
