GENE,ENVISION
ABCG5,0.935306
AMPD2,0.858410
PPIAL4A,0.721932
ZC3HAV1,0.787369
NSD1,0.761921
GBA2,0.818568
ABCD2,0.949189
