GENE,ENVISION
PAN2,0.965909
SLC6A19,1.006660
SLC24A3,0.943472
TTN,0.831026
DECR2,0.925274
