GENE,ENVISION
ACACA,0.823297
CDK13,0.752971
HSD17B11,0.961867
NDST4,0.968458
SLC22A11,0.849384
