GENE,ENVISION
ALG8,0.851463
NAGPA,0.942365
PLCB4,0.883513
GRK1,0.759429
B3GNT7,0.803218
QPCT,0.926193
CPA5,1.021340
SLC6A19,1.019030
TTN,0.480530
TRPM6,0.914228
DOT1L,0.834405
EYA1,0.969402
SIN3A,0.869306
GGTLC2,0.928680
GUCY2D,0.983318
XYLT1,0.947930
HERC3,0.709904
SLC26A7,0.936686
SLC15A3,0.776360
FN3K,0.994757
SLC27A3,0.864892
DHCR24,0.982217
GALNT2,0.899016
SLC17A6,0.810827
SLC17A7,1.086730
PADI3,0.769772
RNF149,0.766096
SLC22A7,0.954249
MINPP1,0.953421
