GENE,ENVISION
SMURF1,0.807847
MTFMT,0.809764
KMT2A,0.813453
GPAM,0.957716
MAP3K1,0.869306
MST1R,0.973854
DGKH,0.857184
CAMK2B,0.620072
DCLK2,0.769709
PADI1,0.965620
TIAM2,0.761758
TTN,0.706720
USP32,0.941638
CNDP2,0.913111
SSH3,0.766868
