GENE,ENVISION
PLCB1,0.957976
PKN3,0.915609
ATM,0.728497
SLC22A11,0.851978
HERC1,0.777765
ABCA4,0.980588
TTN,0.813629
SLC5A7,0.798948
ST6GALNAC3,0.827556
ACSS1,0.992340
LPPR2,1.007730
NRF1,0.869045
