GENE,ENVISION
MGAT3,0.912684
SGK2,0.985952
NLN,0.920967
