GENE,ENVISION
PTK2,0.905687
ABCG5,0.948185
VRK2,0.823483
PFKFB3,0.908530
AARS2,0.862703
RNF123,0.829264
