GENE,ENVISION
COLGALT2,0.770096
LRP2,0.743605
RIOK1,1.007660
LPIN2,0.984601
ANKRD1,0.853689
XPO7,0.875892
RNF185,0.796099
FKBP4,0.996701
MAP3K9,0.773096
TESK2,0.916358
SRPK2,0.867317
