GENE,ENVISION
MYO3A,0.977149
MAP3K1,0.795911
SLC2A12,0.998465
SLC34A1,1.014280
POLR1D,0.933559
UBE2U,0.832737
