GENE,ENVISION
GALNT15,0.845958
PMPCA,0.844086
PLB1,0.870060
