GENE,ENVISION
WNK1,0.920843
MUL1,0.938213
