GENE,ENVISION
HUWE1,0.874099
SLC13A3,0.802872
TTN,0.848786
HAS2,0.855536
MAP3K15,0.799103
