GENE,ENVISION
PINK1,0.835965
NOX1,0.820762
MYLK4,0.790414
IRAK4,0.761856
AHCYL2,0.926034
