GENE,ENVISION
SLC26A9,0.851006
MAP3K15,0.969573
