GENE,ENVISION
ENTPD4,0.777772
ERBB4,0.806317
ACSL6,1.011410
CAMK2B,0.628945
CAMKK2,0.859959
SLC5A11,0.802094
PLCE1,0.794377
SLC26A8,0.982474
AS3MT,0.857759
