GENE,ENVISION
ENPP7,0.832543
TNIK,0.903584
UBR1,0.899893
GLT8D2,0.934725
