GENE,ENVISION
PTK2B,0.775657
TTN,0.813888
ROCK1,0.838945
