GENE,ENVISION
SLC20A2,0.919531
FMO1,0.991253
HIPK2,0.912862
PPWD1,0.973078
USP32,0.935861
EP300,0.770384
PXDN,0.778646
BDH1,0.953050
