GENE,ENVISION
NCOA2,0.753821
ST3GAL5,0.992441
USP7,0.755219
