GENE,ENVISION
HIPK2,0.914406
RPS6KA6,0.993959
KMT2B,0.857354
