GENE,ENVISION
GANC,0.906928
PFKFB3,0.860622
ATM,0.950483
PI4KB,0.829941
ETNPPL,0.904419
