GENE,ENVISION
ABCC8,0.909896
PDE10A,0.768586
LMTK2,0.831446
