GENE,ENVISION
LRP2,0.983243
PANK2,0.745743
SLCO1B3,0.938548
MAPK6,0.939275
TTN,0.907650
GGT7,0.859726
