GENE,ENVISION
SPTLC3,0.765392
ABCA3,0.988641
DDR2,0.976378
ATP11C,0.917549
MARCH1,0.975964
SLC43A2,0.734474
ABCC8,0.996569
TTN,0.858363
CES5A,0.976772
PTPRN,0.789083
PTPRJ,0.777057
HERC4,0.813133
