GENE,ENVISION
NSD1,0.861591
ALG13,0.972068
MGAT4A,0.893790
PI4KB,0.914738
XPO7,0.875892
