GENE,ENVISION
TTN,0.907544
SLC22A18,0.950979
SLC24A3,0.861535
