GENE,ENVISION
PTPRH,0.852358
BRAP,0.833801
MAP3K5,0.909708
