GENE,ENVISION
ZCCHC11,0.764376
LRP1,0.919867
ST3GAL4,1.016380
PIPOX,0.977746
SLC22A11,0.789264
SLC6A18,0.778786
SLC35A1,0.896226
PHLPP2,0.846531
ACAD10,0.877259
DAK,0.743828
PLIN4,0.882663
ROR1,1.027000
