GENE,ENVISION
CTBP1,0.905917
SLC30A6,0.982930
NEK1,0.945296
