GENE,ENVISION
EHMT1,0.942299
UBE4A,0.781429
CERS2,0.761760
B3GALNT2,0.713393
