GENE,ENVISION
LARS,0.988837
ZCCHC11,0.854424
CERS2,0.772039
PPP1R3A,0.830786
KMT2E,0.858765
NTAN1,0.840148
DGAT2,0.923718
CDO1,0.916533
RBBP6,0.853806
MARK2,0.687051
NMNAT2,0.913321
ATP11A,0.772039
CSGALNACT2,0.895156
