GENE,ENVISION
STK32C,0.868434
HS3ST5,0.872169
PIGM,0.909696
TTN,0.820398
MYO5B,0.767807
DUSP6,1.019510
PDE10A,0.767635
SLC27A3,0.772278
