GENE,ENVISION
CHST11,0.947387
NCOA6,0.965271
PEAK1,0.777299
SLC22A10,0.842366
PDP1,0.769765
TIPARP,0.720434
TTN,0.759110
TRPM6,0.823483
SHPRH,0.909420
GALNT1,0.885628
