GENE,ENVISION
CYP4X1,0.984865
UGGT2,0.983949
GAL3ST4,0.977327
PLCL1,0.738506
