GENE,ENVISION
TRIM11,0.919103
NME7,0.915951
MASTL,1.006360
MGAT3,0.867436
ATP6V0A1,0.987803
ABCC11,0.975997
