GENE,ENVISION
MYO3A,1.008720
ATM,0.979836
SLC2A13,0.719785
POLE,0.869306
SLC29A3,1.000290
GNE,1.013780
SLC5A8,0.926873
SLC5A9,0.950755
SLC25A15,0.960985
PLIN2,0.829138
FUK,0.990437
SLC9A5,0.786678
OGDH,0.861177
XPO6,0.914456
GUCY1A3,0.869292
TTN,0.792193
ABCC11,0.855069
BSCL2,0.896797
IRAK4,0.972160
SLC38A5,0.858395
PLCB2,0.805744
PEAK1,0.946476
PPIG,0.756010
SLK,0.742964
EP300,0.864150
TAOK3,0.920333
SLC2A9,0.725270
GSTM4,0.919506
PTPRO,0.986670
PLCE1,0.945405
