GENE,ENVISION
SLC2A13,0.766044
CMTR1,0.792614
ALG6,0.820675
SLC47A1,0.954188
UBR4,0.815582
