GENE,ENVISION
PLCB1,0.835084
ENTPD2,0.735261
TRIM32,0.837315
MLK4,0.834581
POLD3,0.827477
TTN,0.908632
TRPM7,0.990939
GAD2,0.845748
GPHN,0.817154
