GENE,ENVISION
GALNTL5,0.931405
PLCB2,0.977625
NCOA1,0.814173
ACSS3,0.957904
PKN3,0.910610
PRKDC,0.877608
MAST1,0.978790
PTK2B,0.946243
ATP6V1F,0.935324
TTN,0.736637
MLKL,0.933488
UBR3,0.854225
RNF216,0.973314
RDH11,0.960685
