GENE,ENVISION
ACPT,0.793367
MAP3K10,0.932754
PHEX,1.007280
SLC9A7,0.871160
NSDHL,0.984312
ABCA3,0.747330
EPHA7,0.766044
RNF182,0.768396
CYP26B1,1.000870
AMDHD2,0.941993
PCYT1B,0.905768
GBE1,0.996199
DGKB,0.945970
TP53RK,1.045310
ST6GALNAC3,0.824808
PDE10A,0.866101
ACSBG1,0.971298
