GENE,ENVISION
PDE4C,0.803982
TTN,0.798241
LPCAT3,0.857157
