GENE,ENVISION
PLCB2,0.769387
PARS2,0.961006
GRK7,0.815467
ATM,0.927133
MAN2A1,0.928250
PLCH1,0.889094
MARCH1,0.990909
TTN,0.937138
SLC27A4,0.847416
USP32,0.929623
WHSC1L1,0.866508
PRKCZ,0.970884
