GENE,ENVISION
SLC27A6,0.875253
DNMT3A,0.786678
TTN,0.978074
HECW1,0.828894
