GENE,ENVISION
CHD9,0.992472
HECW1,0.982694
