GENE,ENVISION
LRP2,0.790721
HS3ST4,0.766581
SULT4A1,0.896244
FAM65A,0.858414
TUSC3,0.773640
RPE65,0.857730
SLC24A4,0.752854
ACSL6,0.963088
HIPK2,0.786678
TTN,0.872817
HAO1,0.784150
POLI,0.969365
