GENE,ENVISION
USP30,0.975103
ATM,0.763254
