GENE,ENVISION
SLC4A10,0.821449
USP32,0.873283
COL4A3BP,0.869032
