GENE,ENVISION
STK32A,0.980560
MAP3K2,0.918952
SRPK1,0.861416
FLAD1,0.986650
MGST2,0.855121
SLC4A4,0.940678
SLC26A8,0.914467
AASDH,0.939627
