GENE,ENVISION
SLC6A3,0.854895
RIOK2,1.014520
SLC24A2,0.814355
PLD1,1.014670
ATP6V0A2,0.878148
