GENE,ENVISION
DDR2,0.929780
MAP3K4,0.926427
PRKDC,0.731503
ATR,0.900079
RNF19A,0.982954
ST6GALNAC3,1.004640
DUSP27,0.789291
