GENE,ENVISION
PTPRS,0.791193
LRRK1,0.774254
EIF2AK3,0.899173
ACSL5,0.844803
DARS2,1.007240
MIA3,0.817964
SETDB1,0.934020
