GENE,ENVISION
HKDC1,0.863022
PPARA,0.956233
ABCC8,0.925672
PTPN14,0.809331
