GENE,ENVISION
STK32B,0.983194
SIN3A,0.822532
