GENE,ENVISION
UCKL1,0.809943
MYLK3,0.861244
PLCL1,0.868849
TTN,0.824816
EPHA10,0.801660
SLC26A8,1.041480
ATP2B2,0.766123
POLI,1.016110
NRF1,0.864972
