GENE,ENVISION
KYNU,0.995377
ATP8A1,0.881066
PLK2,0.861416
HIPK1,0.868398
HECTD1,0.899240
ATR,0.939232
PHLPP2,0.856204
UBR4,0.897276
