GENE,ENVISION
HELZ2,0.843427
CERCAM,0.979793
KAT2A,0.885666
