GENE,ENVISION
SLC30A6,0.925035
PLXNB3,0.989289
GRHL1,0.975783
TKTL2,0.844622
USP41,0.865299
CDKL2,0.890623
ZC3HAV1,0.844327
SETDB1,0.966029
EYA3,0.876316
TTN,0.752345
GUCY2D,0.862117
PIGO,0.786164
TLK1,0.820824
SCD5,0.976581
SLC15A4,0.992989
UBR4,0.923612
RPS6KA1,0.866015
CYP4A11,0.892409
METTL1,0.719288
SLC17A7,0.858177
KL,0.806897
AGPAT3,1.013960
