GENE,ENVISION
SLC10A2,0.869870
CDK19,0.862957
PLD1,0.980282
MTHFD1L,0.850062
CDK11A,0.951483
MELK,0.756010
UGT2B28,0.972229
RNF19B,0.891575
