GENE,ENVISION
PLCH1,0.780461
HS3ST3A1,0.664567
TTN,0.814761
