GENE,ENVISION
PDZD4,0.760834
SLC38A1,0.926763
BMP2K,0.758687
CHST7,0.719329
