GENE,ENVISION
KARS,0.916858
UPP1,0.797250
CPT1B,0.948305
HEPH,0.758012
ATP6V1H,0.986138
MIB1,0.943413
HERC1,0.915953
MAP3K12,0.852755
PPWD1,0.940111
UBR2,0.900684
USP34,0.868111
