GENE,ENVISION
ITPK1,0.921601
RNF123,0.917772
DGAT2,0.859297
ME3,0.902764
USP31,0.955567
MTAP,0.864557
