GENE,ENVISION
RFWD3,0.971735
KMT2E,0.775021
TIAM2,0.895049
TECR,0.940213
PLCD4,0.982137
ATP1A4,0.674152
PRKCZ,0.842271
