GENE,ENVISION
LRP2,1.004260
IARS2,0.923562
LGSN,1.013190
FAM65A,0.864564
PRKCE,0.991349
PLCB2,0.945123
CYP4F8,0.891186
MAST1,0.868914
DGKH,0.972680
ACAD10,0.956698
UGGT2,0.906231
CREBBP,0.796815
