GENE,ENVISION
DYRK1A,0.840769
MINPP1,0.967815
GALNT8,0.817746
