GENE,ENVISION
ACAD10,1.020750
TTN,0.836157
FTMT,0.687968
