GENE,ENVISION
MKRN3,0.931531
SLC4A8,0.932592
LPPR5,1.015330
PADI4,0.851330
HELZ2,0.888988
AURKC,0.836250
PTPRO,0.758177
CTDP1,0.945803
HEXDC,0.899736
