GENE,ENVISION
SLC32A1,0.995910
RNF133,0.858898
COQ6,1.002890
