GENE,ENVISION
SLC4A10,0.935425
SLC20A1,0.887398
ASAH2,0.860505
ADCY2,0.681989
PDE1C,0.860571
SLC13A1,0.813523
PLK3,0.883030
PPM1K,0.912257
ATP1A4,0.998578
ATR,0.826390
TTN,0.694013
ATP11A,0.752854
TECRL,0.895707
ATP2B3,0.978281
PTPRK,0.719785
PKN3,0.993042
CHST12,0.990414
