GENE,ENVISION
NCOA6,0.815772
SLC2A6,0.836140
CDC14A,0.749102
HERC1,0.885421
SSH3,0.790448
PLA2G4F,0.780535
