GENE,ENVISION
PNPLA3,1.004720
KMT2B,0.769765
TTN,0.921845
RNF19A,0.914777
