GENE,ENVISION
B3GNT7,0.796554
LCLAT1,1.035560
ABCA4,0.875636
HSPG2,0.980336
SPEG,0.862536
