GENE,ENVISION
OGDH,0.861251
PTPRS,0.854838
ALK,0.934994
GK2,0.914714
BAAT,0.855068
CHSY1,0.860354
TTN,0.842067
NCOA6,0.878339
