GENE,ENVISION
LRP1,0.864444
PTPN14,0.819955
USP43,0.939082
PRKDC,0.769342
PPIP5K1,0.982404
TNS2,0.801414
RNF216,0.940321
CSGALNACT2,0.825523
