GENE,ENVISION
SLC9A4,0.818568
GALNTL5,0.847573
IARS2,1.010160
PI4KB,0.890385
PEAK1,0.978769
PTPN13,0.976874
STRA6,0.857347
CROT,0.985188
PPP2R3A,0.995992
USP9X,0.868111
ACSS3,0.858038
SLC34A3,0.920342
ADCY10,0.983021
SLC15A3,0.772284
AARS2,0.767475
MINPP1,0.870133
AASDH,0.837480
