GENE,ENVISION
PDF,0.937049
SLC9A8,0.998234
PLB1,0.790587
