GENE,ENVISION
PDE3A,0.848325
TIAM2,0.619012
TIPARP,0.787046
FKBP11,0.997566
