GENE,ENVISION
SLC26A1,0.888665
CERS2,0.988641
EPHA10,0.913027
