GENE,ENVISION
FN3K,0.769387
TGS1,0.950313
MIA3,0.993970
BRAP,0.876925
