GENE,ENVISION
COX4I2,0.970169
NEK9,0.843999
