GENE,ENVISION
RPS6KA1,1.015280
MCAT,0.815063
PRKCQ,0.878526
WDYHV1,0.759805
ABHD6,0.842210
USP21,0.849579
