GENE,ENVISION
NCOA6,0.990037
SLC7A11,0.766904
STK3,0.621485
ACSBG1,0.979376
SETD5,0.850412
DMGDH,1.005510
