GENE,ENVISION
SLC9A2,0.792561
SLC17A4,1.007950
DCXR,0.736450
AMHR2,0.959821
HSD17B8,0.945218
YARS2,0.866440
PHEX,0.858886
SLC30A1,0.804017
HAS1,0.753821
NEU2,1.035430
