GENE,ENVISION
MAPK14,0.676875
MYO5B,0.822277
CDK10,0.781032
