GENE,ENVISION
ICK,0.988850
KAT6A,0.927635
PLCB4,0.862469
CA9,1.023490
