GENE,ENVISION
SLC22A7,0.933314
ANGPTL4,1.014580
TECRL,0.842139
