GENE,ENVISION
PUS1,0.777537
TTN,0.752854
ABCC2,1.018710
