GENE,ENVISION
B3GNT4,0.933829
TNK2,0.974640
CDC42BPB,0.931628
KMT2B,0.857443
ATM,0.897156
PRKDC,0.730816
PCK2,0.828782
OXCT2,0.930527
SLC43A2,0.812159
PAK2,0.877133
