GENE,ENVISION
DNMT3B,1.005140
MAP3K1,0.864540
DAK,0.930715
MAP3K11,0.866131
ATP6V0A2,0.789326
SLC22A9,0.929810
