GENE,ENVISION
FUT10,0.857157
PPP2R3B,0.860577
SLC2A14,0.842527
CHSY3,0.778986
MED1,0.779727
ACAD10,0.719401
FKBP8,0.949155
