GENE,ENVISION
TRIM33,0.801381
SLC6A3,0.932048
TTN,0.919382
