GENE,ENVISION
AMPD2,0.719785
CHST13,0.783160
MKRN3,0.843807
SLC5A7,0.924015
