GENE,ENVISION
ADCY4,0.894415
PLCB1,0.889707
PTPRU,0.813133
SLC14A2,0.834375
SIK2,0.845237
WNK3,0.911882
ATP1B4,0.916913
SLC13A5,0.967575
MAP3K5,0.903710
MYO5B,1.003510
GALNT8,0.924333
TTN,0.933526
SMYD3,0.914175
SPEG,0.980710
SETD2,0.820685
PAK1,0.831229
CBLL1,0.867529
