GENE,ENVISION
SPEG,0.784685
CSGALNACT2,0.860577
AK5,0.766837
