GENE,ENVISION
CPT1B,0.827786
HUWE1,0.896854
ATP6V0A4,1.017230
MAST1,0.875612
PIK3R4,0.898999
TTN,0.907242
PIP4K2B,0.912237
