GENE,ENVISION
MYO3A,0.872225
MYO5B,0.970986
PIK3C3,0.803015
MAP3K1,0.658407
