GENE,ENVISION
STK32C,0.847024
PHLPP2,0.990938
ACSM5,1.006110
CDC14A,0.902624
