GENE,ENVISION
AMPD2,0.719785
NME7,0.861416
