GENE,ENVISION
SLC41A1,0.900011
ENPP6,0.976221
WNK3,0.765392
HUWE1,0.745341
CES3,0.909364
CDC42BPB,0.786426
TRPM6,0.978315
