GENE,ENVISION
DUSP5,0.834656
DNMT3B,0.959802
DYRK4,0.953221
UGT2A1,0.959268
