GENE,ENVISION
PTPN23,0.818568
LMTK3,0.835282
GALK2,0.939442
MGAT4B,0.768586
ACOX2,1.006620
CHPF2,0.739293
FLAD1,0.972191
UPRT,0.825270
UHRF1,0.902596
ATP6V0A4,0.826163
USP17L2,0.860577
FAXDC2,0.912596
EPHA10,0.809331
ST6GALNAC5,0.889714
SLC4A8,0.911031
