GENE,ENVISION
LRP2,0.780926
HADH,0.711942
XPO7,0.856025
PARS2,0.788526
EPHA7,0.948044
GRK7,0.813917
ENOPH1,0.971674
ASPH,0.845382
NUDT5,0.823045
XYLT1,0.973787
CHD9,0.928525
ATP6V1G3,0.826788
PANK1,0.539373
LDHD,0.893801
NOL9,0.974778
GALNT1,0.867317
