GENE,ENVISION
CSNK1A1L,0.999289
PPP1R3A,0.907612
EXT1,0.810068
ROCK1,0.781184
GMPPB,0.816092
STK31,0.903245
GUCY1A3,0.857440
SLC25A18,0.868340
SUV420H1,0.871222
