GENE,ENVISION
HACL1,0.777872
ABCA4,0.921954
CTDP1,0.868887
TTN,0.825278
PARS2,0.958383
