GENE,ENVISION
HLTF,0.959112
STK35,0.978395
