GENE,ENVISION
TTN,0.827346
GALNT14,0.711004
ST8SIA4,0.780149
CHFR,0.926701
ST6GALNAC6,0.956810
CHIT1,0.802074
MKNK1,0.860577
MIB1,0.891255
SLC22A13,0.951123
BCO1,1.016490
GMPPB,0.955704
MARK1,0.917597
TNS2,0.881619
IKBKE,0.837546
PPIG,0.944110
pk,0.986256
PDE11A,0.875842
CHIA,0.790796
PDIA5,0.857357
UBR4,0.752239
