GENE,ENVISION
ATP11C,1.062830
XYLT1,0.834922
