GENE,ENVISION
RPS6KA1,0.670475
TICRR,0.970368
PTPN13,0.861139
SLC12A7,0.709870
TNIK,0.780062
TTN,0.759785
ACOT12,0.931252
AARS2,0.911533
