GENE,ENVISION
POLA2,1.005500
GUCY1A3,0.914511
TTN,0.869456
SPEG,0.831874
PDE4D,0.766332
SUV420H1,0.921479
