GENE,ENVISION
ABCG5,1.007640
MYLK3,0.926533
HERC1,0.904962
PRKG2,0.924578
ATP2B3,0.833131
USP24,0.819442
