GENE,ENVISION
SLC6A3,0.866626
SLC5A12,0.992155
ZCCHC11,0.720931
SGK223,1.020180
ERBB4,0.780142
SH3RF1,0.839207
PLOD1,0.963959
RPAP2,0.734756
GAL3ST3,0.838761
PSKH2,0.751529
SLC22A4,1.006680
PAN2,0.947646
TIAM2,0.945649
PLCH1,0.760884
TTN,0.789858
TRHDE,0.868434
PDE11A,0.794352
DUSP22,0.768190
