GENE,ENVISION
MAP3K9,0.829153
SH3RF2,0.934009
AASS,0.787340
A4GNT,0.997725
PTK2B,0.741836
DMGDH,0.858004
TRMT1,0.837228
PAK7,0.869053
SLC27A1,1.005850
