GENE,ENVISION
MOXD1,0.824775
SMG1,0.898339
