GENE,ENVISION
MTMR7,0.819970
ABCA4,0.969555
ASAH2,0.914302
