GENE,ENVISION
DNMT3B,0.815990
CHST13,0.829399
MAP4K2,0.952716
INPP5E,1.023380
SLC7A10,0.977938
PARP14,0.846598
ENPP2,0.668945
TIAM2,0.900295
MGAT3,0.860510
TTN,0.719288
GALNT5,0.803870
SETD2,0.913807
RNF146,0.883648
