GENE,ENVISION
MAPKAPK5,0.976725
CERK,0.916441
TTLL10,0.983558
PIKFYVE,0.897899
