GENE,ENVISION
PARP4,0.871694
SRPK2,0.781397
PARP8,0.972511
MARK1,0.929404
NT5C1B,0.845333
