GENE,ENVISION
FUT10,0.866133
GPAT2,0.901684
MIB1,0.939873
XYLT1,0.975373
TTN,0.958383
HGD,0.795235
HAS1,0.778646
