GENE,ENVISION
NEK6,0.849198
PTRH2,0.985209
ENTPD4,0.814173
XPO6,0.959073
EPHA7,0.888324
MYLK3,0.993615
FAAH2,0.886318
STARD3,0.814852
CHST3,1.000900
COQ2,0.919611
