GENE,ENVISION
NSD1,0.869884
SLC17A6,0.768257
