GENE,ENVISION
PGAP1,0.853689
GNPTAB,0.807149
SLC27A1,0.795553
BCO1,0.869336
