GENE,ENVISION
ICK,0.921474
ENPP2,0.562717
RPS6KA6,0.967087
MCCC1,0.871719
