GENE,ENVISION
HS3ST2,0.858557
PIGF,0.900555
GPT2,0.589539
PDE1C,1.058120
ACSL6,0.923510
TNIK,0.802521
PPIL3,0.766904
NOX5,0.947210
NMNAT2,0.869045
AATK,0.938336
PDE4B,0.841901
PXDN,0.912129
