GENE,ENVISION
ATM,0.926104
HACL1,0.972725
TKTL2,0.908422
CYP46A1,0.826549
DUOX2,0.881959
TTN,0.985166
PXDN,0.858722
