GENE,ENVISION
HSD17B10,0.870898
ASPG,0.946219
PLCB4,0.921501
CYP4Z1,1.007100
SLC24A4,0.916599
MAP3K15,0.945068
CSAD,0.867293
SLCO2A1,0.849877
CHST7,0.833978
NEU4,0.862386
SLCO1B3,0.986652
SARDH,0.867347
CES5A,0.941320
SLC22A10,0.956262
ATP6V0A2,0.955085
PPIP5K1,0.545670
PPIG,0.916676
SLC4A8,0.955125
GAD2,0.812384
SLC6A13,0.780119
