GENE,ENVISION
STK33,0.772271
MGAT5B,0.854838
ENGASE,0.958432
DHCR7,0.853002
