GENE,ENVISION
UBR2,0.718779
ACOT12,0.883531
DUOX2,0.950380
B4GALNT1,0.991967
CDC42BPB,0.968752
