GENE,ENVISION
GALNT14,0.907608
EP300,0.912645
ROCK1,0.922338
ST3GAL6,0.863197
AHCYL2,0.632361
STUB1,0.816018
ACSM5,0.938860
SLC17A6,0.987206
IPMK,0.752714
PDE3A,0.918625
KAT5,1.019980
MAP3K5,0.966041
TTN,0.750371
ME3,0.942898
TECRL,0.963737
HLTF,0.721340
ATP2B2,0.937202
ST6GALNAC3,0.933733
GALNT6,0.861853
