GENE,ENVISION
SLC38A5,0.778629
HUWE1,0.918736
INPP5D,0.862596
SHPK,0.992074
CDK12,0.813133
SLC7A5,0.922725
PDE3A,0.933919
TBCB,0.989267
FASTK,0.814683
FKBP5,0.832638
PTK2B,0.860959
TTN,0.950008
NANP,0.972861
MYO5B,0.758971
USP24,0.850983
FUCA2,0.773848
