GENE,ENVISION
FKBP4,0.933202
SLC35A1,0.902962
ASAH2,0.785925
