GENE,ENVISION
MOGS,1.019290
SLC36A1,0.985281
