GENE,ENVISION
LRP2,1.009210
B3GNT4,0.882457
ALG13,0.853985
USP48,0.887162
CHD9,0.928181
MKNK1,0.763152
ASPH,0.995567
INPP4A,0.786086
PLCL1,0.979297
ST8SIA1,0.786086
PDZD4,0.989684
TTN,0.768623
MYO5B,0.937021
PKMYT1,0.938748
USP24,0.829731
RNF19B,0.931109
UBE2R2,0.931060
SAP130,0.906777
TICRR,0.811615
