GENE,ENVISION
P4HA3,0.773907
RBBP6,0.743696
SLC22A12,1.010070
SLC8B1,0.715430
DCLK2,0.950592
