GENE,ENVISION
SLC20A2,0.931151
PTPN18,0.933131
CREBBP,0.852551
NSD1,0.835403
USP31,0.993006
PRKD2,0.951175
