GENE,ENVISION
PTPRN2,0.943318
SLC20A2,0.960702
NCOA3,0.900508
PRPF19,0.905772
MKNK2,0.968891
TNIK,0.781032
