GENE,ENVISION
MSMO1,0.943359
TRIM32,0.869957
DUOX2,0.958791
USP25,0.786678
PPP1R3A,0.814937
PNPLA2,0.837413
TTN,0.710674
CA5B,1.010700
DNMT3A,0.787101
WNK2,0.846439
CSNK1G2,0.993847
STK3,0.990394
SLC26A9,0.875170
DUSP16,0.935393
LRP2,0.814432
INPP5D,0.795488
SLC17A6,1.091670
PARP15,0.988938
PDK1,0.828759
MDH1B,0.853407
PTPRK,0.923748
HIBCH,0.937895
