GENE,ENVISION
GALM,0.816543
RNF180,0.858357
SLC2A9,1.018660
MELK,0.991819
