GENE,ENVISION
GALNT14,0.890623
ALDH6A1,0.818125
