GENE,ENVISION
XPO6,0.764378
ATP1B4,0.802185
RIPK1,0.961595
GALE,0.523365
SLC12A7,0.938247
ATP11C,0.945469
TTN,0.700926
USP29,0.871325
AANAT,0.771061
NNT,0.854225
FABP9,0.939391
