GENE,ENVISION
FLVCR1,0.917249
SLC29A4,0.825462
MAN2C1,0.923632
ACSM2B,0.754767
