GENE,ENVISION
ATP6V0D2,0.912299
OGDH,0.861177
LPPR4,0.843570
PHKB,1.074900
