GENE,ENVISION
B3GNT5,1.000860
KMT2A,0.918705
DHRS9,0.855558
PARP14,0.826439
GK2,0.977392
NEK1,0.850438
POLE,0.709904
SLC27A4,0.966363
STK39,0.929052
ROR1,0.518661
