GENE,ENVISION
ATP8A1,0.739411
CERK,0.988526
SLCO1B1,0.922001
TTN,0.720931
B3GAT2,0.845853
SLC27A6,0.970742
PIP4K2C,0.856204
CBLL1,0.920855
