GENE,ENVISION
GPLD1,0.788952
VKORC1,0.938347
NEK5,0.910535
CDK6,0.466152
MAP3K15,0.481923
