GENE,ENVISION
TSSK1B,0.971057
B3GALT1,0.794436
ABCA3,0.960425
SLC6A13,0.925827
CHST2,0.974405
TXNRD1,0.768623
