GENE,ENVISION
SLC7A3,0.957837
LPPR4,0.708016
B3GALT1,0.821736
CHST12,0.993593
