GENE,ENVISION
RNF14,0.981281
CHST11,0.813869
TUSC3,1.008780
SLC17A4,0.985788
CDO1,0.921973
GLYAT,0.945236
PLXNB3,0.991222
ATP2B3,0.825700
