GENE,ENVISION
USP45,0.813006
SUV39H2,0.866475
