GENE,ENVISION
PNLIPRP3,0.838903
ATP11C,0.984850
NDST4,0.845341
CSNK1A1L,0.993038
ALG5,0.976352
ATR,0.860101
TTN,0.856204
KDSR,0.979746
GAD2,0.869205
