GENE,ENVISION
ASH1L,0.917680
NCOA6,0.934696
HECW2,0.821968
STUB1,0.836077
PPAT,0.914251
TTN,0.752854
CANT1,0.723128
