GENE,ENVISION
RNF149,0.821028
PLCH1,0.910860
SSH1,0.963529
