GENE,ENVISION
CAMK2D,0.773377
CDK12,1.003880
