GENE,ENVISION
MAP4K2,0.768586
SLC38A2,0.841635
PDE1C,1.023040
CARM1,0.731436
SLC7A3,0.893249
FKBP5,0.720931
DYRK4,0.996751
UPB1,0.732923
