GENE,ENVISION
FHL2,0.860577
SLC17A7,0.966650
LGSN,0.851760
PARP10,0.806164
