GENE,ENVISION
STK32B,0.762093
CPT1C,0.826298
ADCY1,1.012140
UBR4,0.885628
