GENE,ENVISION
AATK,0.967113
UST,1.003420
SPHK2,0.758012
