GENE,ENVISION
RIPK1,1.012890
ATP2B3,0.764008
PCYT2,0.920760
FKBP8,0.850736
SLC5A5,0.952124
