GENE,ENVISION
PARP12,0.906149
CMAS,0.742126
DYRK1A,1.061950
UGT1A8,1.000760
COQ5,1.004110
SETD2,0.799349
ABCC11,0.900720
