GENE,ENVISION
CYP27A1,1.015430
SLC28A3,0.970390
KAT6A,0.847087
CYP24A1,0.818479
