GENE,ENVISION
CDK12,0.843373
GLB1L,0.900891
