GENE,ENVISION
ATM,0.820425
NMNAT1,0.979298
PHKB,1.028450
