GENE,ENVISION
PTPN18,0.830988
PPT2,0.762927
GDE1,0.911282
PGS1,0.924769
LRP1,0.826942
DUSP4,0.921728
ATP6V1C2,0.824836
IP6K3,0.786356
