GENE,ENVISION
SLC12A1,0.858927
USP20,0.993655
