GENE,ENVISION
IARS2,0.926093
PNKP,0.852529
UBE3C,0.860622
UCKL1,0.942412
TTN,0.745842
PDE4B,0.945099
PDE10A,0.770409
