GENE,ENVISION
TIAM2,0.796049
CDC42BPA,0.940642
NAGK,0.935934
