GENE,ENVISION
RPS6KA2,0.585228
DZIP3,0.830856
SLC13A1,0.882214
ACSF3,0.991784
SLC13A4,0.832898
PANK3,1.011380
RBBP6,0.863766
SLC12A7,0.918735
