GENE,ENVISION
HACD3,0.798241
L2HGDH,1.006330
ALK,0.920792
SLC28A3,0.934541
SLC24A2,0.916588
ILK,0.821141
MAPK14,0.910818
GLB1L,0.894865
PJA1,0.898302
STT3B,0.718498
FADS3,0.918568
UBR4,0.855073
