GENE,ENVISION
TRIM11,0.993123
PHYKPL,0.867904
SLCO3A1,0.923346
AGPAT6,0.802521
PRODH2,1.032240
PLCL1,0.769568
DGKB,1.095930
PNPLA7,0.818763
TTN,0.710091
PLCD3,0.988543
EPHA10,0.853689
SLC26A8,0.922970
PAK6,0.829043
PDE10A,0.913005
ADHFE1,0.768586
