GENE,ENVISION
B4GALNT4,0.727085
GGTLC1,1.017550
RPUSD4,0.983788
P4HA3,0.848953
GAL3ST3,0.820835
POLI,0.963925
