GENE,ENVISION
MYO3A,0.868529
DAGLA,0.938406
MAPKAPK5,0.942775
TUSC3,0.932882
