GENE,ENVISION
MYO3A,0.864913
LGSN,1.027480
UBE3B,0.918805
CYP4F8,1.014830
NOX3,0.762629
SLC12A6,0.981075
SSH2,0.912440
TTN,0.792458
PPP1R3C,0.922717
TRIP12,0.867712
SACM1L,0.918227
