GENE,ENVISION
SPHK2,0.813193
PPP2R3A,0.909586
SMG1,0.984598
ADCY2,0.950421
EXT1,0.944620
ALG1,0.952331
PDE3A,0.825824
EP300,0.881526
TXNRD1,0.870545
