GENE,ENVISION
LRP2,0.798659
PLXNB3,0.988576
PHEX,0.860713
PLCB4,0.867317
PTPRH,0.933515
POMGNT1,1.024010
METTL3,0.863597
MST1R,0.901667
ACSL5,0.875117
ALG10,0.872034
POLE,0.813897
DUSP9,0.885822
TTN,0.994092
TRIM32,0.978271
NSD1,0.973689
POLN,0.916977
USP33,0.921264
IP6K1,0.886119
DYRK4,0.944034
