GENE,ENVISION
USP29,0.762526
CYP2A13,0.788580
RBBP6,0.849849
RIPK3,0.864599
CDC42BPG,0.941658
TTN,0.762629
NT5C1A,0.950715
USP34,0.751919
