GENE,ENVISION
PTPN11,0.977710
KMT2E,0.772849
