GENE,ENVISION
FASTK,0.984286
SRMS,1.093870
CAMK4,0.982733
TUSC3,0.816799
