GENE,ENVISION
SLC14A2,0.946504
B3GNT3,0.798330
AMPD3,0.707454
PHKB,1.001920
POLE,0.924708
PLCH1,0.815467
RPE,0.857488
TTN,0.779507
NSD1,0.796340
COQ6,1.000150
