GENE,ENVISION
NCOA6,0.982604
GALNT13,0.785034
PPP1R3A,0.949728
ACAD9,0.930771
NPAS2,0.889278
TPH2,0.820450
HIPK1,0.950483
TTN,1.006760
EP300,0.764505
