GENE,ENVISION
MAP4K1,0.844177
POLA2,0.979376
DZIP3,0.999091
