GENE,ENVISION
DMPK,0.947556
HSPG2,0.985271
XYLT1,0.953661
CDC42BPB,0.837407
PRKD1,0.825137
STK38,0.897630
SLC4A8,0.870574
