GENE,ENVISION
PANK1,0.972200
MOGAT2,0.734462
INPP5D,0.768465
MTMR3,1.008440
SLC17A8,0.839274
