GENE,ENVISION
HECTD2,0.858410
MARCH10,0.834427
CAMK1G,0.763194
NCOA6,0.900802
MAN1B1,0.743605
TNIK,0.848229
DMGDH,0.974962
PTPN23,0.766015
LGSN,1.035180
ANKRD1,1.006760
NDST4,0.582537
CYBRD1,0.808537
GUCY1A3,0.854963
CES5A,0.757592
ZSWIM2,0.967358
FMO2,0.976094
LIPG,0.894166
PIGG,0.859985
SUV39H2,0.856592
MINK1,0.865063
HERC3,0.789076
SMG1,1.006700
ROR1,0.845407
SLC2A9,0.941910
ACOX2,0.859929
PARP14,0.816809
MTHFD1L,0.849470
PTPRJ,0.904198
SLC22A16,0.991352
SLC17A6,0.874616
GLS2,0.941017
