GENE,ENVISION
KMT2C,0.858048
SLC4A10,0.911903
NCOA3,0.859985
CTDP1,0.896572
MKRN3,0.771596
TTN,0.702416
PTPRO,0.832170
MUL1,1.006420
SLC22A9,0.926871
GAD2,0.774926
