GENE,ENVISION
AMDHD1,0.833231
ABCG2,0.883131
SLC7A8,0.794275
