GENE,ENVISION
ITPK1,0.927352
PNLIPRP3,0.878933
SLC36A4,0.891286
ADCY2,0.545329
PIGG,0.849898
ACSM3,1.027050
DHRS9,0.796928
UGT2A3,0.814013
UGT2A1,1.012000
ELOVL2,0.762927
MYLIP,0.757458
TAOK1,0.913926
AWAT2,0.950179
ABCC11,1.019250
