GENE,ENVISION
KMT2A,0.843067
TGM3,0.584985
FARSB,1.011350
SARDH,0.834023
MARK2,0.980683
ELP3,0.914251
HAS1,0.880792
CSGALNACT1,0.842570
