GENE,ENVISION
KMT2C,0.810600
KMT2A,0.916785
NEDD4L,0.936281
PIPOX,0.745842
RGL1,0.818744
CDS1,0.801775
PTPN11,0.860566
CHD9,0.791187
HERC1,0.913092
PPAPDC3,0.861536
HECW1,0.919162
PRKCQ,0.831813
