GENE,ENVISION
CERS6,0.846802
ALDH6A1,0.833131
SLC7A5,0.946414
ERBB4,0.942658
