GENE,ENVISION
CAMK2B,0.621513
USP10,0.973265
PI4K2A,0.842732
ATP2B3,0.814095
SLC27A1,0.942551
USP20,0.874009
