GENE,ENVISION
HUWE1,0.776943
SLC32A1,0.793941
WNK1,0.982604
NDST4,0.925115
CARM1,1.016400
SLC12A6,1.016910
DYRK2,0.842732
ATR,0.975344
TTN,0.803720
MLKL,0.950838
PTP4A2,0.850983
SPEG,0.819713
