GENE,ENVISION
CDK12,0.778646
NIT2,0.912211
