GENE,ENVISION
SLC41A1,0.953754
CERS4,0.941390
USP3,0.952455
NEK1,0.917962
PARP14,0.909808
PIKFYVE,0.795911
CLCF1,0.813835
UGT2A1,1.000530
CTDP1,1.001160
ST8SIA1,0.976422
ELOVL4,0.819676
TTN,0.700684
GGT7,0.769878
