GENE,ENVISION
LRP1,0.814909
CYP4A11,1.049580
UGT1A10,0.983318
GSTK1,0.820123
