GENE,ENVISION
AACS,0.908378
USP48,0.896861
FUT8,0.547632
