GENE,ENVISION
MYO3A,0.743696
MIA3,0.961557
MKNK1,0.764378
PRPF4B,0.821845
ILK,1.006530
HECW2,0.758585
NT5DC3,0.759907
HIRIP3,0.899609
