GENE,ENVISION
AACS,0.986075
RNF167,0.886540
SLC2A6,0.785953
AGPAT6,0.976792
SRD5A3,0.761699
UBE2W,0.920246
