GENE,ENVISION
MAP4K3,0.770353
PLCB4,0.847824
UBE2O,0.979225
EPHA7,0.832583
NARS2,0.968360
KMT2A,0.812178
ACSM2A,0.583153
EIF2AK4,1.009650
USP26,0.901076
PDPR,0.744741
PDZD4,1.013430
TTN,0.675791
HEPH,0.900960
SPEG,0.851697
ALG13,0.942757
