GENE,ENVISION
HUWE1,0.865187
ENTPD2,0.813224
DHRS9,1.004550
HSPG2,0.898790
PDIA2,0.837429
MBOAT2,0.750770
TTN,1.007320
IRAK3,0.975422
IL4I1,0.755788
SLC22A8,0.877420
