GENE,ENVISION
RGL1,0.726543
HSPG2,0.814173
SUV420H1,0.773902
