GENE,ENVISION
KANSL3,0.891456
LRP2,0.750145
PTPRN,0.884290
FUT7,0.950667
CDK15,0.866303
