GENE,ENVISION
RPE65,0.882372
CYP46A1,1.012640
STK31,0.790467
