GENE,ENVISION
NARS2,0.913088
UGT2A1,0.855409
ILKAP,0.846063
ADHFE1,0.913923
SLC27A5,0.930179
SLC26A9,0.908448
SLC4A8,0.951671
