GENE,ENVISION
GALNT14,0.831398
KYNU,0.827351
PPA1,0.883463
TOPORS,0.870544
