GENE,ENVISION
SLC38A4,0.834365
MBOAT2,0.904469
DGKH,0.996569
PPWD1,0.816712
DOT1L,0.917447
USP34,0.960840
