GENE,ENVISION
HECTD2,0.918802
ZCCHC11,0.792561
SMG1,0.900419
CYP2A13,0.833423
PARP14,0.983628
ATR,0.937440
CTBP1,0.681220
SLC24A4,0.961199
DUSP27,0.783457
