GENE,ENVISION
SPEG,0.895002
SLC24A4,0.797111
