GENE,ENVISION
CLYBL,0.838477
MYO5B,0.840246
MTRR,0.826058
