GENE,ENVISION
SLC38A1,0.816404
SLC22A10,0.820158
AMDHD1,0.770409
MGAT2,0.881069
CDK5,0.792842
CCBL2,0.671274
