GENE,ENVISION
DAGLA,0.785228
RPS6KA6,0.775098
DPYD,0.938114
USP28,0.856204
CDK13,0.848778
DDR1,0.929284
BMP2K,0.998711
RNF185,0.798275
PIK3R5,0.969815
MARK1,0.887162
EPHA10,0.874411
CWC27,0.798913
