GENE,ENVISION
B4GALNT1,0.832141
AHCYL2,0.855324
CLYBL,0.872142
SLC13A3,0.979644
PLCL2,0.872785
PHLPP2,0.915949
PLIN4,0.802308
