GENE,ENVISION
GPAM,1.016220
LGSN,0.831701
STK31,0.982283
AMPD2,0.976811
CHIT1,0.587172
GK2,0.842237
MDH1B,0.865004
CDC42BPA,0.942130
BIRC6,0.854697
UGT1A7,0.959514
UGGT2,0.840459
TTN,0.969750
