GENE,ENVISION
CHST13,0.855814
SIRT7,0.961677
SLC30A1,1.014760
SLC5A12,0.975177
PIK3R5,0.682504
SLC22A7,0.835027
TRIP12,0.769009
CLK4,1.008960
