GENE,ENVISION
SLC6A3,1.016510
SLC4A10,0.779802
TSSK1B,1.015150
HS3ST2,0.814173
CDO1,0.769878
MAPKAPK3,0.719288
AWAT1,0.760586
EHMT1,0.856541
ASAH2,0.983005
SDR16C5,1.020830
USP43,0.903970
TTN,0.776893
LDHD,0.978543
PNPLA8,0.869567
PLCB1,0.807957
KMT2A,0.849496
FRMPD2,0.977595
ATP2B3,0.976651
SLC17A8,0.933320
MYLK,0.990165
USP51,0.880315
CREBBP,0.759106
