GENE,ENVISION
TMX3,0.964882
ULK4,0.841795
SLC25A18,1.067870
