GENE,ENVISION
RPS6KA2,0.931308
MGAT4C,0.863197
HECW2,0.856204
UBR4,0.853856
