GENE,ENVISION
ATP1B4,0.731166
TYRO3,0.933714
