GENE,ENVISION
CYP1B1,0.793620
CBX1,0.908054
LPCAT1,0.977295
