GENE,ENVISION
SLC10A2,1.018480
MOGAT3,0.891409
DYRK4,0.817740
B3GALT5,0.986168
TLK2,0.820824
WNK2,0.746629
ATP6V1H,0.880584
SLC12A5,0.782298
HERC3,0.780949
MARK1,0.875904
RDH12,0.864388
NRF1,0.818064
