GENE,ENVISION
PLXNB3,0.845327
HECTD1,0.876316
SMG1,0.843770
ADCY2,0.949133
PEAK1,0.915792
SSH2,0.942574
ACOT12,1.019600
