GENE,ENVISION
UGT2B28,0.760884
CYP4X1,0.995551
SETDB1,0.766666
GLTP,0.861416
