GENE,ENVISION
PLCB1,0.766963
COASY,0.899376
ALK,0.787181
UGT3A1,0.814156
MELK,0.755898
SLC5A11,0.835567
POLR3B,0.844934
SLC25A13,1.004080
TYRO3,0.867844
