GENE,ENVISION
NOX3,0.868167
PLCB3,0.703421
TLK1,0.899240
TTN,0.855516
