GENE,ENVISION
SHPK,1.005980
CDC14A,0.956519
SLC4A4,0.979457
PIGT,0.964146
ABCC8,0.903777
EYA1,0.877921
