GENE,ENVISION
NADSYN1,0.980183
SLC22A11,0.885372
