GENE,ENVISION
ACOT12,0.958988
PIK3R5,0.914527
