GENE,ENVISION
OCRL,0.763399
PDE1B,0.955717
B3GNT2,1.020510
