GENE,ENVISION
UGT8,0.971371
G6PC3,0.851677
EZH1,0.854838
LATS2,0.733636
USP9X,0.867712
POLR3C,0.904791
PI4K2A,0.786678
PLIN4,0.995732
GAD1,0.780912
SLC9A5,0.860793
PPT2,0.774066
DPYS,0.800518
PNPLA2,0.973577
pk,0.878272
DYRK1B,0.861376
UGGT2,0.982262
SLC35C1,0.916863
SIAH1,0.854868
PADI3,1.004340
SSH2,0.790599
PAPD4,0.972061
RNF19A,0.828573
HIPK2,0.854753
SLC17A7,0.844184
EPT1,0.769357
FARSA,0.772004
OXCT2,0.929213
PDE4D,1.009010
