GENE,ENVISION
MYO3A,0.855075
CYP4F22,0.983045
KMT2E,0.859730
SLC7A9,0.959945
BIRC6,0.883382
HSPG2,0.799618
CDKL3,0.922656
PIGO,0.840137
TNIK,1.014700
STRA6,0.931673
COQ5,0.829221
PNKP,0.921771
GAD1,0.953300
