GENE,ENVISION
PTPRN2,0.934682
KMT2A,0.784886
PARP8,0.899240
ADCY1,0.639726
PTK7,0.786133
ENPP7,0.756688
USP29,0.901225
DGAT2,0.891742
MARS2,0.931700
PLCL1,0.759521
SLC6A19,0.997122
TTN,0.700248
PIGO,0.901779
HEPH,0.944107
NCOA6,0.894721
ATP6V1E2,0.853437
PTPRR,0.727329
