GENE,ENVISION
PLCB4,0.930453
MAP2K5,0.862469
CAMK1G,0.737101
HSPG2,0.858761
PLCL2,0.917646
MARS2,0.907750
DPYS,0.781605
MAP3K11,0.839414
SLC4A7,0.952069
CTSF,1.013810
MIA3,0.917216
GDE1,0.955827
EYA1,0.844775
AGPAT9,0.846335
ATP6V0A1,1.010460
