GENE,ENVISION
ACOX2,1.006660
NCOA3,0.926140
PIPOX,0.914392
SLC30A1,0.804718
SLCO1C1,0.949970
