GENE,ENVISION
LRP2,0.914368
NCOA3,0.868061
LRP1,0.882576
PTPRS,0.908438
XPO6,0.805446
NTRK2,0.956578
NSD1,0.967476
PLXNB3,0.994231
EP300,0.853734
ABCC2,1.022950
UBR4,0.982754
