GENE,ENVISION
SMURF1,0.979707
HECTD1,0.898381
COMTD1,1.010330
RAD18,0.963613
RNF182,0.915869
CSNK1G2,0.584421
TPH2,0.921577
TTN,0.780988
PRKCQ,1.011870
SHPRH,1.006370
EYA3,0.856937
REG3A,0.944073
