GENE,ENVISION
PGLYRP3,0.988733
NSD1,0.743852
KCNJ11,0.871564
SLC2A14,0.864649
USP26,1.022610
