GENE,ENVISION
EP300,0.706385
ACSBG2,0.956746
PEAK1,0.714651
ACSF3,0.858498
SLC36A2,0.924993
PPAPDC1A,0.867317
MIA3,1.002350
DYRK1A,0.766044
SLC26A11,0.894661
