GENE,ENVISION
SULT4A1,0.814173
TRHDE,0.857856
MAST1,0.778646
POLE,0.752854
RNF115,0.801731
HAS1,0.719288
TESK2,0.814173
