GENE,ENVISION
SFXN3,0.766082
ACER3,0.796257
SMURF2,1.007300
ACVR1,0.834335
MTR,0.885544
ATM,0.744224
OXSM,0.831117
MAP3K4,0.918755
RBBP6,0.769438
STK11,0.614314
PANK2,0.934942
GALNT8,0.973841
TTN,0.979831
MAN2C1,0.818568
SPEG,0.818568
CYP1B1,0.780079
TOPORS,0.779809
