GENE,ENVISION
PTPRN2,0.784677
KMT2A,0.683818
STK11,0.605578
DGAT2,0.855398
SLC8A2,0.883747
ETNPPL,0.910969
MAST1,0.866475
LPPR3,0.973312
NTRK3,0.977037
TRPM6,0.981059
TRPM7,0.820237
SLC25A11,0.957455
CHST6,0.820402
