GENE,ENVISION
SLCO4A1,0.903552
PHEX,0.846081
DUSP19,0.976058
IKBKE,1.006180
