GENE,ENVISION
PPIG,0.855075
SLC6A3,0.836578
GALNTL5,0.844012
ULK4,0.925569
