GENE,ENVISION
SLC47A1,0.722545
SLC24A2,0.858722
ACSM2B,0.844409
QPCT,0.728663
