GENE,ENVISION
NSD1,0.954569
SLC22A9,0.808287
