GENE,ENVISION
EYA1,0.881855
ADCY2,0.963934
