GENE,ENVISION
SPCS1,0.972719
ERBB4,0.604061
TGM7,0.803952
TKTL2,0.913369
SPEG,0.811927
TNKS2,0.763930
