GENE,ENVISION
TRMT11,1.060940
PTPN13,0.819179
RAD18,0.802714
SLC12A5,0.834325
ABCC8,0.982285
TTN,0.777038
SLC12A1,0.945136
SLC5A5,1.011160
