GENE,ENVISION
LRP2,0.890246
PLA2G12B,0.919823
FMO1,0.912001
CDC42BPB,0.896736
