GENE,ENVISION
LRP2,0.917962
PDE1C,0.841963
PDPR,0.719643
MAP2K5,0.774936
SLC13A1,0.737900
