GENE,ENVISION
ADCY4,0.968529
KAT6A,0.814825
LPPR2,0.952509
