GENE,ENVISION
VRK1,0.900149
LGALS13,0.889707
RFWD2,0.902307
ADCY1,0.974844
ACVR1C,0.576603
PKN1,0.864009
BIRC6,0.977859
GCNT1,0.852756
ETNPPL,1.061560
SLCO1B1,1.030520
SLC4A4,0.972764
POLE,0.820237
TTN,0.732374
B3GAT2,1.005990
SLC26A8,0.903936
SPEG,0.899974
ABCC11,1.004650
ERN2,0.956142
REG3A,1.051610
