GENE,ENVISION
SLC29A4,0.895784
TTN,0.644344
