GENE,ENVISION
LMTK3,0.927415
UBE2D4,0.945845
DHRS2,0.907977
CANT1,0.829013
DUSP5,0.767808
PSKH2,1.021030
DGKD,0.979140
