GENE,ENVISION
MYO3A,1.000960
AOX1,0.794710
USP17L2,0.843039
PLK3,0.943618
UGT2A1,0.937579
DMGDH,0.882087
HCST,0.900415
EHMT1,0.875394
PPAPDC1A,0.772704
CDK15,0.801769
CDC42BPA,0.669912
AASDH,0.857934
SLC32A1,0.954753
TTN,0.856204
PIGF,0.840506
PEAK1,0.818720
ACSM2B,0.656878
FPGS,0.775940
LRP2,0.819432
INPP5D,0.919358
DZIP3,0.867994
PTPN13,0.969399
FARSA,0.872550
SLC6A14,1.013980
PTPRK,0.896528
PRKD1,0.806764
