GENE,ENVISION
GDPD2,0.755709
PPAPDC3,0.877431
CDK10,0.921458
MTHFD1L,0.776195
CYP4F8,0.964070
CYP2A13,0.921447
UBA3,0.855347
