GENE,ENVISION
ADCY4,0.905357
PLD4,0.935135
STK11,0.556006
USP15,0.924570
