GENE,ENVISION
AADAT,0.800866
B4GALNT2,0.746730
PIGQ,0.995163
MKRN2,0.860337
HEPH,0.948237
FUT9,0.843097
