GENE,ENVISION
HERC1,0.815900
MAP3K1,0.992595
PNPO,1.019980
UBR4,0.862469
