GENE,ENVISION
KMT2A,0.836498
PLCB3,0.994254
XYLT1,0.824694
POLR1B,0.984609
TTN,0.921362
ENGASE,0.977425
