GENE,ENVISION
UBE2Q2,0.917223
PLCB3,0.890436
SGK223,0.919233
ACSF2,0.870853
HAGHL,0.831179
SLC36A1,0.789309
FKBP5,0.915913
MAP3K9,0.894058
TTN,0.853689
SPEG,0.990312
ST6GALNAC1,0.862423
