GENE,ENVISION
NDUFA5,0.727305
PKN1,0.987329
ALG6,1.004370
NOX4,0.863167
NEU2,0.974345
GGT7,0.786783
