GENE,ENVISION
ATM,0.964390
SH3RF2,0.855075
USP35,0.949981
