GENE,ENVISION
MAST1,0.791852
B3GALNT2,0.905781
TGM7,0.895578
CDKL3,0.945672
MAP3K5,0.680611
SLC12A4,0.809434
BDH2,0.889088
