GENE,ENVISION
RHBG,0.952865
TRHDE,0.820425
PPP1R3A,0.936758
RAD18,0.786692
CHSY3,0.990446
CHKB,0.800459
USP9X,0.863643
TTN,0.936844
ZNF645,0.878085
TAOK2,0.766807
CSGALNACT1,0.854838
