GENE,ENVISION
PGAP1,0.857244
SLC26A1,1.004740
ABCC8,0.723919
TTN,0.916516
SLC15A2,0.940338
SLC22A8,0.824044
RNF31,0.921068
