GENE,ENVISION
DUOX1,0.919918
CYP8B1,0.819529
PNPLA7,0.971895
GGT7,0.983062
PRKG2,0.793315
CWC27,0.880540
