GENE,ENVISION
USP38,0.838532
ASH1L,0.766755
SLC9A2,0.905881
