GENE,ENVISION
GALNT14,0.802014
LRP1,0.874009
PRPF19,0.905671
GSTA5,0.818986
NDST4,0.971192
NOX3,0.821121
AKT3,0.745612
USP32,0.955842
HECW1,0.843373
UBR1,0.955014
ROR2,0.742206
PNPLA6,0.893503
