GENE,ENVISION
LRP2,0.976884
CYP2A13,0.719052
LRP1,0.870498
GALNT1,0.964135
