GENE,ENVISION
KMT2A,0.865923
DNMT3A,0.855406
PPP1R3A,1.004550
HAGH,0.846819
GALNT5,0.855824
ST6GALNAC5,0.882501
