GENE,ENVISION
SLC4A5,0.957594
BRSK2,0.986159
ABCC11,1.007460
RPE65,0.902951
FRMPD2,0.969119
UBE2R2,0.842566
CYP26B1,0.974112
STK31,0.975464
TNIK,0.929052
HECW2,0.854838
BIRC6,0.953949
PLIN4,0.810369
PNPLA8,0.784663
USP34,0.851668
LRRK1,0.881095
