GENE,ENVISION
MAP4K3,0.798945
WWP1,0.769765
MOGAT1,0.858912
