GENE,ENVISION
DAGLA,0.971292
DPYS,0.684564
SLC12A5,1.035870
EIF2AK1,0.790467
RPE65,0.963461
DHODH,0.860263
HERC1,0.907016
KAT2B,0.989642
PHKB,0.965885
FASTK,0.845461
GALE,0.523365
SDR42E1,1.015070
CLYBL,0.992280
PHLPP2,0.770409
ROR2,0.963205
