GENE,ENVISION
SLC38A4,0.951441
RPS6KA2,1.016870
LIPE,0.947292
ASAH2,0.860510
AMN,0.949980
SLC7A6,0.850510
BIRC6,0.866798
PNPT1,0.882493
P4HA3,0.769009
PIK3R3,0.770930
ZSWIM2,1.004680
DGUOK,0.813166
PIGZ,0.818343
CSGALNACT2,0.979816
