GENE,ENVISION
STK32C,0.733024
PLXNB3,0.944923
NDUFA5,0.910849
SLC17A8,0.976096
HAS1,0.973376
ADCY2,0.752172
PTPN12,0.869306
HUWE1,0.869260
RPAP2,0.974648
ROR2,0.557343
COLGALT1,0.767475
PTK2B,0.985309
PIGS,0.916653
FAR1,0.881783
DUSP4,0.916720
PDE11A,0.987282
SLC24A2,0.873385
GAD1,0.757419
