GENE,ENVISION
MAP4K3,0.673531
NEK1,0.797250
CAMKK1,0.938378
NDUFA9,0.868039
PPIL2,0.762629
POLI,1.006930
