GENE,ENVISION
CAMK2D,0.923615
INPP4A,0.834802
USP42,0.979004
GNPTAB,0.937327
PTK2B,0.761379
MED1,0.869306
USP34,0.835412
