GENE,ENVISION
CTBP1,0.713653
XPO6,0.989261
SLC35B2,0.767384
PRKCD,1.005470
MTMR2,0.752854
