GENE,ENVISION
LARS,0.855426
ASH1L,0.917923
PPP1R3C,0.935026
MYLK,0.822916
HS3ST5,0.834213
ATP6V1G3,0.806260
MTMR3,0.818562
