GENE,ENVISION
PLCB1,0.867746
EHMT2,0.912074
ALK,0.953091
USP44,0.959043
NUAK2,0.952278
UBE3A,0.735852
GSTM4,0.762780
MOCS1,0.961359
TECRL,0.980013
CWC27,0.900057
SLC24A4,0.823227
MYBBP1A,0.848341
