GENE,ENVISION
MARCH10,0.948189
LRP1,0.754167
UBLCP1,0.865227
GPT2,0.906426
UGGT2,0.818356
EIF2AK4,0.824688
ETFDH,0.537576
DYRK2,0.719785
UAP1L1,0.808343
PTPRK,0.766963
