GENE,ENVISION
TRHDE,0.770409
WNK3,0.981024
PRPF4B,0.943973
CSNK1G3,0.940981
MYO5B,0.845809
PDE11A,0.853106
