GENE,ENVISION
USP17L2,0.842271
PIGB,0.993371
SMG1,0.818581
CYP4Z1,0.990135
KMT2E,0.923259
STYXL1,0.827698
MIB1,0.891255
MAP3K4,0.782258
EZH1,0.860577
YARS2,0.859293
SLC25A21,0.911034
TTN,0.766082
RNF146,0.811699
