GENE,ENVISION
SLC9A4,0.884607
RPS6KA6,0.942965
TREX2,1.000110
USP4,0.923698
TBCB,1.003210
CES3,0.780199
TTN,0.694788
MARK2,1.007080
FUT9,0.869063
