GENE,ENVISION
DPAGT1,0.930891
DZIP3,0.986411
WNK3,0.932117
PARP14,0.715283
PIGM,0.939547
TTN,1.016637
PRKCQ,1.020920
USP25,0.831444
