GENE,ENVISION
MTMR7,0.753373
BIRC6,0.831473
PPP1R3A,0.984222
ADCY2,0.912390
RNF31,0.955962
