GENE,ENVISION
SLC20A2,0.802629
CAMK4,0.773004
USP43,0.892951
UEVLD,0.805026
MAPK6,0.830686
USP24,0.956068
MCCC1,0.968829
