GENE,ENVISION
RPS6KA6,0.703558
B4GALT7,0.847770
