GENE,ENVISION
SLC4A7,0.943168
CANT1,0.836603
