GENE,ENVISION
SLC4A10,0.928436
SGK223,0.895904
CDK10,0.764378
CYBRD1,0.774837
SLC12A4,0.811543
ABCA4,0.837183
PPAT,0.857831
GDE1,0.967105
