GENE,ENVISION
PDE11A,0.988822
SLC13A4,0.872346
TICRR,0.793032
