GENE,ENVISION
ITK,0.960771
XPO6,0.869488
PTPN13,0.862597
HSPG2,0.999329
NPAS2,0.922546
PTGIS,0.861143
STK38L,0.901958
CHST9,0.959661
UST,1.066800
HECW2,0.857830
FRMPD2,0.785906
MTMR2,0.871160
