GENE,ENVISION
MAST2,0.966875
ATM,0.805362
CTDSP1,0.987053
EIF2AK4,0.908743
