GENE,ENVISION
LRP2,1.076260
PNLIPRP3,0.917362
RFWD2,0.820924
PPP2R3B,0.929088
UGT3A1,1.040570
SLC7A3,0.967261
SSH2,0.967708
PDP2,0.808974
PLCE1,0.929371
HEPH,0.769342
SH3RF2,0.855075
UBE2U,0.984537
