GENE,ENVISION
MAN2C1,0.840592
UBE2O,0.719288
WWP1,0.770409
SLC35A2,0.700859
ST6GALNAC5,0.719288
POLH,0.691041
