GENE,ENVISION
TGM3,0.578826
GCNT1,0.772271
ERBB4,0.703667
PTGES2,0.908289
GK2,0.782933
CHST9,0.944001
PLIN4,1.013900
ALG14,1.003320
DUSP10,0.966355
