GENE,ENVISION
NOX1,0.913687
POLN,0.925906
USP47,0.921501
OCRL,1.022140
CSAD,0.660191
