GENE,ENVISION
ALK,0.812893
CAMK2D,0.875511
SLC24A2,0.759876
PTGES3,0.788684
NOX3,0.824169
HECW1,0.762927
TTN,1.040920
SLC5A8,0.826228
USP34,0.846184
HEXDC,0.994892
ABCG5,0.994806
