GENE,ENVISION
CHD9,0.874460
CDK13,0.782411
CDKL2,1.017810
ALDH6A1,0.916857
CLYBL,0.978015
TRPM6,0.980035
