GENE,ENVISION
ASAH2,0.792561
PDE1C,0.832954
USP44,0.962067
SLC17A6,0.938258
MASTL,1.014230
GUCY1B3,0.784150
