GENE,ENVISION
ITPA,0.881155
SLC12A6,0.935061
ALG13,0.952662
