GENE,ENVISION
SLC9A4,0.930103
MYO3A,0.902475
ATP6V1F,0.803506
TBL1XR1,0.848945
ENOPH1,0.806364
PRKDC,0.796631
SLC6A19,1.012070
