GENE,ENVISION
DNMT3B,0.789915
KMT2B,0.777880
GALNT14,0.853727
PPP1R3A,0.900921
WNK1,0.923642
ALDH6A1,0.922665
TGS1,0.771243
MOGAT3,0.908985
POLN,0.892018
SLCO4A1,0.783457
FUT9,0.792561
MAP3K15,0.981590
