GENE,ENVISION
PLA2G15,0.856737
PKN2,0.843999
B3GNT3,0.861536
