GENE,ENVISION
SLC6A3,1.001540
MAP4K1,0.857845
MARCH4,0.900594
LPPR4,0.879694
NCOA1,0.899003
SLC6A18,1.005840
DUSP9,0.940511
TTN,0.758177
SRD5A3,0.790467
GGH,0.921135
DAGLA,0.755730
ART3,0.825376
SLC38A1,0.907705
PLCL2,0.986464
ACSM2B,0.944842
HERC3,0.717424
KYNU,0.706387
SLK,0.817656
PLA2G4C,0.863297
USP31,0.803785
ALG13,0.898562
ABCC11,0.990867
PTPRS,0.955698
RPS6KA6,0.965197
MST1R,0.976975
AZIN2,1.023890
MGAT3,0.848669
ATP6V0A1,0.924185
PRKD1,0.743765
