GENE,ENVISION
USP44,0.952453
SLC22A9,0.755889
TTN,0.989404
SMYD3,0.769810
