GENE,ENVISION
FMO1,0.922368
KMT2E,0.992240
CAMK1G,0.599779
USP47,0.844934
CYP4F11,1.004730
PPP2R2C,0.794882
MTMR2,0.922501
HERC1,0.774870
USP43,0.917980
TTN,0.978240
HELZ2,0.919141
TUT1,0.767369
ATP2B3,0.871160
USP34,0.995500
SETDB1,0.916123
CDK10,0.831689
