GENE,ENVISION
ATP2B3,0.978281
GRHL1,0.987806
