GENE,ENVISION
KMT2B,0.923677
MTPAP,0.974230
MIA3,0.844068
DUPD1,0.932251
EZH1,1.007630
USP13,0.878516
PLCD3,0.859818
MERTK,1.009770
MOGAT1,1.031380
GALNT5,0.915462
RNF216,0.875382
MINPP1,1.000150
CREBBP,0.802936
