GENE,ENVISION
OCRL,0.857247
SLCO1B1,0.921965
SH3RF3,0.778385
B3GNT3,0.961081
PLCB1,0.796912
CYP46A1,0.943086
PFKFB4,0.854960
PADI1,0.840374
SLC5A11,0.956530
ABCC8,0.940641
PLXNB3,0.798092
CLK4,0.857792
