GENE,ENVISION
TKTL2,0.955215
NDST4,0.866868
USP42,0.854380
