GENE,ENVISION
PGAP1,0.730022
LARS,0.760818
TARS2,0.710695
ERBB4,0.693297
ACAD9,0.817136
AMHR2,0.981058
MASTL,0.942253
SLC7A3,0.956737
ETNPPL,0.893674
MAN1B1,0.821754
HECW1,0.767635
ATR,1.009400
MARK1,0.998238
HEPH,1.008260
SPEG,0.884858
ATP2B2,0.875892
GCDH,0.727388
TTN,0.844341
