GENE,ENVISION
SLC26A11,0.978992
SLC3A1,0.924906
TTN,0.981569
