GENE,ENVISION
EPHA7,0.899240
MOGS,1.011360
DNMT3A,0.862365
TTN,0.843373
