GENE,ENVISION
GRHPR,0.754718
UGT3A1,0.794216
PTPRS,0.999385
PANK4,0.757331
CYP24A1,0.825700
RAD18,0.966595
PTPRR,0.814643
GSTA3,0.863993
HERC1,0.869603
SLC12A6,0.832287
TTN,0.865849
DHCR7,1.009640
GALNT6,0.953962
FANCL,1.009290
POLH,0.844920
