GENE,ENVISION
KAT6B,0.836833
B3GNT7,0.972652
SETD5,0.768879
