GENE,ENVISION
BIRC6,0.960857
B4GALNT2,0.784599
FAAH2,0.981412
