GENE,ENVISION
NCOA2,0.780152
STK32C,0.906785
UAP1,0.950188
ADCY2,0.859373
PARP16,0.902196
CARM1,1.003030
CA14,1.029430
CERCAM,0.837612
WNK4,0.853716
MAT1A,0.804226
MKRN1,0.912757
AMDHD1,0.820382
NOL9,1.018310
POLR1E,0.913473
NADSYN1,0.843177
USP26,0.854467
ADSSL1,0.875413
RNF31,0.889722
SLC6A14,0.951441
UBR4,0.815582
