GENE,ENVISION
USP17L2,0.999244
ACACA,0.973651
PTGIS,0.784669
PLA2G3,0.961413
IKBKE,0.839810
RNF31,0.795837
