GENE,ENVISION
USP17L2,0.851693
ABCC11,1.009960
MKNK2,0.983908
ACSS1,1.018010
XYLT1,1.013330
LPCAT3,0.720924
DUSP27,0.916225
SLC22A8,0.982474
SGPP2,0.786853
SRPK2,0.885468
