GENE,ENVISION
LRP2,0.816080
BARD1,0.973076
GDPD2,0.835240
TTN,0.901787
CYP4X1,0.976634
UHRF2,0.970533
