GENE,ENVISION
PPWD1,0.904406
PLOD1,1.021280
TTN,0.778646
MARS2,0.771247
UBR4,0.880418
