GENE,ENVISION
SLC6A3,0.817081
TKTL2,0.730019
PRKCD,0.804418
UGT2A1,0.808848
PADI3,0.956530
TTN,0.778646
PDK4,0.778646
