GENE,ENVISION
STK32B,0.945499
GUCY1A3,0.781024
XPO7,0.881066
