GENE,ENVISION
PLD4,0.836576
IRAK3,0.976745
PPP2R3A,0.974212
