GENE,ENVISION
NEK5,0.877629
LGSN,0.893550
PLA2G7,0.848490
STK4,0.734149
TTN,0.620777
FAR2,0.854159
PJA1,0.854365
EBP,0.908884
SLC27A1,0.976432
SIN3A,0.822232
