GENE,ENVISION
IRAK3,1.105370
ASH1L,0.809686
LRP1,0.781798
SLCO1C1,0.954425
