GENE,ENVISION
LARS,0.923612
KCNJ11,0.877168
PTK2,0.552683
TRHDE,0.873963
PARP14,1.008520
USP28,1.007610
PLA2G4F,0.912418
PDE7A,0.881066
ABCA4,0.779741
HECTD1,0.787101
SLC26A7,0.783360
SLC4A8,0.974681
RDH5,0.914248
