GENE,ENVISION
KMT2A,0.934889
ITPK1,0.880693
CA9,0.629533
UBE2Q2,0.767682
NSDHL,1.015040
PLCB1,0.860577
AMPD3,0.927225
FLAD1,0.943406
NCOA3,0.824745
OGDH,0.771980
DHCR7,1.081440
MAN1B1,0.871312
HERC3,0.940241
CDC42BPG,0.721655
SLC47A1,0.840748
USP34,0.865058
PLA2G4F,0.945088
IRAK4,0.989575
