GENE,ENVISION
SLC10A2,0.805996
DNMT3A,0.861177
ABCG5,1.025030
ADCY2,0.953813
PIGG,0.810811
BIRC6,0.931588
LRTOMT,0.912350
PPIAL4A,0.917878
MKRN3,0.825949
SLC6A18,1.020830
ATR,0.848634
STK36,0.901393
SPEG,0.786614
USP25,0.747768
ATP2B2,0.975853
ROR2,0.975336
DUSP16,0.934680
