GENE,ENVISION
TPTE2,1.016570
SLC12A5,0.777057
