GENE,ENVISION
SPEG,0.988208
PLCE1,0.974248
DHRS9,0.921749
