GENE,ENVISION
SLC17A6,0.961893
UGT2A3,0.846913
YARS2,0.962288
