GENE,ENVISION
ACSM1,0.664569
CDS1,0.782477
ANKRD1,0.796606
ICT1,0.889960
