GENE,ENVISION
SPHK2,0.953989
CPT1B,0.777869
PLXNB3,0.916497
