GENE,ENVISION
USP13,0.990330
GK2,0.782862
COX4I2,1.010180
CDC14A,0.896150
XYLT1,0.780455
