GENE,ENVISION
UBE3C,0.802058
ROCK1,0.750986
HECW1,0.795290
SLC22A9,0.903627
