GENE,ENVISION
LRP2,0.996636
AMPD2,0.887775
ATM,0.940343
KAT2A,0.979128
ZC3HAV1,0.928258
BIRC6,0.949932
