GENE,ENVISION
ATP6V1F,0.984206
ALK,0.637478
LGMN,0.958980
USP45,0.825028
PDE3A,0.896085
TNIK,0.914830
MAP3K4,0.935573
MAST2,0.798241
GBA2,0.769387
