GENE,ENVISION
RPS6KA6,0.972496
CDK19,0.866608
SH3RF3,0.973046
TRHDE,0.927611
CSAD,0.984459
GDA,0.867265
TTN,0.874758
ADSSL1,0.997309
PXDN,0.909677
TICRR,0.861090
