GENE,ENVISION
NCOA2,0.932409
HUWE1,0.853475
AGK,0.943226
