GENE,ENVISION
CSNK1G3,0.858396
SBK1,0.948947
SLC5A7,0.972056
