GENE,ENVISION
LRP2,0.947409
UAP1,0.967271
PTGIS,0.942076
PTPN14,0.917130
SPEG,0.766873
AACS,0.977552
GALNT5,0.783457
PHKB,1.009000
