GENE,ENVISION
SLC9A5,0.798167
DPAGT1,0.813627
RNF115,0.994081
