GENE,ENVISION
DNMT3B,0.585684
HECTD1,0.906005
GAD2,0.942395
