GENE,ENVISION
TTN,0.849233
TYRO3,0.903969
XYLT1,0.698295
