GENE,ENVISION
SLC28A3,0.982119
GUCY1A3,0.921859
CHPT1,0.794412
ATR,0.775288
KMT2A,0.891409
