GENE,ENVISION
PARP16,0.927577
UBE2O,0.816172
GNE,0.881643
