GENE,ENVISION
RWDD2A,0.966978
LRSAM1,0.827029
PDP1,0.871083
CHIT1,0.771874
MGLL,0.943308
GPAT2,0.991632
HERC1,0.768586
FARSB,0.860942
SLC5A5,0.940765
GTF3C4,0.947143
STARD3,0.899082
