GENE,ENVISION
TTN,0.848295
KMT2A,0.930896
ACSL5,1.010940
TNIK,0.991416
NT5C1B,0.987837
RNF146,0.754377
