GENE,ENVISION
MAPK14,0.871454
ACSM5,0.583621
ACVR1,0.997621
