GENE,ENVISION
LRP2,0.855075
NOX3,0.973241
KYNU,0.765645
UGT2A3,0.910475
AZIN2,0.761838
