GENE,ENVISION
COLGALT2,0.710695
CYP4A11,0.850759
ENPP7,0.869124
PRODH2,0.806392
SLC4A5,0.795246
TNIK,0.869045
PLCE1,0.971922
TUT1,0.817589
NCOA6,0.971680
SLC25A28,0.878457
EP300,0.854287
COX6B2,0.848058
