GENE,ENVISION
LARS,0.976590
SLC10A2,0.985419
MKRN3,0.994965
