GENE,ENVISION
DAGLA,0.911176
GPAM,0.849583
NSDHL,0.814071
WNK2,1.028080
ACSM5,0.737979
XYLT1,0.911477
ACSM1,0.698647
POLE,0.976657
STK33,0.770452
TTN,0.670582
ATP6V0A2,0.960201
GALNT7,0.829453
ACSBG1,0.939697
