GENE,ENVISION
UGT1A10,0.983512
AASS,0.758477
PTGIS,0.952054
SLC5A12,0.948385
GLYAT,0.917188
ROR2,1.022360
