GENE,ENVISION
ADCY1,0.605885
ABAT,0.941635
PIKFYVE,0.912043
ATP1A4,0.657750
EBP,0.964614
ATHL1,1.013650
CDC42BPB,0.825243
PDE4B,0.764792
CTDSP1,0.901060
FUT9,0.798241
BCO1,0.975047
