GENE,ENVISION
DGKB,1.016470
PDE1C,0.911646
GALNTL5,0.820169
