GENE,ENVISION
TRPM6,0.985077
FKBP8,0.984064
SPTLC3,0.911275
