GENE,ENVISION
CAMK1D,0.917507
USP35,0.769387
