GENE,ENVISION
LRP2,0.737699
AATK,0.773993
SNRK,0.985285
AFMID,0.810700
