GENE,ENVISION
HAGH,0.866123
ACSM3,0.932057
PRODH2,0.849816
SLCO1B1,0.812602
SLC29A3,1.002590
HECW1,0.943945
KAT6B,0.888391
