GENE,ENVISION
HECW2,0.828894
ROCK1,0.788249
MIA3,0.928275
AGPAT1,1.005290
DYRK1A,0.766904
USP34,0.855905
DZIP3,0.914173
