GENE,ENVISION
SLC2A13,0.902369
MTHFD1L,0.898338
AASDH,0.932885
UBE2O,0.928629
MAT2B,0.856204
