GENE,ENVISION
SLC34A3,0.970578
PPIL3,0.780062
B4GALNT3,1.005760
