GENE,ENVISION
PTPRN2,0.942208
UBE3B,0.921501
PLCZ1,0.961968
SNRK,0.950576
PLCL2,0.867354
NSD1,0.748475
DOT1L,0.916941
