GENE,ENVISION
SETD5,0.898653
USP51,0.781443
