GENE,ENVISION
LRP2,0.769387
DNMT3A,0.745842
ATP6V1G3,0.932889
MAPK7,0.967586
SLC18A2,0.927043
RNF125,0.885205
SETD5,0.902750
