GENE,ENVISION
TIAM2,0.930160
SLC8A2,0.991246
ZSWIM2,0.817445
