GENE,ENVISION
KMT2A,0.910555
NCOA1,0.940480
NT5M,0.942874
PTPRR,0.920748
USP25,0.929875
TRIM33,0.860577
SLC36A2,0.866035
PAK1,0.976997
TTN,0.886224
GBA2,0.852092
CMTR1,0.857345
