GENE,ENVISION
SLC7A9,0.866135
LPIN1,0.999023
USP9X,0.993461
MYLIP,0.763152
MAP3K15,0.650649
USP34,0.885671
