GENE,ENVISION
SLC9A4,1.004100
MTHFD2L,0.950403
SLC13A1,0.921515
PRKCE,1.017600
PARP2,0.797961
RNF20,0.855511
DUSP19,0.941409
TTN,0.859359
NARS2,0.869354
PJA1,0.762605
SETD2,0.827021
TESK1,0.913498
