GENE,ENVISION
DAGLA,0.933077
EHMT2,0.956022
CDK12,0.877123
ACSS1,1.001420
SLC22A10,0.879583
SLC34A1,0.735118
MAPK15,0.856188
ABCA4,0.991819
PNPLA8,0.914268
NRF1,0.840483
FANCL,0.917608
UBR4,0.833071
