GENE,ENVISION
LRP1,0.835084
ACVR1,0.756104
HUWE1,0.843387
USP10,0.924903
SLC5A7,0.915424
SPEG,0.497985
CLK4,0.960607
