GENE,ENVISION
CHST8,0.915866
NT5C3A,0.890375
AGXT2,0.854499
