GENE,ENVISION
HUWE1,0.643998
PLCB3,0.862580
SLC26A7,0.954514
PDE3A,0.926192
ACSM2A,0.776621
PRKDC,0.912019
TTN,0.984779
GLB1L,0.991954
PTPRO,0.781677
CDK15,1.111330
