GENE,ENVISION
B3GNT5,0.979376
AOC3,0.955125
HACD2,0.780341
ABCA3,0.908194
MAST2,0.843373
TTN,0.856204
PIGW,0.989276
HIBCH,0.916951
UBR4,0.873283
