GENE,ENVISION
USP41,0.903392
MAPK7,0.733672
PLB1,0.942550
