GENE,ENVISION
PDIA5,0.890638
USP36,0.945325
