GENE,ENVISION
KMT2B,0.918863
SETD1B,0.864277
TTN,0.794112
SLK,0.938919
CYP4F3,0.912849
PAK1,0.637894
CHKB,0.976960
