GENE,ENVISION
B4GALNT4,0.795881
KMT2B,0.906661
SH3RF1,0.964012
CLYBL,0.929706
SLC7A3,0.942066
PDE11A,0.777772
SLCO4A1,0.956298
