GENE,ENVISION
FKBP14,0.719288
PTPN13,0.918037
ST3GAL1,0.977587
SDR42E1,0.869084
UST,1.020800
NAGPA,0.917026
PBK,1.002850
