GENE,ENVISION
STK32B,0.759978
ABCG2,1.002360
LPIN2,0.858033
PLCB1,0.734250
MYLK2,1.028440
USP24,0.921046
EHHADH,0.613543
