GENE,ENVISION
ACAD11,0.927032
UBE2T,0.807704
