GENE,ENVISION
PTPRN2,0.826253
CYP4F11,0.868661
CPA6,0.929023
PAK7,0.941464
