GENE,ENVISION
CHSY3,0.860354
GDPD2,0.934204
PLCH1,0.861114
TTN,0.773907
PIGV,0.923627
SLC18A2,1.031200
SETD2,0.853218
PPCS,0.909681
