GENE,ENVISION
PTPN12,0.921257
EP300,0.795882
SMG1,0.866133
