GENE,ENVISION
AOX1,0.974109
GRHPR,0.973182
NAGPA,0.917026
KAT2A,0.957128
LATS2,0.783333
SLCO1B3,0.893074
ATR,0.886539
APOA5,0.986717
ACAD10,0.719401
USP25,0.795911
TOPORS,0.727490
HSD17B8,0.801801
MGAT5B,0.977400
TTN,0.831512
SLC6A13,0.943089
FN3K,0.859985
DOT1L,0.668086
TXNRD1,0.856204
COL4A3BP,0.869281
EXT1,0.825632
PIKFYVE,0.860942
BDH2,0.886827
ACAD8,0.949561
GLYCTK,0.950245
PSKH2,1.004930
UBE2Z,0.831940
PNPO,0.850426
PTPRJ,1.041270
PRKD2,0.872081
