GENE,ENVISION
KMT2A,0.921250
POLE,0.868434
BRSK2,0.752380
SDR16C5,0.794499
DSTYK,0.823530
GLT8D2,0.773011
EIF2AK3,0.873559
SLCO1B3,1.047140
ACSM2B,0.841676
ACSL5,0.834570
CYP4F8,0.999950
TNIK,0.897389
PDE7B,0.706876
NOL9,0.870988
TTN,0.757140
DYRK1A,0.909603
COPG2,0.857004
ACO2,0.762405
AWAT1,0.912933
BSCL2,0.962610
