GENE,ENVISION
RPS6KA2,0.830430
GUCY2D,0.890449
NDUFA11,0.892547
USP21,0.993052
