GENE,ENVISION
ST3GAL2,0.942748
DZIP3,0.988499
TGM7,0.807847
TPTE2,0.977499
SLC7A9,0.797665
MAP3K4,0.908696
PRKDC,0.856138
TTN,0.857244
CDC42BPB,0.851861
USP26,0.862652
PXDN,0.719288
HAS2,0.988020
