GENE,ENVISION
KMT2C,0.905487
PJA1,0.837828
