GENE,ENVISION
LGMN,0.856292
PLCB2,0.758934
AADAT,0.864275
B4GALNT1,0.772588
SGK223,0.846791
ACSS3,1.019240
ST6GALNAC3,0.913552
PARP15,0.976459
TPH2,0.816680
NEDD4L,0.867317
MOCS1,0.943193
SLC12A1,0.829107
SLC27A5,0.751449
GFPT1,0.769009
EP300,0.888671
USP34,0.899240
