GENE,ENVISION
ENTPD4,0.911805
UROC1,0.896287
PSAT1,0.868853
AKT3,0.966591
TTN,0.685453
PTPRN,0.866225
FUCA2,0.914247
