GENE,ENVISION
PLCB3,0.538763
PI4KB,0.777140
ST3GAL4,0.881771
SLC25A2,0.949061
MOGS,1.009470
UBE2R2,0.774274
MAN1B1,0.779384
ATR,0.761529
HECW1,0.882149
MARK2,0.739616
WNK3,0.929342
SLC47A2,0.831387
TRPM6,0.976694
AQP10,0.850920
ACOT4,0.906257
