GENE,ENVISION
ALG8,0.968518
CYP24A1,0.823679
ITK,0.951316
EPHA7,0.885628
FARSB,0.836114
BMPR2,0.960547
TTN,0.923944
SETD2,0.766717
CLK4,0.835557
