GENE,ENVISION
DAGLA,0.963784
ADCY4,0.815428
AOC3,1.005920
ART5,0.985426
MYLK2,0.976094
SLCO2A1,0.901573
MOGAT2,0.946746
FRMPD2,0.985089
HSD11B2,0.896068
