GENE,ENVISION
SLC9A4,0.825088
LRP2,1.036070
SLC24A4,0.860577
MYLK,0.916272
BMPR2,0.880620
TTN,0.914511
SLC32A1,1.111270
DUSP27,0.858120
