GENE,ENVISION
PARP8,0.761921
SH3RF1,0.969744
ACAD8,0.629558
SLC7A9,0.978607
SLC13A5,0.928816
NTRK2,1.012420
RNF144B,0.743736
ROR1,0.869895
