GENE,ENVISION
ACOT11,0.864165
PDE11A,0.777772
HUWE1,0.935025
MGAT4A,0.857831
AOX1,0.812735
