GENE,ENVISION
LRP2,0.780535
POLK,0.809106
DZIP3,0.795488
