GENE,ENVISION
AMPD3,0.870303
SLC47A2,0.831024
