GENE,ENVISION
EXT2,0.991932
DUSP27,0.916390
