GENE,ENVISION
SLC9A4,0.750770
KMT2B,0.961274
PXDN,0.719288
