GENE,ENVISION
SLC10A2,0.948457
TSSK1B,0.843102
PTPN13,0.886707
DUOX1,0.844654
PLCD4,0.838368
MAPK6,1.011200
SLC25A19,0.816453
GLB1L,0.635788
FANCL,0.862383
