GENE,ENVISION
EHMT1,0.985033
MAP3K9,0.862568
USP48,0.860593
SETMAR,0.898727
SLC13A1,0.830853
ATP1B4,0.943144
NOX3,0.913665
EPT1,0.882952
SLC4A4,0.848511
TIAM2,0.799837
PLCH1,0.934026
WHSC1L1,0.977962
TRIP12,0.852901
ACO2,0.942891
ACAD10,0.910328
