GENE,ENVISION
WNK3,0.900988
PARP6,0.780062
CA14,0.950752
ATR,0.946004
RNF20,0.869233
REG3A,0.710695
