GENE,ENVISION
B3GNT5,1.018770
SLC9A7,0.871160
SLC4A4,0.820594
WNK3,1.005110
USP47,0.984026
HIPK3,0.843372
SLC12A4,0.904084
PNPLA7,0.859591
