GENE,ENVISION
SLC12A4,0.862875
CDC42BPB,0.884145
