GENE,ENVISION
LRP2,0.915481
NEK5,0.827476
NPAS2,0.769810
SLC22A6,0.934663
CDC42BPG,0.778142
TTN,0.860775
STK36,0.910748
PLIN4,0.939527
CTDSP1,0.813133
