GENE,ENVISION
GRHL1,0.857933
GALNT10,0.971444
SLC5A6,0.878645
ALG6,1.011710
BCO1,1.013890
USP29,0.903663
