GENE,ENVISION
ITPK1,0.922467
HS3ST5,0.872169
FMO1,0.990295
EP300,0.782242
SLC7A10,0.913250
ACSM2B,0.874223
GDA,0.814173
ADPGK,1.029630
TRPM6,0.964368
SETD2,0.833512
CREBBP,0.784235
