GENE,ENVISION
USP17L2,0.866120
SLC52A2,0.936251
MAN2C1,0.769387
INPP4A,0.937394
CREBBP,0.622043
CLK4,0.830236
GALNT2,1.025130
