GENE,ENVISION
PGAP1,0.847793
SLC47A1,0.797776
ACSF2,1.009490
SLC40A1,1.001010
HECW1,0.821768
