GENE,ENVISION
LRP2,0.838196
FUT11,0.978449
HACD2,0.766904
SLC2A13,0.835084
ROCK1,0.998899
UBE2E2,0.806168
ABCC11,1.037490
