GENE,ENVISION
PLXNB3,0.940413
EHMT2,0.860577
CERCAM,0.990342
SLC13A5,0.976432
TNIK,0.897422
TTN,0.856204
ADCY10,0.997157
MYO5B,0.918927
ATP2B3,0.890386
PTPRK,0.909401
TAOK1,0.960615
ATP5G2,0.858821
