GENE,ENVISION
HLTF,0.973265
SLC24A3,0.978240
EYA1,0.969868
TTN,0.901087
TLK2,0.886468
