GENE,ENVISION
PAN2,0.922375
CSNK1A1L,0.791828
SGK223,0.960964
RGL1,0.768699
SLC25A13,0.794768
MST1R,0.561503
PRKCD,0.971557
ETFDH,0.800559
XYLT1,1.018860
MARK4,0.808154
ACSM1,1.035340
ABCA4,0.820674
SLC12A7,0.951441
CHST5,0.956620
TTN,0.936401
PPIP5K1,0.921845
USP34,0.982109
FUT9,0.978957
