GENE,ENVISION
PDE7A,0.851668
OGDH,0.792236
CYP4F11,0.859905
PRKDC,0.889835
SLC4A5,0.973216
MDH1B,0.919217
ATR,0.901792
SLC35A3,0.823738
