GENE,ENVISION
STK32C,0.739411
STK11,0.618356
ITK,1.013310
SIRT6,0.819386
GSTA5,0.986923
FRMPD2,0.794271
MYLK,0.825252
PIK3R5,0.659457
POLI,0.984091
HMGCLL1,0.866475
FUT8,0.852418
PXDN,0.901861
DPYSL3,0.947982
