GENE,ENVISION
PLA2G15,0.962734
CAMK1,0.650474
SLC24A4,0.860577
SLC12A5,0.848355
MAP2K1,0.847003
DUSP9,0.981712
TTN,0.911007
