GENE,ENVISION
SETD1B,0.714024
NPAS2,0.991819
TTN,0.873206
