GENE,ENVISION
OTUD5,0.914190
MAP2K5,0.747768
MAP3K4,0.879919
