GENE,ENVISION
RNF31,0.762593
GPLD1,0.952395
SLC6A7,0.752354
WDYHV1,0.768745
