GENE,ENVISION
TRPM6,0.953589
PTK2,0.509311
CDC42BPA,0.932778
USP29,0.751217
TTN,0.571402
