GENE,ENVISION
STK39,0.885468
GRK7,0.980550
