GENE,ENVISION
MYO3A,0.917665
GALNT14,0.829678
SLC27A6,0.914690
TBL1XR1,1.018730
ST3GAL5,0.834225
ACSS3,0.961071
SLC6A18,0.985089
NDST4,0.973314
AGXT2,0.816106
SLC4A4,0.771365
PLCH1,0.841992
TTN,0.574364
ZSWIM2,0.958148
GNE,0.937530
PDE11A,0.861416
ATP2B2,0.792236
USP34,0.835522
CCBL2,0.611142
