GENE,ENVISION
GUCY2D,0.981603
SLC7A8,0.955773
WNK1,0.924599
GRK1,0.879907
HEPH,0.855075
SLC22A9,0.946738
