GENE,ENVISION
PDIA6,0.860622
SLC26A11,0.974435
USP31,0.834449
