GENE,ENVISION
MYO3A,0.828982
GRHL1,0.901001
MGLL,0.752854
MYLK,0.864913
CTPS2,0.994054
FKBP7,0.983097
TTN,0.597233
SSH1,0.909112
TGS1,0.978094
SLC27A6,0.778484
NANS,0.991699
PADI2,0.755141
BSCL2,0.932683
