GENE,ENVISION
BIRC6,0.974112
WNK1,0.971737
GUCY2D,0.836419
TTN,0.818210
HS3ST3A1,0.684276
