GENE,ENVISION
MYO5B,0.759079
ULK4,0.973824
