GENE,ENVISION
LRP2,0.919862
PAN2,0.798566
PIM2,0.906489
ACVR1C,0.758674
NT5C3A,0.928528
AK5,0.798241
TIAM2,0.941918
SSH2,0.782107
BCO1,0.882424
MIA3,0.818394
SARS2,0.975380
SETD5,0.786060
PLA2G4D,1.036410
