GENE,ENVISION
COLGALT2,0.815433
SLC4A10,1.000490
RIOK1,0.935698
ART5,0.979631
PRKAA1,1.019660
GK2,0.975661
CARM1,0.906529
MLK4,0.947646
DUOX2,0.917734
TTN,0.908653
PJA1,0.975772
AARS2,0.882457
USP33,0.850987
