GENE,ENVISION
B3GALT5,0.921841
ZSWIM2,0.995806
SLC7A5,0.907340
TTN,0.838396
MGAT4C,0.941793
GALNT2,0.928564
