GENE,ENVISION
PTGIS,0.886361
SUV420H1,0.915735
WHSC1L1,0.983090
MTRR,0.966838
