GENE,ENVISION
SLC22A4,0.971571
ACSM1,1.018750
