GENE,ENVISION
SETD1B,0.720678
SLC18A2,0.991622
PIK3R4,0.978883
METTL1,0.785835
