GENE,ENVISION
SLC5A8,0.829466
FARSB,0.940475
SLC25A28,0.857184
DUSP27,0.782152
