GENE,ENVISION
ASH1L,0.909925
RNF216,0.890830
PDE3A,0.868995
NDST4,0.832851
CYP39A1,0.837088
SLCO1B3,0.952321
FUT5,1.012120
GUCY1A3,0.914511
SETD1B,0.919594
CYLD,0.920142
TTN,1.059040
DECR1,0.962104
CCBL2,0.639796
IRAK4,0.958413
PADI4,0.896232
