GENE,ENVISION
TSSK4,0.890834
GLT8D2,0.916588
