GENE,ENVISION
KMT2B,0.769655
FAM65A,0.812735
CAMK1G,0.984202
NTRK3,0.974413
SLC23A1,0.767682
MBOAT2,0.759687
TTN,0.719785
GAL3ST3,0.948854
