GENE,ENVISION
TGM3,0.781021
SGK3,0.861373
ENPP6,0.988454
SLC13A1,0.912003
PDE1C,1.050580
TTN,0.790953
