GENE,ENVISION
B3GNT4,0.857048
CHST13,0.828099
GRK7,0.752693
HSPG2,0.936275
CARM1,0.806888
PDE3B,0.922288
ATR,0.972213
SLC29A3,0.919491
SIN3A,0.719785
