GENE,ENVISION
CTPS2,1.003930
CPA6,0.958469
SLC35B4,0.976523
PIP4K2C,0.909365
WWOX,0.826942
