GENE,ENVISION
UQCR10,0.981640
USP9X,0.868111
SMG1,0.822002
HECW1,0.952382
KAT5,0.831669
