GENE,ENVISION
BIRC6,0.921670
LPIN2,0.968694
XYLT1,0.805434
