GENE,ENVISION
ATP11C,0.921332
ATP6V0A1,0.972414
