GENE,ENVISION
ST6GALNAC1,0.972878
FUK,0.848169
MAP3K4,0.790514
