GENE,ENVISION
ENTPD4,0.868045
GALNT12,1.010390
ERBB4,0.935106
XPO7,0.762093
DHRS9,0.941994
UGT2A3,0.774192
CSAD,0.830649
FKBP4,0.722070
PRKCQ,0.876803
ABCC11,0.821674
