GENE,ENVISION
TARS2,0.743605
SLC14A2,0.992751
BRSK1,0.777772
CHIT1,0.956056
CAMKK1,0.834632
NTRK2,0.858091
NTRK3,0.865977
MELK,0.976273
USP10,0.967082
SLC29A3,0.851051
NT5C1B,0.947098
SRPK1,0.912074
ROR1,0.830277
