GENE,ENVISION
ZNRF1,0.766963
TTN,0.908999
SRPK2,0.863626
