GENE,ENVISION
RIOK2,0.792321
LOXL2,0.982405
UXS1,0.939016
DUOX1,0.951325
GLTP,0.868111
OLAH,0.989715
ENPP2,0.923598
TRPM7,0.861804
ACSF2,0.860892
