GENE,ENVISION
EPHA7,0.783169
GALNT3,0.873345
TTN,0.811732
AWAT2,0.916937
LIPT1,0.971890
