GENE,ENVISION
DDR1,0.890128
PPP1R3B,0.831322
WHSC1L1,0.616332
