GENE,ENVISION
ACSM1,1.021050
MYBBP1A,0.916957
PTPRJ,0.979160
MTRR,0.977001
