GENE,ENVISION
PTPRN2,0.851330
MYO3A,0.826753
NEK1,0.855075
PEAK1,0.710695
GDA,0.914822
MECR,0.831343
DUSP22,0.982408
