GENE,ENVISION
ALK,0.878734
NTRK2,1.014490
NAPRT,0.820514
HECW1,0.843373
FAAH2,0.701067
NEK11,0.819498
