GENE,ENVISION
FKBP10,0.997301
TRIM33,0.857184
POLN,0.912367
SLC15A4,0.863848
PPIAL4A,0.863197
MARK1,0.978535
MARK2,0.615180
DUSP6,0.765427
TTN,0.590738
NUDT9,0.711191
GBGT1,0.972076
PARP9,0.976466
SLCO2A1,0.762629
TPH2,0.825732
UBR2,0.832342
PLA2G4F,0.842245
TYRO3,0.805815
STK32B,0.748495
PTPRR,0.869449
ABCG8,1.076870
ACE2,0.925736
SLC22A9,0.938120
