GENE,ENVISION
UGT8,0.910917
NUAK2,0.962565
ABHD12,0.957078
CYP2A13,0.773704
PLCD4,0.777057
PIK3R4,0.984883
SSH3,0.850063
AKR1C1,0.555678
