GENE,ENVISION
COQ6,0.994455
ACAD9,0.991324
PLK2,0.933463
USP9X,0.885628
USP24,0.896424
TAOK1,0.897767
