GENE,ENVISION
FMO2,0.942605
CPT1C,1.001980
CERS5,0.878376
ACVR1,0.903378
EXT1,0.902619
ACSS3,0.958554
EP300,0.896932
SLC17A7,1.014970
SLCO2A1,0.869626
PRKDC,0.779939
MAP2K1,0.933086
LRP1,0.941285
CES5A,0.774945
NSD1,0.904264
HEPH,0.851611
GAL3ST3,0.942821
XYLT1,0.777958
ST6GALNAC3,0.843051
