GENE,ENVISION
CAMK2D,0.902460
PNCK,1.059690
CDC42BPA,0.985487
NEU2,0.906212
SUV420H1,0.773902
