GENE,ENVISION
DOT1L,0.946564
TTN,0.798241
MYLK,0.918488
