GENE,ENVISION
SGK223,0.956180
DUOX1,0.833609
WHSC1L1,0.759766
PIGQ,0.813446
ALG10,0.826374
B3GAT2,0.852755
