GENE,ENVISION
PKN1,0.847062
GNPTAB,1.028550
ATM,0.919122
CHD9,0.996933
USP32,1.036010
ACSBG2,0.833266
ST6GALNAC5,0.928206
TNKS2,0.893481
MCCC2,0.893660
