GENE,ENVISION
UGT1A8,0.916920
TTN,0.814849
HSD17B14,0.808352
