GENE,ENVISION
MYO3A,0.767808
SLC2A14,0.891234
RIPK3,0.935682
GPLD1,0.974507
IKBKE,0.992249
POLL,0.919731
ASAH2,0.855075
DHRS9,0.950649
CHIT1,0.902552
MAP3K4,0.932391
ZSWIM2,0.880074
KMT2A,0.842944
DUOX2,0.877378
PLCB4,0.868111
PARP9,0.899579
WNK3,0.982068
PIGO,0.769810
MOGAT2,0.872715
PIGU,0.788482
FRMPD2,0.966091
SLC15A2,0.881694
SLC26A9,0.892134
ENGASE,0.840993
INPP5D,0.856204
PPP1R3A,0.758762
ACSL5,0.869395
PDE4D,0.839700
