GENE,ENVISION
HERC1,0.918156
PLXNB3,0.940846
EXTL1,0.804496
RAD9A,0.841473
ILK,0.734926
CYP27A1,1.011040
FKBP5,0.731879
HS3ST3B1,0.983301
PTPN12,0.856592
HAO2,0.955125
ACAD11,0.811690
ATP2B3,0.754599
