GENE,ENVISION
CYP4F22,1.014480
NUAK2,0.640141
TTN,0.945583
CREBBP,0.820310
