GENE,ENVISION
ALG10,0.944296
MYO3B,1.000320
SH3RF2,0.916272
TTN,0.998505
SLC38A3,0.913552
