GENE,ENVISION
NOX3,0.775581
WNK1,0.922353
