GENE,ENVISION
IARS2,0.789154
SH3RF2,0.952460
PLD1,1.019960
UBE3B,0.916650
UGT3A1,1.027080
TTN,0.788118
