GENE,ENVISION
STK38,0.994374
KMT2A,0.992443
NEU1,1.003770
CSNK1A1L,0.893489
