GENE,ENVISION
DDR2,0.960731
SLC13A2,1.008520
KL,0.861362
MARCH4,0.962595
ADCY10,0.976951
SLC26A7,0.871316
ABCC2,0.975587
