GENE,ENVISION
KMT2B,0.913339
USP45,0.965095
USP3,0.844934
NDST4,0.943821
PDP1,0.944301
SLC12A1,0.969561
USP21,0.993270
