GENE,ENVISION
SLC38A5,0.858395
DNMT3A,0.767256
LIPG,0.912507
CAMK1G,0.914282
PARP4,1.040353
NTRK2,0.958906
INPP4A,0.938932
TTN,0.730889
