GENE,ENVISION
TRIM63,0.915387
LRRK1,0.711191
