GENE,ENVISION
CA14,1.011440
EXT1,0.939759
PIGG,1.004600
ACSS3,0.963156
BIRC6,1.000370
EIF2AK3,0.980301
HSPG2,0.979859
PDE3A,0.803688
SLCO1B3,0.804079
SLCO3A1,0.917209
USP44,0.992437
NSD1,0.823801
SETD2,0.913592
PXDN,0.982710
