GENE,ENVISION
TSTA3,0.785835
ZCCHC11,0.827886
PLCB4,0.922498
DDR2,1.004907
UGT3A2,0.992806
AMPD3,0.538416
DMGDH,0.943316
UBE2R2,0.896597
PDE3B,0.734474
CSNK1G2,0.718768
UGT8,0.946765
ACSM2B,0.893942
ATR,1.058850
PLA2G2D,0.863829
CES5A,0.919210
SLC17A6,1.001510
SAP130,0.791193
TTN,0.718946
