GENE,ENVISION
SLC12A5,0.827055
CES5A,0.769342
SCARB1,0.911521
NGLY1,0.806012
TTN,0.967164
