GENE,ENVISION
UGT2B28,0.901937
NCOA3,1.000890
PLA2G12B,0.843373
