GENE,ENVISION
LRP2,0.931453
CA9,0.860174
PTPN12,0.954414
PKN2,0.810189
UBE4A,0.746657
SLK,0.829825
SLC26A9,0.824121
TRPM7,0.980827
PRKD2,0.953156
BSCL2,0.969818
