GENE,ENVISION
GALNT2,0.572130
USP17L2,0.919915
PCYT1B,0.922676
LGSN,0.841755
SMPD3,0.974925
SLC28A3,1.005000
CHIT1,0.909905
ACSL6,0.829430
MYLK,0.864744
PDPR,0.860577
ABCC8,0.977067
TTN,0.742555
ETNK1,0.843373
STRA6,0.833838
MYLK2,0.958511
SPEG,0.860775
MCCC2,1.014860
CYP2U1,0.952302
LPPR2,0.889137
