GENE,ENVISION
INPP5A,0.843854
OGDH,0.861177
VRK3,0.719329
ATM,0.857218
UGT2A3,0.986190
ATP6V1H,0.865550
SLC5A8,0.910026
PNPLA7,0.973799
FGGY,0.816371
SLC5A7,0.806238
NSD1,0.913762
ACE2,0.848631
KAT6A,0.821153
EP300,0.809027
SLC4A8,0.863798
