GENE,ENVISION
SIRT3,1.002830
ATP2B3,0.864144
SH3RF3,0.778385
HECW2,0.848343
HECW1,0.918805
