GENE,ENVISION
RPS6KA6,0.891184
SLC14A2,1.006620
CREBBP,0.912501
PXDN,0.814173
PLCL1,0.971246
