GENE,ENVISION
NCOA2,0.789083
SLC4A10,0.992595
MYO3B,0.906700
PTPRS,0.841891
SH3RF3,0.872833
CPA6,0.779833
FAR1,0.759519
HECW1,0.835342
ACSBG2,0.985874
SETD2,0.915713
SLCO4A1,0.782598
SLC4A8,0.914204
CHPF,0.886245
