GENE,ENVISION
UROC1,0.953420
TTN,0.720931
CDK20,0.827845
PLA2G4C,0.789410
CHIA,0.907372
GALNT2,0.930382
