GENE,ENVISION
PAPL,0.977564
TSSK1B,0.828328
CYP24A1,0.850024
LGSN,0.953185
KMT2E,0.778394
PIKFYVE,0.839346
ASPH,1.031080
DPYD,0.833088
MST1R,0.837481
ACSM2A,0.725391
ABCA4,0.826969
PLCE1,0.917766
TTN,0.785112
POLR3B,0.835990
TRPM6,0.861570
NNT,0.868509
USP32,0.815779
ATHL1,0.849540
