GENE,ENVISION
SLC4A10,0.898810
HS3ST4,0.874839
RFWD3,0.821747
SLC32A1,0.887132
MARCH4,0.790291
SLC5A8,0.931858
SLC25A15,0.834859
PDE11A,0.836627
TKTL2,0.944802
CPA5,0.870377
SLC5A12,0.925591
AMDHD2,0.752854
TTN,0.719658
PRKG2,0.954915
PHKG1,0.769765
PADI2,0.858722
FRMPD2,0.967041
ST6GALNAC3,0.940876
USP35,0.851269
SLC17A8,0.869800
SLC17A6,0.957634
GUCY1B3,0.822609
RNF2,0.684312
