GENE,ENVISION
UGT1A10,0.938224
CERCAM,0.786853
DCTPP1,0.789499
TMX3,0.728060
GLYAT,0.777991
NNT,0.752854
SLC25A11,0.940520
TOPORS,0.982035
