GENE,ENVISION
HSD17B11,0.616808
MARCH5,0.852604
GPLD1,0.908561
USP29,0.927915
DUSP27,0.710695
PLXNB3,0.921935
LRRK1,0.990856
SLC9A2,0.986126
VKORC1,0.769669
CYP26B1,0.974112
PIK3R3,1.027050
DYRK1A,0.768298
ATP6V1G3,0.914954
ENTPD4,0.767475
ART5,0.830480
PLCL1,1.016830
GANC,0.745842
SMARCD3,0.828819
TPSAB1,0.610818
PTPRU,0.820964
RPS6KA6,1.001850
DDR2,0.819546
ABCC8,0.972351
MGAT4B,0.844341
UBE2W,0.882208
