GENE,ENVISION
PANK3,0.925789
PANK2,0.844415
MAN2C1,0.874277
UGT1A10,0.770678
EXTL1,0.991796
AOC3,0.937463
ROCK1,0.860345
SLC12A5,0.858348
PPIL2,0.764378
ABCB6,0.642907
ME3,0.770409
MGAT4B,0.835024
ATP5G2,0.846277
