GENE,ENVISION
MARCH10,0.897859
MAN1B1,0.981104
PLCH1,0.819219
TTN,0.958433
CREBBP,0.671481
ACSBG1,0.969983
