GENE,ENVISION
TPTE2,0.924704
MAP3K15,0.894133
PIP4K2C,0.695119
