GENE,ENVISION
CHST9,0.824929
PLCB1,0.875892
EYA1,0.865411
TTN,0.809953
MARK2,0.581204
