GENE,ENVISION
PLCB2,0.902678
SLC17A8,0.846051
DZIP3,0.829210
SIK2,0.976007
IPMK,0.922087
PJA1,0.901535
COQ3,1.097610
DUSP27,0.932765
