GENE,ENVISION
UCKL1,0.958451
LPIN2,0.954475
SLC14A1,0.979749
GDA,0.921501
PISD,0.931355
A4GNT,0.784344
NUAK2,0.902944
ATM,0.825092
MYLK,0.925139
ZCCHC6,1.061030
VARS2,0.901626
TIAM2,0.841677
SLC35B2,0.981401
MED1,0.882898
TTN,0.850694
TLK2,1.051080
CWC27,0.874030
ATP2B2,0.876316
TRMT1L,0.907534
PARP14,0.860470
