GENE,ENVISION
NADSYN1,0.879518
PRKDC,0.856524
TTN,0.903134
SLC9A2,0.938520
RARS2,0.882263
