GENE,ENVISION
HIPK2,0.992772
PRKCE,0.841061
ATP11A,0.766777
