GENE,ENVISION
LRP2,0.974358
CSNK1A1L,0.935041
LBR,0.757891
MIA3,0.961137
UGT2A3,0.757592
DUOX2,0.993818
PMVK,0.906927
SLCO2A1,0.922886
MAP3K5,0.940894
ZSWIM2,0.959304
SLC26A8,0.980632
SPEG,0.786853
ABHD5,0.933579
