GENE,ENVISION
TSSK1B,0.998614
TRAF7,0.715551
ACSS3,0.863627
USP3,0.724438
EIF2AK4,1.015570
SYVN1,0.720644
POLR1E,0.781601
ZCCHC6,0.966732
