GENE,ENVISION
SLC12A4,0.829849
SLC2A6,0.835898
ALG6,0.818905
FTMT,0.969653
HERC1,0.907878
MELK,0.991819
RNF20,0.949744
