GENE,ENVISION
SLC6A14,0.721519
PLA2G4D,0.830849
PRKDC,0.802777
