GENE,ENVISION
NCOA2,0.778507
TICRR,0.851292
ACSS3,0.946935
ABCC11,0.698065
TRMT1L,0.950842
GAD1,0.893413
ST3GAL6,0.850979
