GENE,ENVISION
AASS,0.929548
RPS6KC1,0.918433
WNK2,0.975103
ILKAP,0.889562
SLC35A2,0.939416
DYRK1A,0.859425
USP32,0.747768
