GENE,ENVISION
KMT2A,0.887287
DZIP3,0.854648
FLAD1,0.869093
SLCO1B1,0.851266
MAST1,0.828894
TTN,0.913189
PTPRO,0.786086
