GENE,ENVISION
CRLS1,0.889451
SLC28A3,0.913557
TTN,0.812931
ROR2,0.966845
