GENE,ENVISION
AASDH,0.758785
RNF123,0.977530
TTN,0.778646
CLYBL,0.912130
