GENE,ENVISION
KARS,0.860577
RPS6KA2,0.784504
LMTK3,0.846036
DUSP8,0.770140
GALNT10,0.824528
PIKFYVE,0.757190
BMP2K,0.979172
NEK8,1.017280
PDE3B,0.800147
PLCH1,0.966245
TTN,0.850559
NSD1,0.830784
UBR2,0.962660
HAO2,0.855814
SQLE,0.791155
SETD7,0.976107
ELOVL3,0.804135
