GENE,ENVISION
ATP8A1,0.880584
TTLL10,0.750275
PTPRH,0.976577
