GENE,ENVISION
ENPP6,0.913111
FUT7,0.982989
PTPRS,0.854838
TTN,0.863795
TAOK3,0.919102
