GENE,ENVISION
RNF25,0.817815
TTN,0.987534
