GENE,ENVISION
WNK2,0.765965
TNK2,0.951612
