GENE,ENVISION
STUB1,0.979782
CTDP1,0.996895
ENPP2,0.694453
TTN,0.650229
PRKG2,0.988613
