GENE,ENVISION
EPHA7,0.861177
SLC39A7,0.893161
SHPRH,0.916516
SLC2A14,0.948310
PLCL1,0.986073
