GENE,ENVISION
KMT2A,0.754330
DNMT3A,0.864915
AADAT,0.953965
SLC38A3,0.998832
ATM,0.934665
SLC4A8,0.863314
ASPG,1.002180
MAP3K14,0.911812
TTN,0.854483
LGSN,1.019490
HAO2,0.803979
CYP4F3,0.968708
TRPM6,0.891953
SLC27A3,0.979225
