GENE,ENVISION
SLC41A1,0.782737
PLXNB3,0.749893
SLC17A8,0.918962
USP45,0.872262
ATP8A1,0.796912
NDST4,0.857802
MYLK3,0.918466
HERC1,0.780804
SLC6A14,0.786324
SLC6A19,0.950243
ANGPTL4,0.925465
RRM2B,0.929217
TTN,0.907740
DGKB,0.803730
PNPLA7,0.911173
GALNT7,0.884251
GGT6,0.941366
CNDP2,0.742435
GALNT3,0.901675
