GENE,ENVISION
CHD9,0.951429
ERBB4,0.958709
BARD1,0.746439
EPHA7,0.852901
LCLAT1,0.886756
DPYD,0.679406
MYLK2,0.867751
RNF180,0.957871
LATS2,0.751866
ATP1A4,0.661917
PLCE1,1.005110
ZC3HAV1,0.986431
SLC26A6,0.932510
NSD1,0.913345
ABCC8,0.926192
CMTR1,0.867888
