GENE,ENVISION
SLC6A13,0.796876
SLC12A4,0.836220
B4GALNT2,0.941096
PRDX1,0.878251
UBR4,0.719643
