GENE,ENVISION
SLC9A4,0.728340
SLC6A3,1.025130
PAFAH2,0.956810
AGK,0.962476
TSTA3,1.011420
SMURF1,0.875481
AOC3,0.836786
CDK15,0.868223
SLC34A1,0.822778
SDR9C7,0.790719
MGAT5,0.903901
SLC18A3,0.977049
CHFR,0.900255
PIP4K2C,0.933483
IRAK4,0.799193
TTN,0.768623
