GENE,ENVISION
BIRC6,0.972164
BRAP,0.715240
GALNT2,0.884218
PDE1B,0.795417
