GENE,ENVISION
ADCY1,0.836218
USP34,0.861177
CDK17,0.768298
NT5C1B,0.845333
SLC6A13,0.919042
MYO5B,0.972877
SLC8A2,1.016480
PDE4D,0.765587
HAS1,0.868384
HAS2,0.985171
