GENE,ENVISION
LRP1,0.893503
BHMT,0.925943
TRMT1L,0.853769
SLC6A19,0.996321
MYO5B,0.957171
POLK,0.992319
