GENE,ENVISION
SPHK2,0.989657
UGT8,1.005630
RBBP6,0.759986
BHMT2,1.017180
PPA2,0.721102
PTPN21,1.020180
PPIP5K1,0.981091
TTN,0.822764
DGKD,0.978640
FMO2,0.944365
PLCB4,0.769009
WNK3,0.982068
PLCL1,1.011350
USP33,0.843373
NEK5,0.918594
ATP2B2,0.852901
USP35,0.817851
CHST6,1.008670
LRP2,0.900647
SLC2A8,0.769387
TPTE2,0.817672
MYLK,0.769878
SLC22A10,0.956262
STK33,0.975905
NEU2,0.932436
SPEG,0.868529
CREBBP,0.908588
