GENE,ENVISION
RNF14,0.959756
SMG1,0.861535
PPP1R3A,0.913577
AHCYL2,0.661739
CHIT1,0.676189
HUWE1,0.758403
CHSY3,0.778646
DAK,0.853633
DUSP18,0.919583
PLCB4,0.900102
ALG12,0.839406
