GENE,ENVISION
HERC3,0.754441
ATP8A1,0.902464
NTRK2,0.889624
