GENE,ENVISION
SEC11C,0.926202
FAM65A,0.850404
SLC2A6,0.975435
HUWE1,0.917727
RPUSD4,0.978795
CLCF1,0.924247
TTN,0.939340
DUSP5,0.896755
EP300,0.882026
SLC25A13,0.949391
TAOK1,0.917890
