GENE,ENVISION
RNF152,0.926434
PNPLA3,1.006400
NCOA1,0.901576
ELP3,0.863660
