GENE,ENVISION
CYP8B1,0.799643
TTN,0.793811
