GENE,ENVISION
LOXL2,0.925995
NAAA,0.954155
SLC2A6,0.883963
CROT,0.811110
RNF130,0.973420
TIAM2,1.046340
TTN,0.912993
CMTR1,0.910030
PKN3,0.974865
DZIP3,1.001270
