GENE,ENVISION
UBA3,1.005960
MAP3K4,0.897106
