GENE,ENVISION
SIRT3,0.827024
B3GALT6,0.958239
CYP24A1,0.853563
PLIN4,0.832390
PPP1R3A,0.902485
ULK4,0.824955
UGT3A2,0.979776
SLC7A10,0.951084
PPP2R2C,0.925925
GAD1,0.881539
PGLYRP2,0.860827
RHAG,1.016170
SLC9A7,1.007300
SLC12A1,1.011830
TTN,0.832875
ATP11A,0.768586
SLC26A7,0.833205
ATP11C,0.863846
HLTF,0.982694
SETDB1,0.941435
CREBBP,0.742739
