GENE,ENVISION
PGLYRP2,0.787822
GSTA3,0.982978
PEAK1,0.769176
LPIN1,0.827670
