GENE,ENVISION
ALG1L,0.850141
DGKD,0.772576
SLC6A14,0.969156
PTPRK,0.933719
AWAT1,0.974542
CNDP2,0.923956
RNF146,0.784874
