GENE,ENVISION
TRHDE,0.774158
CHD9,0.838733
DGKH,0.789005
SPTLC3,0.980477
HECW2,0.834103
PPP3CA,0.873374
