GENE,ENVISION
CYP24A1,0.956618
LBR,1.024480
