GENE,ENVISION
USP44,0.952553
SLC24A3,0.858410
USP51,0.843323
