GENE,ENVISION
PGAP1,0.993496
EHMT1,0.911183
PECR,0.893975
CERS5,0.950829
B3GALNT2,0.744324
ERBB4,0.898129
UPRT,0.840109
WHSC1L1,0.734981
SLCO1B3,0.959394
SLC23A2,0.940354
PLCE1,0.810720
TTN,0.867866
PGS1,0.853509
SLC5A8,0.797711
NLK,0.987534
PRKD1,0.917314
HAS2,0.839656
