GENE,ENVISION
SLC6A7,0.981007
TUSC3,0.848145
RPE65,0.755932
PRKDC,0.880896
POLE,0.789861
TST,0.822149
AASS,0.844932
B3GNT8,0.811045
PLCXD2,0.920919
SPTLC3,0.976803
ZSWIM2,0.971587
DYRK1A,0.976787
TRPM6,0.835554
TTN,0.567121
PARP8,0.766123
ST3GAL4,0.911021
ETFDH,1.007960
PADI3,0.919936
PIGZ,0.859397
LRP2,0.925170
NOX3,0.943472
PTPRH,0.858693
