GENE,ENVISION
TSSK6,0.909509
NCOA1,0.911186
TIAM2,0.911688
LDHD,0.916825
SLC5A9,0.876612
UBR7,1.005110
PAK1,0.672909
