GENE,ENVISION
NDUFA5,0.902835
RFWD3,0.910784
GALNT11,0.962618
PDE1C,0.906262
LCLAT1,0.974623
USP40,0.836848
PAK1,0.510314
HECTD1,0.718498
BHMT2,0.916990
UBA2,0.839686
GAD1,0.726056
CREBBP,0.782934
HIRIP3,0.881916
