GENE,ENVISION
GNPNAT1,0.741364
TICRR,1.074110
ERBB4,0.944507
PLCL1,0.773933
VARS2,0.946707
MLKL,1.002850
DMGDH,0.842775
MGAT4C,0.836211
HEPH,0.980835
SPEG,0.816453
TRIP12,0.842271
PRKD1,0.972647
ROR1,0.931201
