GENE,ENVISION
LRP2,0.782699
RPS6KA6,0.908874
VRK3,1.033170
CDK12,0.936688
HSPG2,0.853689
EZH1,0.832590
ATHL1,0.972202
SLC6A13,0.827475
