GENE,ENVISION
MOXD1,0.913430
GALNTL5,1.017970
NDST4,0.586874
PPP2R2B,0.879182
