GENE,ENVISION
USP31,0.776904
GALNT13,0.714901
LPCAT3,0.780604
