GENE,ENVISION
NAGS,0.974342
USP9X,0.896528
PTGIS,0.987211
PDK3,0.767682
MARCH1,0.794155
STK38L,0.881066
ADCY1,0.991303
