GENE,ENVISION
SMURF1,0.785287
SLC12A5,0.803626
RPS6KA2,0.983808
SLC17A8,0.860651
DPYD,0.935959
TPTE2,1.007630
GMPPA,0.813757
SLC24A3,0.852965
MSRA,0.556974
DPYS,0.884110
PARP4,0.791876
MKRN3,0.899740
ABCC8,0.777950
SLC35B4,0.987441
HEPH,0.752854
UPRT,0.970567
TTN,0.641618
