GENE,ENVISION
SLC4A10,0.935932
GALNT15,1.003160
GK2,0.769878
NOX1,0.993934
GGT6,0.955221
MANSC1,0.745782
CYP4F3,0.983598
GALNT1,0.852901
