GENE,ENVISION
SIAH1,0.899210
RAD9A,0.956587
HSPG2,0.884574
RNF182,0.724973
USP10,0.787373
SLC5A8,0.977466
HEPH,0.982404
SHPRH,0.843792
