GENE,ENVISION
CHST13,0.784841
ANGPTL4,0.946695
PIKFYVE,0.941888
UBE3C,0.752854
SCARB1,0.941092
ART3,0.955090
UGT2A1,0.967876
STK24,0.985219
TTN,0.899622
SMYD3,0.940806
SIRT1,0.822295
PON3,0.938054
SLC22A8,0.942861
DUSP10,0.658859
