GENE,ENVISION
SLC29A2,0.857244
MYLK3,0.814680
MARK1,0.889187
WHSC1L1,0.821678
LPCAT1,0.846473
