GENE,ENVISION
PLD6,0.899192
SLC12A6,0.965849
NOX4,0.681679
TRPM6,0.780545
SPTLC3,0.909506
SUV420H2,0.839813
DUSP2,0.972116
