GENE,ENVISION
PPP1R3A,0.960506
P4HA3,0.966522
GPLD1,0.752854
ATR,0.965394
TTN,0.708414
USP29,0.897549
SLC15A2,1.007630
PYCR2,0.727227
ACAD11,0.968367
ADHFE1,0.754599
