GENE,ENVISION
MAP4K1,0.967958
DNMT3B,0.994980
MAP3K9,0.770490
DDR2,0.931324
PRODH2,0.961212
TRIB3,0.983194
B3GAT2,1.012280
MCCC1,1.003980
