GENE,ENVISION
EIF2AK1,1.006680
TCIRG1,0.863650
SLC20A1,0.955773
DOT1L,0.976938
