GENE,ENVISION
PTPRN2,0.991324
ZNRF1,0.800646
ITK,0.735781
ACSM2B,0.895446
PLA2G3,0.945983
HECW2,0.931833
SETD2,0.816733
