GENE,ENVISION
SLC6A3,0.817081
GALNT13,0.977899
PPP1R3A,0.896825
POMGNT1,0.918486
MTHFD1L,0.907729
CDK15,1.001980
