GENE,ENVISION
NOX1,0.788929
PDPR,0.918296
PTPN21,0.791852
PLCB4,0.917492
TTN,0.920241
