GENE,ENVISION
SAE1,0.832397
ELOVL4,0.727329
MAP3K12,0.960548
