GENE,ENVISION
TRIM33,0.859092
MSMO1,1.011730
MTHFD2L,0.952389
ABCD2,0.854937
PIK3C3,0.924280
