GENE,ENVISION
OGDH,0.998432
ULK4,0.817849
HSPG2,0.769810
PDE3A,1.101590
USP40,0.817860
PDE7A,0.961630
MDH1B,0.979711
MGAT5B,0.843373
TTN,0.909973
GDE1,0.773373
DUSP27,0.981051
