GENE,ENVISION
MARCH10,0.987368
IARS2,0.894576
PTK2,0.829087
SH3RF2,0.840555
ERBB4,0.981028
PEAK1,0.901254
SLC22A16,0.873681
EIF2AK3,0.938493
SLC2A13,0.870572
CSAD,0.896897
MLK4,0.782914
USP35,0.993280
SUCLG2,0.842271
TKTL2,0.863160
ATP6V1G3,0.960299
TTN,0.997658
USP29,0.858267
SLC5A9,0.919660
USP32,0.998871
USP24,0.781502
HIBCH,0.811037
