GENE,ENVISION
PAN2,0.773169
MAP4K3,0.762871
PLCB3,0.846977
ANKRD1,0.843373
STUB1,0.533794
WNK2,0.920985
SLC3A1,0.756121
CHSY1,0.943529
PDK1,0.935755
MDH1B,0.946085
TPH2,0.863167
RARS2,0.871057
XYLT1,0.980062
