GENE,ENVISION
CYB5R2,0.855075
DUSP27,0.933548
SLC9A4,0.956741
CERS4,1.003310
SMG1,0.928924
CYP46A1,0.951012
MIB1,0.878477
PHKB,0.966375
TIAM2,0.936394
SLC6A18,0.831425
TTN,0.802106
PJA1,0.874437
CERS6,0.983295
EXT2,0.862151
MYBBP1A,0.729322
SRMS,1.005830
PHLPP2,0.974707
CSGALNACT2,0.816712
PDE10A,0.867523
PTPRU,0.719643
L2HGDH,0.910168
STK31,0.851330
CDK6,0.618342
GUCY1B3,0.780681
