GENE,ENVISION
PIM3,0.955717
SLC28A3,0.933022
SQLE,0.926837
SMARCD3,0.854455
GTF3C4,0.846328
SLC15A2,0.859836
SUV420H1,0.941045
