GENE,ENVISION
MYO3A,0.811110
NANS,0.791271
PLCXD2,0.903779
