GENE,ENVISION
WNK2,0.870323
PDE1B,0.783400
MYO5B,0.977026
