GENE,ENVISION
AMFR,0.959794
PIGS,0.799537
SLK,0.895059
