GENE,ENVISION
QPRT,0.919287
NCOA6,0.866498
ITK,1.000650
PTGES2,0.766881
PDE1C,0.955426
A4GNT,0.913857
FRMPD2,0.905583
MAP3K14,0.988108
WHSC1L1,0.882440
PASK,1.018280
ACSS3,0.829550
FARSA,0.999563
CYLD,0.957009
TTN,0.777601
SLC5A7,0.984235
UPB1,1.018750
STT3B,0.916792
CCBL1,0.937665
