GENE,ENVISION
ST3GAL3,0.760637
HAO1,0.845477
PARP9,0.759584
GGTLC2,0.868277
WWP1,0.871160
DUOX1,0.949018
PEAK1,0.777299
MYO5B,0.789078
TTN,0.792013
USP15,0.829617
TNS2,0.953096
SULT2A1,0.871111
SFXN3,0.991546
