GENE,ENVISION
SLC6A3,1.007930
SLC28A3,0.822752
SLC6A19,1.034640
SLCO2A1,0.912509
