GENE,ENVISION
MAP3K9,0.847630
PLCB4,0.719643
SH3RF1,0.893735
WNK2,0.980422
CYP46A1,0.653987
MIA3,0.932296
MTRR,0.982075
SLC27A3,0.771337
