GENE,ENVISION
WNK2,0.879056
ADCY4,0.972097
UBE3A,0.969669
PRKCE,0.804320
TTN,0.856204
