GENE,ENVISION
ACPT,0.819676
ATP11A,0.860577
SLC2A9,0.795488
SLC32A1,0.971438
ST8SIA1,0.821642
CHST9,0.988736
MACROD1,0.860622
HLTF,0.840245
CLK4,0.663907
TRPM6,0.916170
