GENE,ENVISION
HECTD3,0.908682
PTPN13,0.957478
CDS1,0.821473
SLC26A7,0.781164
RPE65,0.926661
CDK11A,0.907388
HIPK2,1.000490
MGAT4B,0.944395
