GENE,ENVISION
LRP2,1.022210
LATS2,0.996538
