GENE,ENVISION
MYO3A,0.916225
CYP26B1,0.845908
LPPR4,0.965330
USP26,0.763375
GBA2,0.968571
SQLE,0.950242
USP20,0.988734
