GENE,ENVISION
SLC32A1,0.880385
PIGM,0.710695
SLC22A4,0.821169
LATS2,0.934006
PIK3R3,0.800656
SLC5A7,0.950573
SLC27A1,0.822711
