GENE,ENVISION
MAN1B1,0.868295
HIF1AN,0.778592
HUWE1,0.741918
MGLL,0.865350
PXDN,0.955197
