GENE,ENVISION
SPEG,0.979533
UST,0.875842
USP3,0.796655
PDE10A,0.825934
