GENE,ENVISION
SIRT1,0.779988
HS3ST4,0.859356
SLC17A8,0.872170
CAMK1D,0.853415
ERBB4,0.529963
PIKFYVE,0.840398
PARP14,0.906586
USP3,1.007630
HEXDC,0.767527
INPP4A,0.821845
NTRK3,0.822833
SLC17A6,1.015220
TTN,0.904681
ATP11A,0.889707
TECRL,0.975230
NSD1,0.592918
SLC12A1,0.827825
NNT,0.900419
PFKFB3,0.777772
GALNT3,0.924507
