GENE,ENVISION
ADCY1,1.008590
ENPP6,0.867930
USP9X,0.769009
PRKAA1,0.912858
POLE,0.985077
PIK3R3,0.861551
GNE,0.925325
PDE11A,0.906517
EYA1,0.921737
POLI,0.909595
