GENE,ENVISION
PARP8,0.903257
TTN,0.967132
MGAT4C,0.929985
FRMPD2,0.987570
