GENE,ENVISION
LRP2,0.919591
MTHFD1L,0.925461
HELZ2,0.835071
BIRC6,0.983982
HSPG2,0.764834
CTSF,0.750803
SLC7A10,0.847209
NTRK2,0.782697
TAOK1,0.909628
SLCO1B3,0.845094
TTN,0.896230
CDK6,0.911754
USP24,0.850983
PAK1,0.574306
