GENE,ENVISION
SLCO3A1,0.752854
MOGS,1.006680
ACSM5,1.002500
CDO1,0.821390
INPP4A,0.828471
SLCO1B3,0.898608
PDE7B,0.914945
TTN,0.792561
RNF25,0.993428
UGGT2,0.912893
