GENE,ENVISION
LARS,0.861416
TPK1,0.746511
KMT2C,0.745842
PTPRN2,0.991819
DMPK,0.909860
