GENE,ENVISION
VARS2,0.817525
UBR4,0.718498
