GENE,ENVISION
LRP2,0.827987
GDPD2,0.971168
CDK19,0.770227
B4GALNT3,0.855922
MTR,0.959457
TKTL2,0.788427
LRP1,0.739411
MAP3K4,0.816420
CYP26B1,0.906177
SPRYD3,0.864144
MARK1,0.855220
DYRK1B,0.854838
UGGT2,0.985296
SGPP1,0.938731
TTN,0.860566
