GENE,ENVISION
SLC8A2,0.996548
RBBP6,0.782525
