GENE,ENVISION
PKN1,0.961934
KL,1.024950
SLC26A7,0.938741
