GENE,ENVISION
LRP2,0.988706
ICK,1.010950
ABCG2,0.984686
ATP6V1D,0.983093
CHD9,0.821144
HSD17B12,0.860510
NAGPA,0.786194
ECH1,0.881148
ATP6V0A1,0.972253
STK38,0.944258
CWC27,1.002690
MTMR3,1.003520
ACSS1,1.000170
FUT9,0.853689
