GENE,ENVISION
B4GALNT3,0.932030
PRKAG2,0.945132
PTK2B,0.942947
RARS2,0.821527
SHPRH,0.995659
EHMT1,1.071860
EHMT2,0.764378
RHBG,0.982558
PDPR,0.857831
NDUFA12,0.805464
ACOT11,0.508543
NMNAT1,0.826667
HUWE1,0.863019
XYLT2,0.981880
CSNK1G2,0.779704
MAST2,0.871424
GALNT8,0.790679
SLC47A2,0.821837
TRIP12,0.934154
TNK2,0.862804
CHST13,0.803979
SLC8A2,0.846812
ADCY1,0.812705
MOGS,0.936986
SLC17A1,0.928200
GLT6D1,0.934757
SLC1A5,0.850668
HLTF,0.923627
EIF2AK3,0.916989
