GENE,ENVISION
PLCL2,0.924792
SLC6A14,0.784835
TTN,0.778558
IKBKE,0.790552
CYP2S1,0.905766
SIN3A,0.921501
SLCO1C1,1.034240
