GENE,ENVISION
USP45,0.902170
PARP8,0.901001
