GENE,ENVISION
ULK3,0.863197
KMT2A,0.907049
NT5M,0.755898
STK31,0.783090
ACAD10,1.006730
PAPOLG,0.984001
AASDHPPT,0.934832
