GENE,ENVISION
HECTD2,0.945420
TRPM6,1.028000
ALG1,0.975140
CERS4,0.900967
