GENE,ENVISION
KDSR,0.843621
LPIN2,0.845428
DZIP3,0.901671
ADCY2,0.840483
PIKFYVE,0.842229
ACSM5,0.949353
GMPPA,0.806564
CPT1C,0.841592
MAP3K4,0.980688
NTRK3,0.885793
GALE,0.918170
ELOVL2,0.989352
UBR2,0.848533
POLM,0.950087
ANKRD1,0.905456
