GENE,ENVISION
DUOX1,0.950945
OGDH,0.856025
UBE2S,0.889707
