GENE,ENVISION
CERS6,1.015250
PAK6,0.987958
USP29,0.915100
DGUOK,0.969295
