GENE,ENVISION
PJA1,0.967503
NLK,0.857299
DPEP2,0.896098
