GENE,ENVISION
MAP3K2,0.982603
LPIN2,0.949083
COQ6,1.011480
EHHADH,0.871372
SLC25A19,1.005190
