GENE,ENVISION
UBE3B,0.764378
ATP2B2,0.787101
TTN,0.838373
CHST4,0.885528
