GENE,ENVISION
FMO2,0.773089
DZIP3,0.920919
DPYD,0.982144
ALDH1L2,0.879177
SLC36A2,1.005310
ROCK1,0.845770
CARS2,0.924855
UST,0.909538
ADPGK,0.946695
SH3RF3,0.976090
