GENE,ENVISION
HS2ST1,0.846594
PNLIPRP3,0.993534
SLC22A9,0.909681
USP31,0.993702
