GENE,ENVISION
ABCG8,0.932314
ASH1L,0.964967
SLC27A6,0.932247
SLC32A1,0.969194
SRPK3,0.867058
