GENE,ENVISION
ST3GAL6,0.791852
PDE1C,0.992197
PTGIS,0.867612
GDPD2,0.979701
GNPTAB,0.985578
SLC34A3,0.853982
SLC29A4,0.761603
MANSC1,0.900186
HEPH,0.925709
ACOT4,0.870957
SIN3A,0.767475
TTN,0.856204
