GENE,ENVISION
ST6GALNAC2,0.872594
TNIK,0.758766
PAPD4,0.950598
ULK4,0.821022
DAPK2,0.783778
