GENE,ENVISION
SLC41A1,1.012580
TPTE2,0.967243
PTPN18,0.832507
KMT2E,0.794299
SH3RF1,0.912580
