GENE,ENVISION
MYO3A,0.778817
PRKD1,0.892783
AHCYL2,0.903065
