GENE,ENVISION
PTPRU,0.767381
AMHR2,1.006440
TTN,0.850410
PLB1,0.750770
MYO5B,0.908176
FUT9,0.863630
