GENE,ENVISION
GALNT2,0.801251
SLC10A2,1.020660
SLC12A6,0.988935
ALK,1.006370
LIPG,1.002160
PIGQ,0.944348
TYRO3,0.889707
STK31,0.793135
KMT2B,0.966159
DYRK2,0.759907
TTN,0.987100
MGAT4C,0.840769
LDHD,0.928881
GGH,0.702567
PXDN,0.846442
