GENE,ENVISION
PIGK,1.014090
SMG1,0.905928
PEAK1,0.777299
DSTYK,0.821464
MAP3K1,0.792649
SLC41A2,0.965705
TTN,0.768941
USP32,0.855291
