GENE,ENVISION
LRP2,0.784047
AMPD3,0.976326
UGGT2,1.020830
ABCA3,0.999563
UBR4,0.851668
