GENE,ENVISION
PARS2,0.979198
BIRC6,0.581038
DCLK2,0.851927
PGLYRP2,0.988543
ATR,1.006410
ABAT,0.839766
SLC30A7,0.895362
PNLIPRP3,0.925770
EXT1,0.762146
HS3ST3A1,0.617479
DUSP5,0.769413
EYA1,0.647674
PLCB4,0.881066
TRHDE,0.902089
WNK1,0.961570
PASK,0.823424
HERC4,0.766044
USP33,0.863895
SLC15A4,0.878510
KAT8,0.970096
PTPRU,0.980430
GALK2,0.926677
HSD11B2,1.018590
PARP14,0.954911
TCIRG1,0.979650
NEDD4L,0.881066
