GENE,ENVISION
MARCH7,0.847674
TNNI3K,0.993875
HAS1,0.773907
