GENE,ENVISION
TSSK6,0.903523
ADCY1,0.600462
PEAK1,0.829064
TRIM32,1.021610
PRPF4B,1.003020
ADCY10,0.990698
WWOX,0.993206
SLC18A3,0.823877
USP26,0.928682
TRIM63,0.855075
SLC30A1,1.011820
PRKD1,1.010700
STK17A,0.987803
