GENE,ENVISION
SFXN3,0.972265
RALBP1,0.767475
SHPK,0.942607
SGK223,0.947529
DPYD,0.701881
NUAK2,0.607803
SLC25A18,1.016380
USP9X,0.868111
SLC12A6,0.984828
ABCB6,1.011520
SLC26A6,1.005240
USP15,0.982899
MYO5B,0.828980
RNF19A,0.856387
PLIN2,0.845192
UBR4,0.761650
