GENE,ENVISION
PLCB1,0.846829
SLC24A3,0.854838
UBE2O,0.769810
TAOK1,0.823614
AK7,0.885689
DUOX2,0.757838
DHRS2,0.728142
MYLK3,0.877523
NPC1L1,0.977632
TTN,0.964821
ME3,0.874611
HGD,0.749748
SLC4A8,0.909256
FABP9,1.064550
