GENE,ENVISION
LRP2,1.007920
B4GALNT4,0.761285
TSSK1B,0.911749
ENPP6,0.853806
RPE65,0.865643
PDE1B,0.779200
ST8SIA4,0.761650
SLCO1B3,0.946643
MAN2A1,1.069500
USP7,0.851668
AAK1,0.798496
TTN,0.906821
ZSWIM2,1.007180
PLCZ1,0.991015
CHST4,0.981761
PHKG1,0.934618
