GENE,ENVISION
KMT2C,0.917065
NOX1,0.858236
ALG8,0.999836
GALNT13,0.546506
GRK7,0.948867
EXTL2,0.863208
SLC2A13,0.759519
PASK,0.942530
HERC1,0.850097
MGAT5B,0.991524
TTN,0.674095
CTDP1,0.917072
SLC27A6,0.793146
