GENE,ENVISION
SETD2,0.919586
MYLIP,0.861535
TTN,0.772755
USP35,0.965032
