GENE,ENVISION
ZNF645,0.824327
MIA3,0.912552
B4GALNT3,0.965370
