GENE,ENVISION
SHPRH,0.896191
ZCCHC11,0.827886
ALG9,0.917773
SUV420H1,0.833213
ITK,0.966733
ADCY2,0.819909
BARD1,0.645342
PDIA6,0.911813
CROT,0.852092
PEAK1,0.948687
DCLK2,0.766082
STK31,0.921781
POLE,0.869306
MARK1,0.795172
DGKB,0.961026
CHFR,0.822766
PDE11A,0.767475
CCBL2,0.975472
NGLY1,0.842141
TRPM6,0.939533
TTN,0.897282
