GENE,ENVISION
RNF14,0.816533
KMT2A,0.890321
DHRS9,0.807916
PTPN13,0.970013
ATP6V1H,0.750316
POLR3GL,0.964732
UBE2U,1.060130
