GENE,ENVISION
HAGH,0.807656
ATP1B4,0.999215
UAP1,1.008730
MAN1C1,0.665043
RARS2,0.880001
HELZ2,0.755898
SLC25A28,0.999474
SETD2,1.053740
USP34,0.831449
STK38L,0.842466
SLC5A5,0.882861
