GENE,ENVISION
HMGCS1,1.064370
ASH1L,0.757793
PTPRK,0.862050
KAT6B,0.848077
