GENE,ENVISION
HSPG2,0.991889
CDK11A,0.959581
