GENE,ENVISION
CHD9,0.839039
METTL1,0.778646
ACAD11,0.850538
