GENE,ENVISION
B4GALNT4,0.913213
B3GNT4,0.916842
GALNT13,1.001310
ASAH2,0.982283
PDE1C,1.001420
PARP14,0.868804
B4GALNT2,0.956245
MYLK,0.796204
SLC2A12,0.963367
CYP2A13,0.799796
TTN,0.907253
SLC26A7,0.845701
ALG10,0.729939
CDK17,0.858173
PAK7,0.780519
