GENE,ENVISION
PHEX,0.850759
RPS6KA6,1.008470
SLC13A1,0.978153
CERK,0.906991
PDK1,1.007300
PDK3,0.786557
FIG4,0.886290
HECW1,0.834103
USP28,0.791852
DUSP27,0.910247
TRMT1L,0.957743
ABCB6,0.835761
