GENE,ENVISION
PUS1,0.770963
RPS6KA6,0.938547
