GENE,ENVISION
USP18,0.916564
SLC20A1,0.968389
TICRR,0.924510
USP20,0.977788
