GENE,ENVISION
GALNT15,0.951327
LMTK3,0.860941
MARK1,0.833760
