GENE,ENVISION
PTK7,0.856204
LRSAM1,0.980911
PCYOX1,0.899042
DUOX2,0.773866
RNF182,0.974715
HERC1,0.778823
PARP4,0.847996
TTN,0.667338
USP7,0.769009
