GENE,ENVISION
AGPAT6,0.861177
MKRN3,0.744925
EXT2,0.980037
