GENE,ENVISION
TCIRG1,1.002120
BIRC6,0.976566
USP51,0.987476
PSAT1,0.559677
MARK1,0.850983
USP29,0.946274
CCBL2,0.977880
PXDN,0.919315
GSTK1,0.976090
