GENE,ENVISION
SLC6A13,1.004130
PPP1R1A,0.733731
SLC4A8,0.987159
DUSP21,0.817311
