GENE,ENVISION
SLC4A7,0.873606
PPP1R3A,0.820970
PHKB,0.967316
