GENE,ENVISION
SLC6A3,0.816613
CTPS2,0.871160
CROT,0.926176
PRKDC,0.902152
HIPK1,0.811841
PGAM5,0.913680
ACAD11,0.663604
PAPOLG,0.978881
BHMT,0.775522
CMPK2,0.854960
UGGT2,0.769710
SIN3A,0.863167
MAN1C1,0.940520
CTDP1,0.913104
ACOT1,0.880814
SLC17A4,0.806885
AASDH,0.856965
CAMKK2,0.999811
RDH10,0.855398
NEU4,0.820175
SPEG,0.859760
REG3A,0.983455
PRKD1,0.965183
