GENE,ENVISION
PTPRN2,0.796554
SLC13A1,0.773375
UST,1.008860
CAMK1D,0.930660
MIB1,0.917627
