GENE,ENVISION
ALG10,0.719971
TNS2,0.902652
SMG1,0.861416
ADHFE1,0.822972
ELOVL1,0.818744
