GENE,ENVISION
GALNT14,1.112230
USP49,0.981881
