GENE,ENVISION
SLC38A4,0.922601
KAT5,0.510400
PADI1,0.874015
TTN,0.867161
ZSWIM2,1.016320
PRKD2,0.786678
