GENE,ENVISION
PDIA6,0.921107
HECTD1,0.746665
PLCL1,0.931261
