GENE,ENVISION
SLC22A8,0.745851
TTN,0.853689
