GENE,ENVISION
MYO5B,0.872620
MAPK6,1.035790
MYLK3,0.902044
ASAH2,0.916592
