GENE,ENVISION
ATP6V0A1,0.833400
GPLD1,0.772755
ST3GAL6,0.897092
PPP1R3A,0.937063
TPTE2,0.896747
RPE65,0.823535
MTHFD1L,0.824442
DCLK2,0.868300
PLA2G7,0.917454
MKRN3,0.764006
SLC6A18,0.983872
DUSP19,0.906800
TTN,0.608601
MLKL,0.919797
TNS2,0.716608
HGD,0.808688
CHPF,0.951456
NTRK3,0.833806
