GENE,ENVISION
NTRK3,0.872666
PPP1R3B,0.790796
ATHL1,0.831471
