GENE,ENVISION
B3GNT5,0.829482
SLC28A3,0.922668
PTPMT1,0.958308
KAT5,0.958640
TTN,0.958337
AACS,0.871810
ATP2B2,0.908913
AQP10,0.857404
