GENE,ENVISION
NCOA3,0.994846
THTPA,0.606786
VRK2,0.823089
