GENE,ENVISION
CDK13,0.925586
AGXT2,0.941268
SLC4A4,0.913580
TTN,0.725664
MIA3,0.905934
PLIN2,0.972173
SLC15A4,0.772014
SLC25A10,0.860047
