GENE,ENVISION
MAP3K4,0.765215
TTN,0.908372
ADCY2,0.998905
