GENE,ENVISION
PCK2,0.777772
SLC2A13,0.935497
CHIA,0.973181
SHPRH,0.880333
SLC12A5,0.842660
ASAH2,0.903664
VKORC1,0.932414
MARK4,0.844249
PNPLA7,0.779223
TTN,0.915765
PNPLA8,1.023850
KCNJ11,0.772719
PLCB4,0.834035
ERBB4,0.983796
YARS2,0.975364
KAT6B,0.902126
CNDP1,0.788417
UBR4,0.842271
MTHFD1L,0.971569
TPH2,0.820237
ETNPPL,0.880808
ABCA4,0.879468
ABCC8,0.809570
MYO5B,0.982034
