GENE,ENVISION
SLC9A2,0.857157
ST3GAL5,0.890952
ATM,0.951441
WNK4,0.918844
NEK9,0.802255
NAPRT,0.735261
MIA3,0.983509
