GENE,ENVISION
RPS6KA2,0.929485
PRKDC,0.766082
FKBP7,0.903367
ATP6V0A1,0.982456
PPA1,0.566185
EHHADH,0.821855
HAS2,0.821884
