GENE,ENVISION
SLC6A3,0.977522
ACAT2,0.900176
