GENE,ENVISION
SLC6A3,0.873926
KMT2B,0.831745
CPT1C,1.016190
GK2,0.769810
NCOA6,0.887010
DUOX1,0.832219
SSH1,0.720434
MAP3K1,0.940475
MAP4K1,0.975042
FRMPD2,0.913318
TPK1,0.753474
CHST3,0.822232
ZNF645,0.910445
RNF123,0.905036
