GENE,ENVISION
PDE11A,0.770409
STK11,0.883062
SLC6A19,0.918116
