GENE,ENVISION
PDK3,0.885628
PTPN14,0.983447
