GENE,ENVISION
NEK6,0.838699
NCOA6,0.865923
ROR2,0.993658
NEK9,0.804463
