GENE,ENVISION
HACE1,0.815582
DPYD,0.931000
SLC28A3,0.772469
ALG6,0.958837
PHKB,1.021100
GDPD2,0.931058
TIAM2,0.918028
PGS1,0.745842
PLIN4,1.001940
SLC4A9,0.857668
