GENE,ENVISION
EP300,0.825523
ASH1L,0.584970
UGT3A1,0.858898
INPP5D,0.769878
SETMAR,0.839202
CAMK1G,0.874304
PCYOX1,0.807597
TKTL2,0.823098
LPCAT1,1.005210
ATP6V0A4,0.858890
ACSBG1,0.841405
PGLYRP4,0.852371
USP26,0.913543
CYP4X1,0.966047
SPTLC3,0.984313
PLCD3,0.743605
