GENE,ENVISION
PAPL,1.008590
ACVR2B,0.894462
SLC8A2,0.770409
RPS6KC1,0.894602
RNF180,0.767268
PLCD4,0.777057
PAPOLG,0.918667
ST6GALNAC1,0.927781
