GENE,ENVISION
POLA2,0.903235
PLCB4,0.766044
PLCB1,0.914094
