GENE,ENVISION
KANSL3,0.915363
DUPD1,0.824201
TICRR,1.007970
UAP1,1.005170
BAAT,0.870195
SLC22A11,0.868170
MOK,0.977532
GPLD1,0.997082
ELOVL2,0.753821
PPIP5K1,0.972026
GSTK1,0.868597
