GENE,ENVISION
SLC9A4,0.873306
PHYKPL,0.894153
HECTD1,0.862469
DUOX1,1.049420
DHODH,0.819965
TTN,0.975720
SLC27A5,0.936082
