GENE,ENVISION
RIPK1,0.958513
USP9X,0.931917
ENGASE,0.972056
