GENE,ENVISION
PTPRN,0.967644
SETD2,0.905697
SLCO2A1,0.976072
