GENE,ENVISION
NAGPA,0.810984
MYLK3,0.998621
GUCY1B3,0.967684
