GENE,ENVISION
LARS,0.907142
ULK3,1.037010
UROC1,0.842571
CA5B,0.889484
MTR,0.898821
DDR1,0.963192
TIAM2,0.983024
EZH1,0.935383
MARCH4,0.956620
POLR1B,0.876156
PADI2,0.869647
PADI4,0.898048
SMPD3,0.820581
FRMPD2,0.810838
SLC5A8,0.946235
TRPM6,0.752693
PAK7,0.620735
ST6GALNAC3,0.826225
ECHDC2,0.521323
TTN,0.642537
