GENE,ENVISION
CHD9,0.986210
SMYD3,0.844878
