GENE,ENVISION
DOT1L,0.915415
PLCL1,1.002980
PADI4,0.852398
ALK,0.771498
