GENE,ENVISION
PTPN13,0.983428
SLC17A6,0.973610
AKT3,0.859612
CDC42BPA,0.813191
