GENE,ENVISION
HECTD2,0.789861
EHMT1,0.864476
ABCD2,0.872709
SETDB1,0.902350
KMT2A,0.918872
NDUFA5,0.842077
PIM3,0.972206
PEAK1,0.989816
PARP4,0.842367
EXTL2,0.984938
CA14,0.972829
SLC24A2,0.795488
XYLT1,0.897300
AGMAT,0.864298
UBR4,0.862469
EP300,0.795882
SETD7,0.985691
SRPK2,0.867317
INPP5D,0.869233
EIF2AK1,0.910738
SLC23A1,0.990165
STK31,0.830791
GLB1L,0.808460
