GENE,ENVISION
UBR3,0.709904
SPEG,0.851330
ATR,0.915684
ABHD5,0.817979
