GENE,ENVISION
KAT8,0.605568
MARCH4,0.796003
ACER1,0.945273
POLN,0.788423
