GENE,ENVISION
ABAT,0.924871
ACVR1C,1.015740
PRPF4B,0.844934
RIPK1,0.852664
POLE,0.942588
ME3,1.044180
GAD2,0.847231
EHMT2,0.860622
ALG1L,0.997082
NTRK3,1.025910
NMNAT2,0.914467
AASDH,0.864950
PADI3,0.832981
MGAT5,0.835084
MIA3,0.856803
ATP2B2,0.766044
CHST5,0.967932
SUV420H1,0.965704
GALNT10,0.864144
CYP8B1,0.857086
SLC17A6,0.859336
USP9X,0.920554
PTPRH,0.863014
