GENE,ENVISION
PLCB1,0.981435
MAP3K9,0.798979
LGSN,0.935685
KMT2E,0.885194
REG3A,0.948270
SIN3A,0.709904
