GENE,ENVISION
PGAP1,0.861373
HEPH,0.868841
CPA6,0.973573
SLC17A8,0.988274
UXS1,0.893989
SLC13A1,0.795445
SLC24A4,0.855406
ENPP2,0.672132
PRKCE,0.934900
ACSM2B,0.954328
SLC12A5,0.874196
GDA,0.763152
GUCY1A3,0.946149
TTN,0.816870
ZSWIM2,0.855891
GUCY1B3,0.967624
LPIN2,0.840473
NNT,0.754599
SLC32A1,0.868726
