GENE,ENVISION
SETD2,0.926107
PDE1C,0.802706
USP44,1.015610
ALG1,1.023250
MST1R,0.927818
MYLK,0.923176
PHLPP2,0.929875
TTN,0.795801
ALG10,0.953283
SLC27A6,0.899425
DGKD,0.766521
SRPK2,0.849655
