GENE,ENVISION
ITPA,0.921859
NRF1,0.880947
PLD1,0.932644
SH3RF1,0.901915
USP45,0.855111
B3GNTL1,0.817595
UCK2,0.758486
PRPF4B,0.903476
ALDH6A1,0.919440
DGKH,0.854960
PLCH1,0.966597
TTN,0.951943
ATP11A,0.844813
GALM,0.913111
SLC26A9,0.984870
RNF216,0.919993
MGAT3,0.919632
UBR4,0.896830
