GENE,ENVISION
GNPTAB,0.817919
MTHFD1L,0.997046
MYLK2,0.881613
HIPK3,0.973142
AMDHD1,0.745842
NAGK,0.853546
