GENE,ENVISION
GRHPR,0.809754
MAP3K9,0.925777
USP49,0.971519
SETMAR,0.851373
PEAK1,0.987755
MAST1,0.858722
MAP3K12,0.966846
MARK1,0.754599
MYBBP1A,0.878646
NCOA6,0.845130
