GENE,ENVISION
PSAT1,0.833015
SLC18A3,1.028910
SPTLC3,0.765392
TTN,0.626880
WWP1,0.889707
