GENE,ENVISION
RDH5,0.863519
GNPNAT1,0.980786
PPP1R3A,0.749644
HKDC1,0.759876
METTL3,0.946191
CTDP1,0.898362
NNT,0.821537
