GENE,ENVISION
SLC27A5,0.884534
DZIP3,0.853689
BIRC6,0.759757
PARP12,0.939373
NT5DC3,0.747768
SLC18A3,0.849507
TPH2,0.858657
GALNT8,0.973083
TTN,0.913146
UBE3C,0.856414
PINK1,0.906851
HEPH,0.767440
PDE4C,0.954425
PDE10A,0.709904
