GENE,ENVISION
SLC12A5,0.865352
TNS2,0.773544
HSPG2,0.937382
PLCL2,0.914502
TTN,0.917492
