GENE,ENVISION
USP47,0.842466
WNK1,0.912771
CES3,0.948697
ACSM2B,0.594287
CHST9,1.020600
ABCA4,0.980688
PIK3R4,0.950167
CYLD,0.825619
TTN,0.481462
CCBL2,0.884498
PTPRJ,0.909866
TOPORS,0.840173
