GENE,ENVISION
KCNJ8,0.694257
PLK3,0.801680
CAMK2G,0.818829
CYP4A11,0.945221
LPIN3,0.860241
