GENE,ENVISION
CAMK1,0.762024
PANK3,0.743180
CDC42BPB,0.867095
LPIN1,0.828842
