GENE,ENVISION
LRP2,0.926159
ZC3HAV1,0.847173
