GENE,ENVISION
B3GNT5,1.019920
LIPE,0.881724
ERBB4,0.691026
SLC17A6,1.029060
ST8SIA1,0.916030
PIK3R4,0.783982
POLR3B,0.867317
TTN,0.972011
SARDH,0.847043
EHHADH,1.002240
SAP130,0.924791
