GENE,ENVISION
MYLK2,1.015280
GGT7,0.931156
