GENE,ENVISION
SGK3,0.766434
LPIN1,0.972073
