GENE,ENVISION
SLC25A22,0.912637
SLC47A1,0.833368
TTN,0.822298
