GENE,ENVISION
LRP2,0.820762
TRIT1,0.811925
ZNRF1,0.918037
SLC13A2,0.806271
SLC2A13,0.777772
LRP1,0.919173
SLC30A7,0.955514
NAGK,0.980396
NEU2,0.750941
