GENE,ENVISION
KDSR,0.823497
PTPRS,0.835024
PLK3,0.853465
OGDH,0.929267
PLCL1,0.986912
MAP3K15,1.007210
POMT2,0.884000
