GENE,ENVISION
PPIG,0.753911
ASH1L,0.963364
MKRN3,0.976505
TTN,0.879614
PTP4A2,0.855073
