GENE,ENVISION
RPS6KA1,0.673674
SETMAR,0.787618
TTN,0.800359
MGAT4C,0.900080
PTPRN,0.851026
UBR3,0.817507
GLO1,0.542330
ATP2B3,0.907145
ABCC2,0.985005
