GENE,ENVISION
LRP2,0.934968
BRAP,0.974263
STUB1,0.934991
UEVLD,0.969612
CTDP1,0.846318
MAST2,0.825255
ATP6V0A1,0.856115
