GENE,ENVISION
COASY,0.856700
PKN2,0.842570
ASAH2,0.857157
AMPD3,0.959423
UGT2A3,0.878293
SLC17A7,0.750837
RPS6KC1,0.760440
GMPPA,0.883582
RNF149,0.853450
MAST1,0.850515
HERC3,0.795911
TTN,0.814695
SLC3A1,0.984582
USP26,0.877816
CHPF,0.851039
USP34,0.709904
