GENE,ENVISION
PLA2G15,0.865982
ERBB4,1.018410
GK2,0.888483
NPC1L1,0.912520
HIPK1,0.906821
TTN,1.013920
HS6ST2,0.971881
SLC8A2,0.916272
GAL3ST4,0.911928
