GENE,ENVISION
SLC41A1,0.851414
MAP3K9,0.884348
PTPRS,0.915320
LIPG,0.987358
RNF19B,0.798241
ACSF3,0.870705
USP13,0.993801
SLC23A2,0.878162
TTN,0.816686
USP29,0.766646
HEPH,0.865836
PLCB4,0.992119
RNF2,1.015210
RNF31,0.959299
