GENE,ENVISION
MAP4K1,0.967476
ASH1L,1.068510
CHST12,0.991505
NAAA,0.793014
RPAP2,0.802773
PPP2R2B,1.019660
GUCY1A3,0.734078
HECW1,0.769810
GRK1,0.710898
PDK4,0.848707
