GENE,ENVISION
USP13,0.918159
USP29,0.942819
MARK1,0.869306
MLK4,0.882954
