GENE,ENVISION
DNMT3B,1.011130
HECTD1,0.881066
TSSK2,0.977922
ERBB4,0.952446
CAMK2D,0.811426
PPT2,0.877492
PARP4,0.665926
PLCH1,0.817533
FKBP8,0.917205
ZCCHC6,0.840483
