GENE,ENVISION
TARS2,0.999824
TTN,0.945266
UGT2A1,0.953074
AKR1C1,0.811381
