GENE,ENVISION
MYO3A,0.951586
KMT2A,0.812398
ERBB4,0.928754
STYK1,0.755898
UBE3A,0.987060
TIAM2,0.921807
TTN,0.778232
MARCH9,0.845440
SACM1L,0.979631
