GENE,ENVISION
LARS,0.860577
MARK4,0.974978
NCOA6,0.719288
PEMT,0.965596
PLCZ1,0.800086
MAP3K4,0.982059
CTSF,1.019260
HERC1,0.900419
PNPLA2,0.967105
ANGPTL4,0.997463
HECW1,0.719288
HS6ST3,0.921416
PIN1,0.925049
