GENE,ENVISION
GALNTL5,0.940575
PTK7,0.906792
DPYSL3,0.766044
IP6K1,0.892530
PDE1B,0.919639
