GENE,ENVISION
CSNK1A1L,0.733553
SLC2A7,1.008660
UBE3A,0.948843
TSSK4,0.921657
WHSC1L1,0.884273
SLCO1B1,0.922187
WNK2,0.843679
LPCAT4,0.942135
GALNT3,0.795488
BSCL2,0.930531
