GENE,ENVISION
LRP2,0.777057
GALNT13,0.939961
FKBP10,0.819450
CYP4F11,0.918426
KAT2A,0.702777
USP30,0.762927
SETD5,0.755098
GAL3ST4,0.793997
PXDN,0.753389
