GENE,ENVISION
LRP2,0.759026
UROC1,0.874459
PTK7,0.789083
SLC4A4,0.853092
MARS2,0.776083
SLC51A,0.777880
MKRN3,0.973739
ATP1A4,0.907149
TTN,0.819234
COQ5,1.005420
TRPM6,0.963880
ALG13,0.773062
