GENE,ENVISION
AOX1,0.912129
AOC3,0.747817
BIRC6,0.849774
PNPT1,0.810871
USP9X,0.891577
DYRK2,0.774158
NTRK3,0.916163
ACAD11,1.021240
GRHL1,0.906923
ACSM5,0.936115
RPS6KB2,0.955719
TTN,0.852288
ZSWIM2,1.015750
LPCAT1,0.874982
TRPM7,0.955302
SGPP2,0.947646
PARP8,0.938932
PEAK1,0.877909
ACSS3,0.829028
MAN2A1,0.710695
USP16,0.753468
ST6GALNAC1,0.870218
LRP1,0.786678
SLC17A8,1.004710
NEDD4L,0.885628
GPLD1,0.792561
ABCC2,1.020180
PTPRH,0.808828
