GENE,ENVISION
NCOA2,0.982410
DAGLA,0.874754
SIRT1,1.072900
KMT2E,0.978799
ASAH2,0.974507
MAST1,0.834033
CHD9,0.779412
SLC25A2,0.900873
TMEM91,0.785610
ACSM2B,0.827805
FARSB,0.906310
MAST2,0.949180
USP28,0.867905
