GENE,ENVISION
SLC17A4,0.967050
HSD17B12,0.791852
HMGCLL1,0.815163
