GENE,ENVISION
CSNK1A1L,0.902527
PPP1R3A,0.790327
TRIM32,0.753642
PARP14,0.782964
MAP3K4,0.914315
DHCR7,1.019760
TTN,0.777038
