GENE,ENVISION
GALNTL5,0.915958
PTPRN2,1.060570
NCOA1,0.977899
RPS6KA6,0.717645
PDE1C,0.874394
KAT8,0.633507
UGT3A1,1.021090
SLC36A2,0.786751
CHSY3,1.013820
CYP2A13,0.909456
TTN,0.920771
ABCC11,1.012640
