GENE,ENVISION
MYO3A,0.857168
PLD4,0.982674
SEC11C,0.876476
MAP4K2,0.944014
HSD17B14,0.727699
PRPF19,0.861177
CROT,0.984053
PDE3A,0.778041
ATP6V1H,0.807957
SLC13A5,0.817027
ACPT,0.988256
DYRK1B,0.814173
TGS1,0.858832
PRKG2,0.973689
SLC8A2,0.916831
AASDHPPT,0.994144
NT5DC3,0.720644
UHRF2,0.914268
USP37,0.877140
