GENE,ENVISION
MYO3A,0.977432
AOC3,1.001350
PTPN21,0.993691
PPP1R3A,0.868329
UBE3B,0.893503
MYLK3,0.980541
AICDA,0.952630
PADI1,0.988894
FGGY,0.792561
NEU4,0.934496
USP26,0.970003
PDE10A,0.841650
