GENE,ENVISION
SLC38A1,0.940092
CTPS2,0.936912
USP7,0.855073
MARCH4,0.941370
MAP2K1,0.967732
PIK3R3,0.692815
ZNF645,0.971742
