GENE,ENVISION
CERS3,0.916006
DDR2,0.822559
ATM,0.834740
HIPK2,0.834046
HIPK1,0.979689
UBE3B,0.844813
TTN,0.914544
MGAT4C,0.755141
GALNT7,0.829260
DUSP10,0.910800
POLH,0.826238
