GENE,ENVISION
SLC13A1,0.823222
PNPLA8,0.880254
UBE2O,0.891310
DAK,0.803652
