GENE,ENVISION
MAPK14,0.778268
PLD1,0.981475
PKN3,0.985426
MAN2A1,0.901916
PGLYRP3,0.986951
HIPK1,0.987858
TTN,1.004360
RDH12,0.866297
