GENE,ENVISION
LRP2,0.811110
UCK1,1.015240
SLC47A1,0.786563
ACSM5,1.005450
