GENE,ENVISION
CA5B,0.911766
PPM1E,0.780937
MAP3K9,0.817200
GALNT13,0.757177
SLC7A7,0.940449
SAP130,0.839152
NTRK2,1.019790
DAPK2,0.969269
CBLL1,0.906880
HEPH,0.812966
PDE10A,0.927698
IP6K1,0.876616
