GENE,ENVISION
FKBP10,0.965328
CDK12,0.853689
EXTL1,0.983411
TTN,0.662220
MIA3,0.950313
STRA6,0.824593
CHST5,0.939589
PNPO,1.017430
