GENE,ENVISION
SLC12A7,0.975077
SLC35A3,0.819332
