GENE,ENVISION
ENPP6,0.850438
MOGS,0.876467
FTMT,0.831150
NTRK2,0.950010
SLC26A7,0.985704
SETDB1,0.798301
PBK,0.788702
DUSP27,0.775729
