GENE,ENVISION
GNPTAB,0.876825
LRP1,0.759907
MGAT5B,0.870768
