GENE,ENVISION
GRK7,0.852982
PTPN18,0.904439
