GENE,ENVISION
TRIM11,0.849884
INPP5A,0.885134
SLC9A2,0.843956
RPE65,0.710524
NDST4,0.933621
PIGO,0.779700
SLC4A4,0.985077
USP9X,0.868092
TTN,0.814173
PDIA6,0.918764
MTMR3,0.904950
PTPRH,0.896713
