GENE,ENVISION
NOX1,1.000800
HACD2,0.754599
TTN,0.957630
MIB1,0.847749
