GENE,ENVISION
SETMAR,0.859717
HSPG2,0.959042
MYLK,0.936123
PDE7A,0.806023
UBA3,0.833759
PDE4C,0.982283
