GENE,ENVISION
UBA2,0.839353
GALNT8,1.013170
TTN,0.986204
LPCAT1,1.009290
pk,0.906702
B3GAT1,0.970406
PLA2G4D,1.017410
