GENE,ENVISION
GSTO2,0.786853
UPP1,0.788519
SLCO3A1,0.720644
INPP5J,0.781380
LDHAL6B,0.940319
FUT11,0.968244
PTPN14,0.865406
SLC34A1,0.705852
SLC12A7,0.860971
PPIP5K1,0.962838
ATR,0.978119
TTN,0.906398
NOX5,0.876007
PLA2G4C,0.762595
SLC18A2,0.854975
GAL3ST3,0.921814
SPTLC3,0.991018
RNF31,0.889722
