GENE,ENVISION
SLC14A2,0.972877
PDIA6,0.787232
MOGS,1.014970
PDE3A,0.970960
MGAT4C,0.902523
SPEG,0.915866
TRPM7,0.905339
ACSF2,0.931412
