GENE,ENVISION
NCOA6,0.889269
ATP1A4,0.991016
STK4,0.810867
HECW2,0.926514
GLB1L,0.491455
DYRK1A,0.761650
PIP4K2C,0.791876
