GENE,ENVISION
SLC25A28,0.870566
SLC27A6,0.928304
GALNT6,0.719064
UBE2O,0.768623
