GENE,ENVISION
CHST13,0.967713
SMURF2,1.008050
LMTK2,0.921593
PCYOX1,0.843994
ALG3,0.981845
PLCXD2,0.843373
CAMK2B,0.678351
PASK,1.016740
THTPA,0.933063
MCCC2,0.937274
BDH1,0.948565
