GENE,ENVISION
LRP2,0.828411
PTPN23,0.849706
KMT2A,0.934534
CAMK1G,0.664765
ERBB4,0.864216
SLC2A14,0.975656
CHSY1,0.987035
MAP3K10,0.829248
TTLL10,1.000240
TTN,0.778646
