GENE,ENVISION
EPHA7,1.023560
PTPRN2,0.941966
MOCS1,0.823249
PHLPP2,0.965268
PPAPDC3,1.005410
