GENE,ENVISION
USP34,0.924544
MPC1,0.973723
