GENE,ENVISION
CPT1C,1.015370
ASH1L,0.995800
SUV420H1,0.841804
SETDB1,0.903155
ELOVL1,0.924509
