GENE,ENVISION
PTPN23,0.857058
EHMT2,0.774390
VRK2,1.005480
UBE3B,0.936339
TLK2,0.854455
SLC7A10,0.859015
PON3,0.948654
RDH13,0.957464
TNS2,0.825307
ZNF645,0.906769
