GENE,ENVISION
CYP26B1,0.982929
WNK2,0.993257
ABCA4,0.954569
CHST6,0.948924
SLC18A2,0.960589
