GENE,ENVISION
MAP4K1,0.875405
PTPRU,0.764378
PARP9,0.930854
GALNT11,0.752854
EPHA7,0.980377
TUSC3,0.953183
PIGB,0.989127
SETD1B,0.956180
HIPK1,0.885779
PADI2,0.790414
TNS2,0.942410
NSD1,0.846791
HLTF,0.795488
PDE4B,0.711246
SIN3A,0.835084
ABHD6,1.079550
PPIE,0.895076
NLN,0.769878
