GENE,ENVISION
ZADH2,0.913457
SLC29A1,0.949930
