GENE,ENVISION
PANK1,0.625072
UGT2B28,0.750770
CROT,0.900945
HMGCLL1,0.896754
GCNT4,0.925196
