GENE,ENVISION
AOX1,0.831304
SLC40A1,0.970622
DPYD,0.772214
DUOX2,0.976360
KL,0.777714
TTN,0.777532
SLC15A2,0.982710
SLC4A8,0.940601
