GENE,ENVISION
LRP2,0.791052
PCK2,0.835084
INPP5D,0.923972
PEAK1,0.977824
RGL1,0.960965
UBE3C,0.918037
CDK12,0.859359
GALNT8,0.864937
TTN,0.966074
AACS,1.005830
LMTK3,0.850555
