GENE,ENVISION
FMO2,0.958383
ICK,0.850746
TRIT1,0.993179
KMT2E,1.066720
ST3GAL2,0.813920
USP40,0.839128
FASTK,0.781234
DARS2,0.986314
HECW1,0.762494
MYO5B,0.945444
SLC25A11,0.782483
STK35,0.871853
