GENE,ENVISION
STK11,0.789311
TGM7,0.974917
ATM,0.744489
UGT2A1,0.827648
KL,1.012350
ELOVL4,0.859715
TPK1,0.808348
