GENE,ENVISION
RGL1,0.941416
ITPK1,0.758676
MAP3K9,0.984270
SHPRH,0.878374
