GENE,ENVISION
ZCCHC11,0.831745
RWDD2A,0.941125
ERBB4,1.013370
PARP2,0.710695
TTN,0.727227
PIK3C3,0.842271
CREBBP,0.622043
MAP3K15,0.984975
