GENE,ENVISION
FKBP5,0.835138
RARS2,0.989087
XPO6,0.817480
