GENE,ENVISION
MKRN3,0.815244
SLC47A1,0.837517
