GENE,ENVISION
KMT2B,0.911422
ACO2,0.996628
SULT4A1,0.813133
B4GALNT2,0.962758
RAD18,1.016410
MAP3K5,0.776202
PNPLA3,0.997666
TTN,0.856204
PLB1,0.906831
TRPM6,0.783457
XYLT1,0.790270
USP34,0.900102
ATP2B3,0.907152
SLCO1C1,0.965171
