GENE,ENVISION
SIRT5,0.612815
PIGG,0.914755
AK5,0.852492
G6PC2,0.769700
B4GALT7,0.985080
ACSBG2,0.988053
DUSP21,0.772728
TYRO3,0.899372
ABCC11,0.931682
