GENE,ENVISION
LRTOMT,0.935534
SLC36A4,0.778756
FPGS,0.769342
PADI4,0.851330
NEK8,0.779325
