GENE,ENVISION
STK31,0.824495
HUWE1,0.929184
USP16,0.924076
GRHL1,0.719643
