GENE,ENVISION
RIPK1,1.021690
TNIK,0.899240
ICT1,0.923498
GCNT2,0.780196
GK2,0.871807
USP42,0.779634
TIAM2,0.712970
TTN,0.860354
LPCAT1,0.963808
AASDH,0.867326
HAS1,0.755141
WNK3,0.925427
PIGK,0.969037
SLCO2A1,0.841282
RPUSD4,0.867354
MAN2A1,0.790467
ST6GALNAC5,0.858676
SLCO1C1,0.979004
LRP1,0.991716
RNF180,0.791574
MGAT4A,0.660759
FUT2,1.012110
FUT8,0.934832
