GENE,ENVISION
ABCG2,1.074850
USP45,0.797456
SLC7A7,0.956715
HUWE1,0.911062
MYLK,0.857450
PPP2R2C,0.861791
EIF2AK4,0.858410
SLC4A5,0.781417
PNPLA7,0.985555
SLC30A1,0.826481
