GENE,ENVISION
SLC15A2,0.921169
PLCE1,1.006680
