GENE,ENVISION
KMT2A,0.981612
SETD2,0.779150
SLC34A1,0.864536
TTN,0.785866
NNT,0.891984
NPC1L1,0.829419
