GENE,ENVISION
TRIP12,0.997284
HS3ST4,0.875170
PLCE1,0.954960
PTPN14,0.819955
