GENE,ENVISION
SLC6A3,1.014140
ASH1L,0.863759
ABCG8,1.003510
TSSK1B,0.937268
MAP3K15,0.843958
NT5C1A,1.020530
EP300,0.795882
