GENE,ENVISION
CYP2A13,0.581132
KMT2A,0.881936
BHMT,0.811441
ABCG8,0.845806
GSTA5,0.902369
ETFDH,0.764581
CAMKK2,0.812834
SLC22A6,0.838673
TTN,0.951570
ALDH1L2,0.816533
RNF19B,0.799618
FUCA2,0.769342
