GENE,ENVISION
SIRT1,0.731661
SLC17A6,0.947009
YARS2,0.796512
MGAT5B,0.755898
IKBKE,0.787574
PYCR2,0.972351
