GENE,ENVISION
ASPG,0.847501
ADCY2,0.623111
XPO6,0.855398
AMPD2,0.892968
CROT,0.779645
PDE3A,0.861510
RBBP6,0.836964
PLCL1,0.810295
HIPK2,1.017750
PADI6,0.944624
ASRGL1,0.863583
ETNPPL,0.996439
ABHD5,1.051280
