GENE,ENVISION
TPTE2,0.976321
HSD3B7,0.938154
