GENE,ENVISION
KANSL3,0.918244
NOX1,0.805917
ABCD2,1.023140
UBE2J1,0.757331
PPP1R3A,0.845194
MKRN1,0.907305
LRP1,0.816712
TTN,0.984026
MERTK,0.960191
PAK7,0.803902
RNF217,0.811307
CHPF,0.911085
ZCCHC6,0.916407
DUSP8,0.787486
