GENE,ENVISION
FUT5,0.823116
PLD1,0.937551
