GENE,ENVISION
UBE3B,0.854838
GPAM,0.841234
ABCC11,0.877284
