GENE,ENVISION
CBX1,0.858963
HS3ST5,0.934680
TBK1,0.887619
WNK2,0.841534
PARP12,0.853185
EIF2AK4,0.775158
TTN,0.857830
SLC26A11,0.834219
CREBBP,0.540436
