GENE,ENVISION
CYP4F3,0.970128
BIRC6,0.778159
LPPR4,0.844211
TAOK2,0.869306
XPO7,0.862933
