GENE,ENVISION
AASS,0.721239
ACSM1,1.017620
LIPE,0.905957
TTN,0.810894
GPHN,0.989167
