GENE,ENVISION
SLC2A13,0.817507
SLC4A9,0.771341
AURKB,0.845432
