GENE,ENVISION
SLC4A10,0.897272
SHPRH,0.927249
UBE3A,0.979954
POLE,0.861535
PDE7B,0.965907
ABCA3,0.935720
RNF217,0.904605
SLC30A1,0.998547
TRPM6,0.949697
GLS2,0.983509
SPTLC3,0.849706
