GENE,ENVISION
SLC32A1,1.018650
SLC2A14,0.863985
PIGM,0.976184
USP43,0.947033
PXDN,0.826557
COPG1,0.959250
ABCC2,0.961416
TTN,0.729713
