GENE,ENVISION
TUSC3,1.008770
PRRT2,0.787519
CYP4F8,0.937521
CSNK1G1,0.950421
FADS3,0.804608
SLC26A11,0.951235
