GENE,ENVISION
SLC10A6,0.945317
CROT,1.015850
MAP3K4,0.974622
TTL,0.891802
RNF216,0.809271
USP36,0.803445
