GENE,ENVISION
PKN1,0.861081
BIRC6,1.012050
MOGS,0.993362
GSTO1,0.851473
