GENE,ENVISION
NUDT9,0.904386
HERC4,0.861658
DNMT3A,0.812667
DPH5,0.843323
PPP1R3A,0.948988
TBL1XR1,0.792836
CDS1,0.872356
ATM,0.926222
PTPRJ,0.971640
P4HA3,0.868143
PLCB3,0.968380
PLCE1,0.959762
TTN,0.860359
TRPM6,0.714651
STK38,0.887974
AATK,0.896726
PDE11A,0.842732
DUSP16,0.855075
PDE4B,0.966404
ABCC2,0.858531
CCBL2,0.707958
