GENE,ENVISION
ITK,0.924330
EPHA7,0.787101
PASK,0.981895
FAR1,0.825523
ABCB6,0.843443
TRPM6,0.993006
