GENE,ENVISION
TNK2,0.950065
WNK2,0.775301
SLC28A3,0.765930
ENPP2,0.953955
G6PC2,0.735261
CYP27A1,1.112390
ACSS3,0.964599
MAN1C1,0.761113
DPYS,0.954169
HELZ2,0.940677
SLC26A8,0.940351
SLC26A11,0.934955
ST6GALNAC3,0.773144
DUSP10,0.771424
NEU2,0.911870
DUSP27,0.999698
