GENE,ENVISION
DGKH,0.902188
SLC22A7,0.968126
UBR1,0.807724
PADI4,0.780535
CHST6,0.868209
