GENE,ENVISION
PLXNB3,0.984290
ENTPD4,0.769743
SLC7A9,1.013710
LRP1,0.719785
