GENE,ENVISION
PTPRN2,1.085040
PPP1R1A,0.890271
FUT11,0.777057
ULK3,0.847794
MOGS,0.973524
WARS2,0.936658
NTRK2,0.791304
NSD1,0.963045
PLCH1,0.960922
PNPLA7,0.833712
TTN,0.762629
USP31,0.993006
NEU4,0.819934
ABCC8,0.810116
PDZD4,0.936812
MAPK7,0.987260
