GENE,ENVISION
IARS2,0.937645
SLC20A1,0.963693
BRSK1,0.851417
GALNT10,0.800383
ACAD8,0.557349
HS2ST1,0.989094
PARP10,0.977585
PRODH2,1.015070
USP40,0.796903
MARS2,0.778313
TIAM2,0.982908
MLK4,1.011850
PPWD1,0.987756
RNF123,0.727335
