GENE,ENVISION
PI4KB,1.020590
HAGH,0.752854
PRKG2,0.859848
USP9X,0.865299
MGAT4B,0.786557
NMNAT2,0.824210
HAO1,0.831385
KAT6A,0.936466
POLM,0.752854
CHST6,0.948259
