GENE,ENVISION
LRP2,0.833438
PDP2,0.859452
EHHADH,0.805443
TTN,0.712261
ASAH2,0.747187
