GENE,ENVISION
TNK2,0.922253
SLC36A4,0.873742
EXTL1,0.865973
GTF3C4,0.815990
CDC42BPG,0.827687
TECRL,0.859968
