GENE,ENVISION
LRRK1,0.906927
SSH2,0.839974
TTN,0.800693
MCAT,0.848764
SPEG,0.952022
DGKD,0.935870
