GENE,ENVISION
UBE3B,0.922680
CDS1,0.914739
LDHAL6B,0.732747
RBBP6,0.803207
PTPRJ,0.953881
USP20,0.969890
