GENE,ENVISION
SLC6A3,0.995940
STK32B,0.860577
ZCCHC11,0.787373
RALBP1,1.016380
EIF2AK3,0.775650
PRKCE,0.975709
SLC34A1,0.954933
FKBP5,0.779268
STK3,0.988901
USP16,0.856218
