GENE,ENVISION
AOX1,0.905317
NT5DC3,0.773652
ROR1,1.003410
SLC25A2,1.002880
