GENE,ENVISION
EHMT2,0.920775
GALNT13,0.917968
AK7,0.977940
MAP2K1,0.963313
HECTD1,0.876844
SLC34A3,0.925233
GALNT15,0.962714
ATR,0.922912
USP29,0.798895
PPIP5K1,0.641245
SBK1,0.988670
NAGK,0.896880
