GENE,ENVISION
CYP4V2,0.986237
SLC5A5,1.011160
RNF128,0.983382
