GENE,ENVISION
LRP1,0.824738
GNPNAT1,0.862304
CHST5,0.982137
AMPD3,0.793062
SLC13A1,0.985030
SLCO2A1,1.000710
PPP2R2B,1.087410
PGLYRP3,0.752854
SLC12A6,0.834870
BMPR2,0.925534
ADPGK,0.908127
GUCY1B3,0.941776
MYO5B,0.843402
PDE4C,0.858722
IP6K3,0.987945
