GENE,ENVISION
FKBP4,0.915189
GBGT1,0.987626
UROC1,0.974220
ACSM1,0.850855
PDE7A,0.919327
RHAG,1.032650
NOX5,0.972091
