GENE,ENVISION
PADI1,0.983764
GUCY1A3,0.908388
CHIA,0.917608
SLC34A3,0.971346
CPT1B,0.878183
