GENE,ENVISION
GAL3ST2,0.942407
SACM1L,0.949699
GGT7,0.847914
CYP4F3,1.012260
TYRO3,0.976782
ABCB6,0.987492
