GENE,ENVISION
ATP6V0B,0.982164
LRP2,0.916523
PARP9,0.914144
SH3RF1,0.767475
RNF185,0.918861
PEAK1,0.790796
MST1R,1.018670
NTRK3,0.996842
MYO5B,0.945111
DUSP22,0.857184
SLCO1C1,0.803445
