GENE,ENVISION
LRP1,0.860577
NCOA6,0.906020
TBL1XR1,0.996156
PARP14,0.981991
HSPG2,0.849532
PLCD3,0.973667
GPHN,0.865299
