GENE,ENVISION
UGT3A1,0.878832
MARCH2,0.966351
USP26,0.977629
PTPN21,0.999031
UROC1,0.969468
CDK13,0.897124
GK2,0.881421
C1GALT1,0.800745
SLC12A6,0.943165
TTN,0.950938
SLC8A2,0.863306
PXYLP1,0.786135
ART3,0.946087
SH3RF2,0.849532
MYLK2,0.862107
SUCLG2,0.777772
SSH2,0.928881
SSH1,0.977097
GALNT6,0.848877
PANK4,1.016300
LRP2,0.915343
ACSL6,0.984316
AZIN2,0.877920
