GENE,ENVISION
PGM2L1,0.902475
ASH1L,0.852092
HS3ST4,0.826523
UROC1,0.951940
ULK4,0.752658
PAN2,0.897242
MTR,1.013160
PPP2R3A,0.788952
RBBP6,0.825429
SLC22A10,0.951543
SPEG,0.761098
