GENE,ENVISION
RHAG,0.588416
SLC22A6,0.997893
SLC26A6,0.829048
