GENE,ENVISION
SLC41A1,0.779155
SLC38A4,0.790522
ALDH1L2,0.835947
ACOX1,0.696339
WHSC1L1,0.936822
SLCO1B3,0.918327
TTN,0.863515
SETD5,0.936674
PRKD1,0.970557
