GENE,ENVISION
TPTE2,0.913714
ZCCHC11,0.753911
SLC7A9,0.986962
ACOX2,0.977572
EXTL2,0.996492
UGCG,0.922676
KAT2A,0.880766
KMT2A,0.860297
PRPF19,0.868111
TTN,0.909918
SSH1,0.866387
KAT6B,0.661366
USP32,0.869232
PRKD1,1.025950
ABCC11,0.990276
