GENE,ENVISION
MYO3A,0.833203
ST3GAL2,0.654248
EPHA7,0.787101
SDR9C7,0.925591
ACAD10,0.916412
PIK3C3,0.771232
