GENE,ENVISION
CSNK1G3,0.967423
DUOX2,0.924666
ATP11A,0.860577
