GENE,ENVISION
ACER2,0.859149
NUDT9,0.764008
USP45,0.927963
PRKD1,0.967266
STK36,0.962387
FAR2,0.766904
PRKCQ,0.873411
SLC4A8,0.934680
SLC6A14,1.002000
