GENE,ENVISION
UBR7,0.867594
BHMT,0.854994
ST8SIA1,0.974966
