GENE,ENVISION
MARCH10,0.937458
KMT2E,0.825292
PISD,0.871064
B3GNT8,0.837558
SLC24A2,0.840245
DPYS,0.871924
LPPR5,0.970016
MGAT3,0.786086
TTN,0.695227
FAXDC2,0.975441
TECRL,0.800833
PPIG,0.914173
DGKD,0.832817
