GENE,ENVISION
RPS6KA2,0.672976
USP48,0.899297
PARS2,0.909454
DDR2,0.851959
CSNK1A1L,0.714220
G6PC3,1.020790
PRKDC,0.993913
TTN,0.942590
MGAT4C,0.843121
AARS2,0.928269
