GENE,ENVISION
COL4A3BP,1.013480
GLYCTK,0.994160
PLA2G7,0.905779
AKT3,0.975420
GAD2,0.842462
RNF139,0.979836
NEU2,0.818874
