GENE,ENVISION
RIPK1,0.965060
TNK2,0.729549
SLC9A7,0.942429
TTN,0.769810
MARCH3,0.870651
