GENE,ENVISION
HMGCS1,1.019140
ACOT12,1.004150
AASDH,1.007430
SSH3,0.902548
