GENE,ENVISION
WWP1,0.934618
RPE65,0.960081
UST,0.983831
RNF31,0.942326
LPIN2,1.008100
WHSC1L1,0.881024
TTN,0.801784
TRPM6,0.981611
FMO2,0.750770
ST3GAL1,0.864567
ENPP6,0.976151
PGM2,0.973272
AGMAT,0.783160
CHST2,0.900528
CSNK1A1L,0.616430
SLC20A1,0.979224
GALNT13,0.783173
PIP5K1A,1.003500
METTL3,0.779088
HECW1,0.824069
GUCY1B3,0.922783
ECHDC2,0.978595
