GENE,ENVISION
MTMR14,0.848842
MCCC1,0.978047
