GENE,ENVISION
PLCB4,0.771232
ATP11A,0.911698
SLCO1C1,0.913154
