GENE,ENVISION
COL4A3BP,0.858227
UBE3B,0.747768
GK2,0.792728
UGT2A3,0.785367
POLE,0.860577
HS6ST2,0.936891
