GENE,ENVISION
CYP8B1,0.936790
ASH1L,0.874932
SMG1,0.766044
POLR3C,0.945426
NLK,0.822981
