GENE,ENVISION
EHMT2,0.890706
GALNT13,0.958063
PDE4C,0.935764
HAGH,0.787232
PIK3R5,0.852884
POLI,0.967073
GUCY1A3,1.027760
ANGPTL4,1.008320
GUK1,0.908783
PIP4K2C,0.810614
PLCD3,0.818912
RNF139,0.992295
SLC30A6,0.937082
SLC4A9,0.811110
NPC1L1,0.919868
HAS2,0.782380
GALNT3,0.902764
