GENE,ENVISION
PDE1C,0.919436
MYO3A,0.794302
CSNK1G1,0.790797
AK7,0.897096
ERBB4,0.751856
