GENE,ENVISION
STAMBPL1,0.713475
EIF2AK4,0.837327
ACVR1C,0.779438
