GENE,ENVISION
ACER2,0.858279
USP49,1.023310
SIRT5,0.787033
MAST1,0.790414
TPTE2,0.955683
SLC7A5,0.898992
CARM1,1.013600
PARP4,0.752854
LPPR3,1.013800
PNPLA7,0.720275
TTN,0.878505
TRMT1,0.867002
AATK,0.887991
SLC27A1,0.908618
SIN3A,0.861177
