GENE,ENVISION
HUWE1,0.891896
SLC22A10,0.880370
SETD7,0.918212
