GENE,ENVISION
IRAK3,0.949886
KCNJ8,0.649612
SLC26A11,0.912377
