GENE,ENVISION
PPP1R3B,0.836991
PARP4,0.924317
MTMR3,0.951921
CYP46A1,0.964727
GLYCTK,0.850568
MAN1C1,0.774945
LPPR4,0.859124
TTN,0.641658
NGLY1,0.795425
PXDN,0.742154
