GENE,ENVISION
CYP3A43,0.663882
DAGLB,0.972398
PANK4,0.853550
ASAH2,0.941029
CDK13,0.786378
USP47,0.867317
ILK,0.813401
MAP3K4,0.925378
CMAS,0.945850
TAOK2,0.790414
PTPRO,0.858722
IRAK3,0.995871
ACAD11,0.639957
RAD9A,0.955678
PIP4K2C,1.010740
RNF146,0.923259
