GENE,ENVISION
KMT2B,0.856429
PRODH2,0.895634
PRKD1,0.819528
TTN,0.900059
EPHA10,0.979759
SETDB1,0.978289
