GENE,ENVISION
PDE1C,1.009460
OTUD5,0.914190
HUWE1,0.948809
GUCY1A3,0.868434
TGS1,0.890212
ATR,0.778383
TTN,0.934443
PXDN,0.922031
