GENE,ENVISION
ATP1B4,1.014210
BAAT,1.022960
TTN,0.840317
