GENE,ENVISION
MAP3K1,0.687231
SLC6A14,0.938682
