GENE,ENVISION
HECTD3,0.869306
SGK223,0.924271
NADSYN1,0.822285
FKBP8,0.930452
NCOA2,0.856204
VARS2,0.790622
SLC12A1,1.015470
TTN,0.886483
ART3,0.969752
DPYSL2,0.952387
VRK3,0.752031
PARP4,0.939823
STRA6,0.980595
NUDT5,0.749297
POLR3GL,0.947834
PDP1,0.666068
PIGV,0.982012
TRMT1L,1.010000
ROR2,0.968747
SLC17A8,1.011200
LMTK2,0.977557
PARP14,0.950291
MST1R,0.821790
PTPN14,0.742435
SLC51B,0.888064
SLC22A9,0.762427
ABCC2,1.000810
