GENE,ENVISION
TNIK,0.842193
EARS2,0.782862
DCLK2,0.970382
