GENE,ENVISION
DNMT3B,0.965361
NAGPA,0.815135
ENPP2,0.721264
NUDT4,0.867936
USP38,0.844758
UBA2,0.929940
STK4,0.814100
