GENE,ENVISION
TGM3,0.983208
TLK1,0.905685
ULK4,0.832911
DUOX2,0.906964
WNK4,0.680251
ST8SIA1,0.868882
HECW1,0.811472
DUSP27,0.781502
USP34,0.991355
TTN,0.907089
