GENE,ENVISION
NEK5,0.919455
USP48,0.769765
ST3GAL4,0.979073
MIA3,0.859439
ACO2,0.649246
SETD5,0.903695
UHRF2,0.897352
