GENE,ENVISION
HERC1,0.916708
PTPRN,0.930726
FUT5,0.994489
GPAT2,0.923845
