GENE,ENVISION
USP33,0.868752
POMGNT1,0.936463
MAP3K14,0.803979
PLCE1,0.745664
NMNAT2,0.755113
GALM,0.757322
SETD2,0.831451
