GENE,ENVISION
MYO3A,0.999824
SLC34A1,0.725534
ASAH2,0.977807
QPRT,0.963758
SLC22A4,0.897993
USP33,0.752854
SLC27A1,0.823677
SRPK3,0.854133
