GENE,ENVISION
DUSP6,0.918995
MCCC1,0.859731
GNE,1.021240
