GENE,ENVISION
ITPK1,0.590199
LRP1,0.882098
TRIM32,0.936860
PRKCD,0.618457
TTN,0.780989
GALNT5,0.878609
