GENE,ENVISION
SLC6A3,1.007930
CHST8,0.835905
TTN,0.596754
SLC25A19,0.950868
