GENE,ENVISION
WNK1,0.851611
FTMT,0.909284
CES3,1.044220
SLC29A4,0.937979
TTN,0.864566
USP29,0.866992
SHPRH,0.815467
