GENE,ENVISION
ICK,0.962525
MAP4K3,1.002120
UCK2,0.900487
SETD5,0.993330
TRIP12,0.904783
