GENE,ENVISION
SLC22A18,0.866732
TRIM33,0.789861
MBOAT2,0.855121
UQCR10,0.836818
TTN,0.768623
FRMPD2,0.907965
MTMR3,0.947531
