GENE,ENVISION
SLC25A13,0.960138
DMGDH,0.903578
TTN,0.968360
B3GNT8,0.981756
UBR4,0.719643
