GENE,ENVISION
PPCDC,0.766136
LRP1,0.858410
USP16,0.819676
