GENE,ENVISION
LRP2,0.828411
SLC38A5,0.854096
LOXL2,0.814173
SLC24A2,0.732952
EBP,0.858821
CDK15,0.815463
SMARCD3,0.820924
TTN,0.864277
MAP3K14,0.980560
