GENE,ENVISION
KMT2B,0.920237
ASH1L,0.899343
EP300,0.769337
PARP8,0.858173
UXS1,0.920345
EPHA7,0.821968
MST1R,0.849867
KMT2A,0.816515
KAT2A,0.958584
ACSM2A,0.689114
PDK1,0.793664
PLA2G7,0.613845
TNIK,0.898252
MOGAT2,0.979579
TTN,0.920778
GALNT5,0.787373
PIK3C3,0.852901
ROR2,0.956357
CCBL2,0.702203
