GENE,ENVISION
PDE1C,0.834323
PPAPDC2,1.013680
CPA6,0.894362
NT5DC3,0.900885
RNF149,0.865228
ACSS3,0.967790
SLC12A7,0.923999
PPAT,0.939355
DECR1,0.771229
SLC22A9,1.005230
