GENE,ENVISION
SLC4A7,0.864829
ADCY2,0.912202
