GENE,ENVISION
LRP2,0.763674
TNK2,1.024230
USP48,0.854225
PEAK1,0.859818
DPYD,0.910184
PKN3,0.927702
FRMPD2,0.854853
CAMK2A,0.858109
ACSM2A,0.814216
SLCO1B1,0.834303
MBOAT1,0.937025
TTN,0.761837
SLC5A7,0.917677
DYRK1A,0.920540
STK39,0.844934
SLC30A7,0.958773
ABCD2,0.978939
SHPRH,0.874803
MTMR2,0.917773
UBR4,0.867317
