GENE,ENVISION
NTRK2,1.017500
PTK7,0.849674
GTF3C4,0.779815
