GENE,ENVISION
SIRT1,0.990698
LRP1,0.860577
ITK,0.529309
NEDD4L,0.867317
DSTYK,0.856204
MGAT4C,0.825925
SLC13A3,1.020830
BMP2K,0.951615
INPP4A,0.774001
RIPK1,1.006940
SLC22A16,0.888573
COLGALT1,0.987100
TTN,0.869306
SLC5A6,0.935755
WNK3,0.963758
WNK2,0.806785
SPEG,0.996662
AKR1C1,0.938004
DYRK1A,0.695881
POLH,0.632785
