GENE,ENVISION
PPAPDC3,0.842994
MLK4,0.851697
UBE2E2,0.909867
ATP6V0A4,1.010730
MAP3K12,0.813616
ATP6V0A2,1.022240
