GENE,ENVISION
ASH1L,0.831892
POMGNT1,0.813218
SLC32A1,0.999322
TSSK1B,0.950319
CHST8,0.786164
UBA3,0.905140
STK36,0.885409
DUSP27,0.952916
