GENE,ENVISION
KAT8,0.933171
HMGCS1,0.926189
USP48,0.934611
USP44,0.964813
PGM2,0.937488
SLC4A7,0.772493
ATP1A4,0.639019
PTPRR,0.975772
TSSK3,0.855770
