GENE,ENVISION
OCRL,0.544464
TARS2,0.852092
HUWE1,0.963136
NEK8,0.960677
HIPK1,0.759701
ABCB6,0.805095
PLB1,0.846379
