GENE,ENVISION
CHD9,0.995553
PTPN21,0.894919
PPP1R3A,0.813005
PON3,0.992390
