GENE,ENVISION
RHAG,0.858969
PARP12,1.017460
PTPN11,0.803569
QTRT1,0.978215
