GENE,ENVISION
SH3RF2,0.786877
SLC14A1,0.981354
NOX3,1.007110
pk,0.959246
MTMR3,1.013450
NPC1L1,0.814173
