GENE,ENVISION
HIF1AN,0.817507
TIAM2,0.950631
UGT1A7,0.900751
ART5,0.930260
