GENE,ENVISION
EHMT1,0.894250
TGM7,0.992908
WNK3,0.863521
MED1,0.868384
ADCY10,0.929521
TYRO3,0.871237
TXNRD1,0.858722
