GENE,ENVISION
TP53RK,0.919125
LPIN2,0.898476
