GENE,ENVISION
ACSM5,1.015780
INPP4A,0.815804
USP7,0.828990
PNPLA7,0.825700
NT5C1B,0.845049
PHLPP2,0.823674
