GENE,ENVISION
LRP2,0.878221
BIRC6,0.929995
SLCO4A1,0.918478
EXT1,1.011690
