GENE,ENVISION
PTK7,0.890622
TRAF7,0.836976
PLCL2,0.836497
PDE3B,0.930744
NDUFA9,0.831343
GALNT8,0.880656
TTN,0.677708
MARK2,0.868418
PRKDC,0.772227
GALNT3,0.814355
