GENE,ENVISION
HSD17B10,0.759054
ART5,0.770452
DUOX1,0.973841
MAT1A,0.734002
PTPRO,0.872548
ADCY10,0.844683
FRMPD2,0.802536
UBR3,0.855398
RNF216,0.889297
AASDH,0.834407
UBE2W,0.768298
