GENE,ENVISION
TRPM6,0.957527
MIOX,0.911461
ERBB4,0.663443
ST3GAL5,0.903836
