GENE,ENVISION
RNF216,0.963341
SSH3,0.916622
DAPK2,0.915933
