GENE,ENVISION
SLC12A5,0.757190
INPP5D,0.854753
PTPRH,0.777881
SLC24A2,0.898430
HUWE1,0.910545
MST1R,0.966643
CDK11A,1.039840
MYLK,0.758012
ATP6V1H,0.943716
NOX3,0.927234
TIPARP,0.834103
TTN,0.912882
PIGV,0.792299
MYO5B,0.957171
GLT6D1,0.836149
STK39,0.768298
KL,0.759887
SLC6A7,0.769743
TOPORS,0.983788
