GENE,ENVISION
ENTPD4,0.838476
VARS2,0.799460
ENPP6,0.934026
OLAH,0.924954
SLC22A4,0.997222
CYP2A13,0.972230
