GENE,ENVISION
LRP1,0.906907
WWP1,0.848673
BIRC6,0.924162
MYLK,0.913786
UPRT,0.919985
MAP3K12,0.992434
MGAT3,0.874070
TNKS2,0.885628
DUSP10,0.802844
