GENE,ENVISION
LRP2,0.981772
AOX1,0.976341
PTPRS,0.893814
SLC8B1,0.861884
RPS6KA6,0.945947
MLK4,0.868529
CHST9,0.941084
MED1,0.905481
DERA,0.861508
