GENE,ENVISION
DNMT3A,0.852964
DCLK2,0.752854
SLC34A1,1.030370
MAP2K1,0.980793
MAPK7,0.776943
DPEP2,0.874972
