GENE,ENVISION
ALK,1.063120
HKDC1,0.761166
RPS6KC1,0.930212
SLC17A1,0.803275
ACSM2A,0.913680
CERCAM,0.856742
PSAT1,0.673487
NOL9,1.005420
TTN,0.715722
HMGCLL1,0.800833
NADSYN1,0.762927
USP26,0.946303
XYLT1,0.791011
TAOK1,0.916980
GALNT2,0.606768
