GENE,ENVISION
PGAP1,0.757458
ICK,0.883958
PTPN21,0.851035
AQP3,0.767475
CBLC,1.004930
RPE65,0.726656
MYO3A,0.876620
RNF41,0.927082
PDE7A,0.857831
PTPRO,0.864189
PIK3R5,0.971096
PNPLA7,1.000010
TTN,0.851735
ME3,0.902858
PRKCQ,0.856106
DUSP9,1.013920
DUSP6,0.921212
TESK2,0.719288
