GENE,ENVISION
CDKL4,1.020000
ABCG5,0.839337
SPTLC3,0.852092
