GENE,ENVISION
STK32B,0.864855
PDP2,0.914243
SLC12A1,0.924587
PMPCA,0.804014
PPIL1,0.908184
