GENE,ENVISION
PARP4,0.885950
SLC10A1,0.973541
AASDH,0.871302
USP15,0.920540
