GENE,ENVISION
AMDHD1,0.838586
TIAM2,0.920017
USP24,1.020930
TTN,0.979866
