GENE,ENVISION
TTN,0.857244
PTPN14,0.936005
