GENE,ENVISION
AK3,1.016570
MYO5B,0.914771
POLR3E,0.946746
PLOD1,0.859087
MLK4,0.832004
