GENE,ENVISION
CYP4F11,1.082160
DUOX2,0.925436
PARP8,0.719643
IDI2,0.867356
ATP8A1,0.786557
HIPK2,0.819971
TECRL,0.828974
POLK,1.017760
DAPK2,0.934828
CHKB,0.811110
SLCO1C1,1.020180
