GENE,ENVISION
CHST13,0.772227
ADCY1,0.595884
ATP11A,0.875750
TUSC3,1.008770
MTR,0.953252
DHRS2,0.726566
MTMR7,0.851026
TTN,0.710956
ZSWIM2,0.857445
DGKB,0.886213
PTPRR,0.778646
