GENE,ENVISION
KMT2B,0.963176
PIGB,0.828858
RNF123,0.915492
TTN,0.844969
PLB1,1.000750
