GENE,ENVISION
FMO2,0.836330
SLC38A4,0.959855
SLC40A1,0.788826
UGT1A10,0.944695
B3GNT3,0.971399
STRA6,0.973486
MYLK4,0.959900
TRHDE,0.731171
INPP4A,0.752031
KL,0.790226
HIPK2,0.753216
FARSA,0.814683
SLC6A18,0.943560
TTN,0.859359
HS6ST3,0.962836
PPP1R3A,0.951464
PXDN,0.858713
BHMT,0.596744
