GENE,ENVISION
ABCA3,0.940297
IRAK4,0.835665
MAPK7,0.975839
