GENE,ENVISION
PUS1,0.739140
SLC4A4,0.814617
NEU4,0.745506
ITPKC,0.852552
PINK1,0.956961
DGKD,0.918712
