GENE,ENVISION
SLC26A1,0.763891
HAS1,0.843197
PTGIS,0.967525
