GENE,ENVISION
LRP2,0.766096
MYO3B,0.969932
ERBB4,0.953486
PDE3A,0.953599
ETFDH,0.568942
BMPR2,0.985884
SSU72,0.813361
RNF128,0.874361
CLK4,0.987376
POLI,0.897084
HECW1,0.935164
