GENE,ENVISION
SLC9A4,0.878295
EIF2AK1,0.781979
SLC6A19,0.854730
ADHFE1,1.006020
SLC25A13,1.017210
ACSBG1,0.960293
