GENE,ENVISION
GGTLC2,0.958825
KCNJ8,0.749470
PDE3B,0.788952
MARCH7,0.874758
HELZ2,0.799618
HAO2,0.927111
PDE11A,0.982408
