GENE,ENVISION
SIRT2,0.982283
SH3RF1,0.871257
NARS2,0.773866
SLC38A2,0.915929
USP42,0.772327
MAST2,0.977249
RARS2,0.777995
SLC18A3,0.834372
CSGALNACT2,0.825523
DUSP8,0.876519
