GENE,ENVISION
LRP1,0.804868
SULT2A1,0.927635
NEK1,0.891109
ATP1B4,0.904371
HSPG2,0.990698
CDKL2,0.841719
SLC25A22,0.973725
SLCO3A1,0.915212
ABCB6,0.872497
HAO1,0.819507
PAK7,1.002960
GALNT5,0.776057
FANCL,0.977068
SHPRH,0.982191
NRF1,0.927878
