GENE,ENVISION
ACOX2,0.977456
PYCR2,0.985513
SLCO4A1,0.936951
