GENE,ENVISION
PIM2,0.979630
FKBP10,0.923344
PPP1R3A,0.785658
AGPAT6,0.892073
ABCA4,1.059440
TTN,0.867317
ATP6V0A2,1.019570
CHST2,0.799932
