GENE,ENVISION
COLGALT2,0.864913
HACE1,0.992146
DPYSL2,0.972529
CERS3,0.770409
EPHA7,0.912513
PKN2,0.847996
SLC7A3,0.972842
ACSM2A,0.919136
HS3ST2,0.839207
AICDA,0.904316
TTN,0.838015
PLB1,0.895722
SLC6A14,0.845612
USP34,1.074600
PDE10A,0.869306
ACSBG1,0.938095
