GENE,ENVISION
LRP1,0.795911
TRAF7,0.805250
