GENE,ENVISION
CYP2A13,0.828567
AFMID,0.957088
PRKCE,1.010460
ATP6V1H,0.949617
CTSZ,0.800500
POLR3B,0.863392
