GENE,ENVISION
NARS2,0.838102
KMT2A,0.778817
NCOA1,0.828236
MYO5B,0.846067
