GENE,ENVISION
HS3ST5,0.758536
SLC22A7,0.922260
SLC7A6,0.854949
IDI2,1.006400
PPIL1,0.913923
SETD1B,0.803267
RNF138,0.943374
