GENE,ENVISION
MAST1,0.861356
HS3ST4,0.957662
PLA2G4D,1.017400
