GENE,ENVISION
PGAP1,0.929792
GGTLC1,0.853230
TSSK1B,0.911015
BIRC6,0.840328
IPMK,0.828868
PRKAA1,0.911348
SLC4A5,0.727930
SLC29A3,0.917138
SSU72,0.856536
AACS,0.834757
POLN,0.825282
CYP4F3,0.928973
NEK11,0.811847
UBE3C,0.768586
CHIT1,0.795797
SLC36A1,0.912993
CYP26B1,0.974944
TTN,0.965124
ERN2,0.787731
CBLC,0.976542
ACSM2B,0.841647
PTGIS,0.546005
SSH1,0.976570
SRPK1,0.772039
UBR4,0.939403
CSNK1A1L,0.891577
TRIT1,1.020930
DZIP3,0.975098
CDK6,0.562506
