GENE,ENVISION
AHCYL2,0.821625
HERC1,0.866428
AURKB,0.998621
TRPM6,0.776203
UBR4,0.869045
DUSP2,0.984771
