GENE,ENVISION
COLGALT1,0.843373
GSTA5,1.001800
TNIK,0.763930
MARCH1,0.847122
SHPRH,0.825235
EHMT1,0.914888
SLC52A2,0.947808
LGSN,0.976602
NDST4,0.928895
SLC5A12,0.894098
SLC12A7,0.908774
TTN,0.952560
WNK1,0.969487
PASK,0.772452
SLC9A8,0.835159
PRKCQ,0.876769
USP34,0.928265
PTPRR,0.913128
ADCY2,0.863091
PTPN13,0.900712
EIF2AK3,0.757190
CANT1,0.780954
OXCT2,0.638021
SLC18A3,0.956558
