GENE,ENVISION
UBE2O,0.914822
CTDSPL2,0.835084
CDK12,0.926059
PLK3,0.907151
USP13,1.019270
KAT6B,0.611741
STK39,0.929052
ST6GALNAC3,0.887200
PISD,0.813133
