GENE,ENVISION
DAGLA,0.921257
PTK2B,0.847085
PDE7B,1.016650
NEU2,0.902210
LRP1,0.861373
