GENE,ENVISION
KMT2C,0.720434
PPP1R3A,0.824048
MYBBP1A,0.818938
