GENE,ENVISION
SMG1,0.922718
CDK12,0.875592
DCLK2,0.892098
RDH10,0.835219
LPIN2,0.868549
USP34,0.984538
PLA2G4F,0.975877
