GENE,ENVISION
STK31,0.881619
ATP6V1G3,0.889005
SH3RF3,0.802879
ETNK1,0.857184
