GENE,ENVISION
EHMT1,0.599452
MYO3B,0.828894
EP300,0.909159
POLG2,0.737971
NPAS2,0.846908
GALE,0.934840
ATP1A4,0.755163
TTN,0.895715
USP33,0.858322
CSGALNACT2,0.912121
