GENE,ENVISION
SLC18A2,0.959935
SLC12A6,0.870350
SLC30A1,0.865276
PDE10A,0.770409
CYP4F22,0.991964
