GENE,ENVISION
RPS6KA1,0.929744
PI4KB,0.971559
TTN,0.981821
