GENE,ENVISION
EPHA7,0.851668
LATS2,0.767539
CHD9,0.837147
