GENE,ENVISION
PCK2,0.921710
FKBP10,0.917210
ROCK1,0.946024
GPLD1,0.982431
GTF3C4,0.788028
GAL3ST3,0.949650
NHLRC1,0.995994
PPP1R3A,1.012110
COPG1,0.867243
GBA2,0.903257
KMT2A,0.685741
DPYSL3,0.973376
ST3GAL5,0.874459
PNLIPRP3,0.978202
NUDT10,0.921694
HELZ2,0.933210
MYO5B,0.850733
ST6GALNAC3,0.852813
CHST13,0.863931
PTPN12,0.772916
EIF2AK4,0.786691
ATP6V0A4,1.073770
DARS2,0.958948
ABCC8,0.875958
PXDN,0.999612
STARD3,0.970687
KAT6A,0.774024
PAK2,0.843042
