GENE,ENVISION
WNK2,0.910769
PRKAA1,0.626569
HERC4,0.869298
UBE2S,0.719785
CLK4,1.023760
SUV420H1,0.846570
SLC35C1,0.810125
