GENE,ENVISION
PNLIPRP3,1.007650
USP48,0.860577
SIK2,0.852052
WNK1,0.855075
LDHAL6B,0.862744
USP43,0.914863
POLE,0.811481
SLC25A21,0.788229
DMPK,0.966763
BSCL2,0.833611
