GENE,ENVISION
NCOA2,0.836738
CPA6,0.820224
TESK2,0.856592
