GENE,ENVISION
POMGNT1,1.013510
USP9X,0.855073
CHST12,0.984270
