GENE,ENVISION
SARS2,0.557254
ACVR1C,0.878420
BIRC6,0.927304
GPAT2,0.898198
SLCO1B3,1.018280
NOX5,0.947583
ADCY10,0.931205
DUSP21,0.900734
LRRK1,0.963709
SLC7A8,0.944654
TTN,0.758869
DYRK1B,0.862050
AASDH,0.763596
GLT8D2,0.776518
SLC38A3,0.690836
PGM2,0.873385
CHST8,0.829405
TMX3,0.998341
CSGALNACT2,0.914212
RPS6KA1,0.903581
ABCG8,0.861057
SLC22A12,0.957305
ATP1A4,0.769870
PPP3CA,0.746307
