GENE,ENVISION
GALNTL5,0.914103
SLCO1B1,0.941148
KMT2A,0.843373
ELOVL6,0.894356
NSD1,0.780622
NLN,0.861773
