GENE,ENVISION
ASAH2,0.976646
USP45,0.752031
PKN3,0.913098
WNK1,0.790467
MAP3K4,0.925378
AK3,0.942665
NT5C1B,0.983414
KAT6A,0.913775
AASDH,0.844697
TTN,0.720931
