GENE,ENVISION
PAFAH1B3,0.860620
EPHA10,0.809331
