GENE,ENVISION
MYO3A,0.978008
PLA2G4C,0.932121
PARP14,0.796306
SPRYD3,0.756992
MGAT4C,0.819676
