GENE,ENVISION
RNF14,0.968275
EHMT2,0.854838
ACSF2,0.962235
METTL3,0.870283
CHST9,0.941742
TTN,0.755141
PHLPP2,0.960958
SETD2,0.769193
