GENE,ENVISION
PGAP1,0.835084
SGK223,0.913820
ATP2B2,0.909243
PTPRS,0.865459
ADCY1,0.632881
ERBB4,0.861724
STK33,0.929097
SLC13A1,0.745245
SLC17A6,0.973908
KL,0.953985
AAK1,0.919473
GPAM,0.955544
BHMT2,0.674419
TTN,0.723586
SMPD3,0.855245
PLCZ1,0.861623
A4GALT,0.865013
REG3A,0.890511
PTPN11,0.550296
ETNK2,0.791852
