GENE,ENVISION
SRMS,0.911928
GALNT12,0.924136
ZADH2,0.949228
NRF1,0.822981
