GENE,ENVISION
NCOA6,0.906522
ABCG5,1.020540
ACSS3,0.881938
GMPPA,0.867963
PFKFB3,0.904741
USP4,0.922278
EZH1,0.754599
PDPR,0.874072
CES5A,0.943105
SLC25A18,0.795910
TKTL2,0.904756
