GENE,ENVISION
SLC17A4,0.967680
TSSK1B,1.017910
