GENE,ENVISION
PTPN13,0.914632
PDE3A,0.846712
