GENE,ENVISION
TXN2,0.946264
PTPRH,0.917709
SLC27A6,0.840383
TTN,0.841092
LRP1,0.994875
