GENE,ENVISION
MTPAP,0.914297
SLC12A1,0.958087
PXDN,0.901684
