GENE,ENVISION
WNK2,0.996421
PDE3A,0.947297
MDP1,0.912402
