GENE,ENVISION
PUS1,1.054670
GNE,0.880028
IP6K2,0.805796
PASK,0.953304
