GENE,ENVISION
HMGCS1,0.863306
PKN2,0.853081
CLK4,0.435713
DPH5,0.975917
TTN,0.789933
