GENE,ENVISION
UBR1,0.835669
NEK5,0.803115
