GENE,ENVISION
MAP3K15,0.956738
SLC26A6,0.996212
