GENE,ENVISION
KMT2B,0.741245
HKDC1,0.719288
WNK1,0.890142
MOCS1,0.869472
PDK2,0.865324
PDK3,0.885468
TNIK,0.918996
DARS2,0.833900
ZSWIM2,0.994704
