GENE,ENVISION
LRP2,0.977107
SLC4A10,0.905049
ADCY1,0.769151
ERBB4,0.783281
STK31,0.846269
CLYBL,0.922488
ST8SIA4,0.822981
ROCK1,0.936808
SLC4A4,0.969903
TTN,0.923769
USP34,0.875892
CNDP1,1.016620
HECW1,0.856204
