GENE,ENVISION
ALK,0.730248
TRHDE,0.816333
BIRC6,0.936142
PHKB,0.844751
GUCY1A3,0.840098
ABCC8,0.833945
TTN,0.761651
ALG10,1.016940
