GENE,ENVISION
BRSK1,0.781502
PIGG,0.963186
GPAT2,0.777772
ST8SIA1,0.803720
XYLT1,0.819619
GANC,0.862598
ATP11C,0.908908
TTN,1.005470
UGT2B28,0.993901
ATP2B3,0.921125
PXDN,0.863197
PTPRH,0.813469
