GENE,ENVISION
ALK,0.849086
BIRC6,1.005960
SRMS,0.972523
UBE2W,0.935114
EZH2,0.819941
USP36,0.766875
