GENE,ENVISION
MARCH10,0.864900
ALK,0.875425
GRK7,0.786086
USP47,0.769009
PIGK,0.948918
PRKG2,0.947632
AK5,0.981100
HSD3B7,0.878026
MAPK6,0.873554
UBE3C,0.983747
HEPH,0.900546
CHKB,0.903101
