GENE,ENVISION
LRP2,0.855075
NCOA2,0.727660
WNK1,0.981762
MST1R,0.820514
MYLK2,0.859637
RPS6KC1,0.925617
MGLL,0.753216
XYLT1,0.930332
PARP12,0.821402
DGKH,1.061960
TTN,0.715019
MOGAT1,0.993523
SLC6A13,0.768224
PLIN4,0.977297
FUT9,0.719288
