GENE,ENVISION
RIPK1,0.878917
HYI,0.941923
AGPAT5,0.951788
PPP1R3A,0.932184
