GENE,ENVISION
MYO3A,0.798998
PLXNB3,0.826631
CDK19,0.990274
SMG1,0.846957
PLD1,0.924239
SLC36A4,0.976822
SLC4A4,0.770460
ELOVL2,0.909257
SLC5A9,0.755856
STK4,0.604311
