GENE,ENVISION
POLR3B,0.787101
SLC6A7,0.956698
CDK5,0.895070
