GENE,ENVISION
CSNK1G3,0.839284
TTN,1.034650
UHRF1,0.863895
SLC12A4,0.719990
