GENE,ENVISION
USP26,0.870571
HIPK1,0.784920
SETD2,0.873987
