GENE,ENVISION
MTHFD1L,0.889960
GALK2,0.797250
SGK223,0.972731
LRRK1,0.915902
TKTL2,0.823587
RPS6KC1,0.758068
MAN2A1,0.781789
USP13,1.012660
SLC27A3,0.845998
TTN,0.747419
ATP6V0A2,0.857792
MOXD1,0.874758
HAS2,0.822123
REG3A,0.900300
ALG12,0.979169
DGKD,0.973180
MGAT5,0.908352
