GENE,ENVISION
LRP2,0.778972
RNF14,0.915292
PAK7,0.975043
CYP4A11,0.921527
TRHDE,0.755898
NUAK2,0.773400
FTMT,0.700460
FAR1,0.782133
TTN,0.715228
PRKCQ,0.970247
TRIP12,0.979662
DOT1L,0.892467
