GENE,ENVISION
SPHK2,0.790467
ADCY1,0.982270
KAT2A,0.710938
PLCL1,0.782936
PJA1,0.975102
NOX5,0.855451
SFXN3,0.785835
PHLPP2,0.866297
