GENE,ENVISION
COLGALT2,0.721932
STK32B,0.891026
PIM2,0.855592
NEK1,0.981091
DUOX1,0.856204
PLCB1,0.907390
WNK4,0.984542
RBBP6,0.945380
SLC22A10,0.826639
RIPK1,0.857700
FARSA,0.760612
UAP1L1,0.743605
TTN,0.768623
GNE,0.968849
PDE4B,1.011380
ST6GALNAC1,0.869004
