GENE,ENVISION
CAMK1D,0.900020
PPP1R3A,0.818986
SLC24A3,0.990165
GALNT8,0.775798
TTN,0.910420
ADCY10,0.852256
PXDN,1.006360
ISYNA1,0.739476
