GENE,ENVISION
LRP2,0.931614
RPS6KA2,0.828169
GPT2,0.847047
PIPOX,0.982497
USP40,0.815236
CYLD,0.735125
MAP3K11,0.893538
BMPR2,0.946668
DMGDH,1.012820
POLR3B,0.787101
CMTR1,0.974050
KAT6A,0.950454
PXDN,0.817746
