GENE,ENVISION
USP13,0.833770
SLC24A4,0.885105
