GENE,ENVISION
LDHAL6B,1.014020
CDK3,0.901819
SHPRH,0.850016
