GENE,ENVISION
LRP1,0.817179
COL4A3BP,0.955388
MLK4,0.971373
PIGQ,0.862818
GUCY1A3,0.853689
UBA3,0.927807
PLA2G4C,0.766082
POLM,0.746350
ZCCHC6,0.792986
