GENE,ENVISION
NT5C3A,0.946643
PTK2B,0.787718
CYP4A11,0.920251
GBGT1,0.795488
KAT6B,0.781513
