GENE,ENVISION
PAPL,0.985674
ALG8,0.866718
HSD17B10,0.767736
PTK2B,0.980216
PLIN4,0.855900
CHIA,0.953050
SLC4A9,0.793811
GAD1,0.907838
HKDC1,0.853689
ACSM3,0.968254
TTN,0.769878
ETNK1,0.856592
LPCAT1,0.943861
STK17A,0.946599
ART4,1.051610
DUPD1,0.948681
WNK4,0.852530
AAK1,0.768749
STK3,0.826850
PIGU,0.900419
ST6GALNAC6,0.998718
ABCC11,1.010960
ZNRD1,0.744181
CHST12,0.838612
MST1R,0.919303
ATP6V1E2,0.914173
CREBBP,0.540436
