GENE,ENVISION
DUSP27,0.978941
PDE3A,0.789574
HLTF,0.986384
CSGALNACT1,0.977151
GGH,0.746124
PTPRH,0.871356
