GENE,ENVISION
QPRT,0.902842
SLC38A1,0.879368
PTK7,0.813133
SLC36A2,0.944569
PASK,0.978207
MGAT5B,1.013190
TTN,0.781987
PIGV,0.823674
PADI6,0.924562
DHCR7,1.009110
NCOA6,0.974131
ACSL5,0.958523
SETD5,0.912772
HEXDC,0.856255
POLI,1.006180
