GENE,ENVISION
PJA1,0.986915
NPAS2,0.769481
SHPK,0.951155
SCD5,0.812961
