GENE,ENVISION
TRPM6,1.000290
NDUFA9,0.902353
PPARA,0.958984
PIKFYVE,0.926018
