GENE,ENVISION
PLCB2,0.788952
PARP8,0.886963
AGPAT5,0.874808
UBR4,0.822981
AGPAT9,0.759519
RNF31,0.773506
