GENE,ENVISION
SLC22A6,0.779979
PLCH1,0.792049
TTN,0.750770
PIK3R5,0.948542
