GENE,ENVISION
CYP4F11,0.885311
DGKD,0.983903
USP28,0.803720
