GENE,ENVISION
HMGCS1,0.848260
SGK3,0.887199
GALNT11,0.858722
ACOX2,0.752932
EXTL1,0.861276
FTMT,0.981409
MGAT5B,0.847212
NARS2,0.719264
GAL3ST1,0.785147
POLL,0.885387
