GENE,ENVISION
HS3ST4,0.790587
MARK1,0.850983
SLC22A16,0.809555
OLAH,0.916633
RHBG,0.972676
SLC12A5,0.727770
UROC1,0.893444
SLC14A2,0.983508
PADI4,0.920263
UBR2,0.907318
SLC5A9,0.799055
PDE11A,0.842732
TTN,0.719288
