GENE,ENVISION
PLIN4,0.780535
AQP10,0.881048
TTN,0.976375
PRKCD,0.975396
