GENE,ENVISION
LRP2,0.754434
SLC20A2,0.881654
GALNT12,0.940219
PPP1R3A,0.982283
SLC38A3,0.817749
ALG3,0.824901
DUOX2,0.974823
MAP3K12,0.876046
PRRT2,0.953994
NOX4,0.855073
ABCA4,0.886354
TTN,0.993856
ADCY10,0.851257
PTPRH,0.783082
CYP39A1,0.898458
