GENE,ENVISION
STK32C,0.893503
MGLL,0.769788
PLCXD2,0.968820
PDE7B,0.974591
SLC12A1,1.017430
TTN,0.838238
NSD1,1.003350
IRAK3,1.124750
DPEP2,0.901456
PNPLA8,0.869217
MED1,0.896324
GAD2,0.877862
