GENE,ENVISION
GALNTL5,1.007800
TNK2,0.775456
CERS5,0.809492
PTPRS,0.886555
PLCE1,0.941763
DSTYK,0.912688
SSH1,0.857168
PTGR1,0.982871
KAT2A,0.900839
G6PC2,0.858322
MAN1B1,0.820773
STK3,0.524439
ATR,0.873566
TTN,0.760255
ENGASE,0.922730
EPHA10,0.972191
PLA2G2E,0.846270
XYLT1,0.989204
KMT2C,0.882153
