GENE,ENVISION
UBE3C,0.991942
PLD3,1.016840
MED1,0.876055
GBE1,1.005330
PRKDC,0.778817
