GENE,ENVISION
NCOA3,0.937939
ASH1L,0.960615
ATP11A,0.920444
PEAK1,0.777299
LPIN3,0.989981
ACSM3,0.872674
ALG1,0.911680
USP38,0.734482
TTN,0.783225
MGAT4C,0.719288
USP32,0.855291
SETD2,0.829243
ATP1B4,0.973380
SRPK2,0.777772
