GENE,ENVISION
PNPT1,0.919803
STK38L,0.822981
MAP3K5,0.937515
