GENE,ENVISION
SLC34A3,1.020500
POMT2,0.811818
TTN,0.861996
HECW1,0.980710
