GENE,ENVISION
ICT1,0.992908
CDK13,0.928245
TKTL2,0.829232
SLC22A12,0.936076
NADSYN1,0.937353
CAMK2B,0.914600
ROR2,0.956063
FARSA,0.890802
MGAT3,0.926087
GUK1,0.737404
TTN,0.989000
PLB1,0.971537
ZCCHC6,0.827806
