GENE,ENVISION
MAN1B1,0.787877
STK31,0.962939
HECW2,0.923612
