GENE,ENVISION
OCRL,0.954412
NOX1,0.859399
LRRK1,0.832954
PDE1C,0.728258
SLC13A1,0.978504
CA14,0.796763
NTRK3,1.024860
MARK4,0.976615
CDK3,1.027110
TTN,0.975934
PRKG2,1.022960
UPB1,1.003490
AQP10,0.936689
MTMR2,0.835084
PXDN,0.829192
CBLL1,0.861612
