GENE,ENVISION
NEK5,0.757647
TTN,0.752854
EXT2,0.984346
