GENE,ENVISION
PLA2G4C,0.786614
MTMR3,1.014030
FAM65A,0.773812
