GENE,ENVISION
SLC6A13,0.941606
PXDN,0.860263
