GENE,ENVISION
SLC5A8,0.972516
PAFAH2,0.879012
TTN,0.843837
SLC7A9,0.869130
