GENE,ENVISION
CYB5R1,0.974507
SETMAR,0.862677
PGLYRP2,0.766082
TPTE2,0.862790
CDK13,0.796779
CERCAM,0.947000
MKNK2,0.967634
SETD2,0.847979
ELP3,0.792236
ZCCHC6,0.923698
CAMK1D,0.850439
