GENE,ENVISION
LGALS13,0.766082
NEK5,0.990254
FAM65A,0.967250
SLC9A2,0.810821
LPIN1,0.841244
PPT2,0.877492
MYLK,0.983903
LDHAL6A,0.786031
FKBP5,0.825381
SLCO1B3,0.742095
TGS1,0.901187
TTN,0.912621
GAD1,0.548553
