GENE,ENVISION
GK2,0.939533
MGAT5,0.890379
TTN,0.816807
