GENE,ENVISION
PARP4,1.042370
MIB1,0.826974
