GENE,ENVISION
CERS5,0.777880
PIGG,0.927667
AASS,0.754377
ACSM5,1.012230
SLC22A10,0.872234
SLC6A18,0.781491
ACMSD,0.913915
