GENE,ENVISION
QPRT,0.834107
GALK2,0.880934
ASAH2,0.925754
NTRK2,0.765134
DCLK2,0.748535
SLC34A1,1.011300
SLC12A1,1.020320
TTN,0.778646
NMNAT2,0.861177
