GENE,ENVISION
KMT2C,0.783361
EHMT2,0.859140
A4GNT,0.741210
CYBRD1,0.907017
HERC1,0.833210
VARS2,0.760230
TTN,0.723543
GPX8,0.866005
PLA2G4D,0.965542
