GENE,ENVISION
MARK4,0.895650
FIG4,1.022700
SARDH,0.919664
TTLL10,0.689899
PPIL6,0.982131
SLC8A2,0.833131
RNF19A,0.780225
