GENE,ENVISION
AACS,0.867449
ALG8,0.800855
AASDH,0.905291
GALNT2,0.829421
SLC26A7,0.972958
