GENE,ENVISION
MAP3K11,0.940703
DDR1,1.014260
QPCT,0.934292
