GENE,ENVISION
MYLK2,1.019720
ABCD2,1.009440
DZIP3,0.988540
ACSM1,1.024570
BIRC6,0.927223
MST1R,0.918668
CDK15,0.704204
PDP1,0.915266
LPPR4,0.829944
LDHAL6A,0.786378
GALNT5,0.972725
FABP5,0.804984
SPEG,0.851030
SETD2,0.750770
TNNI3K,0.855398
SARDH,0.916388
