GENE,ENVISION
ATP1A4,0.890157
USP42,0.835723
