GENE,ENVISION
WNK2,0.769193
NOX4,0.976581
NT5DC3,0.889707
