GENE,ENVISION
ICK,0.845039
PCYT1B,0.963468
B3GALT1,0.869688
ADCY2,0.631564
LPIN1,0.771770
MTR,0.678535
PLCZ1,1.023440
TTLL10,0.831604
WNK3,0.985089
FRMPD2,0.921046
USP30,0.753821
SLC30A1,0.957522
FUT9,0.874411
