GENE,ENVISION
COLGALT1,0.872355
ALK,0.863863
PAOX,0.983772
SLC2A6,0.737390
DUPD1,1.028060
SSH1,0.777057
USP31,0.969792
DUSP6,0.949473
PRKD1,0.849949
LMTK2,0.926079
