GENE,ENVISION
CDK10,0.814173
TTN,0.778158
