GENE,ENVISION
RIOK2,0.820931
KAT8,0.906164
LMTK3,0.839841
OARD1,0.926073
NCOA3,0.766082
UBE3C,0.984833
MYLK3,0.888578
WNK4,0.967353
BMPR2,0.953001
USP29,0.909072
RNF126,0.916839
pk,0.943757
KAT6A,0.771858
ENGASE,0.929811
GGH,0.682761
PXDN,0.856204
RNF19A,0.972075
