GENE,ENVISION
ACVR2B,0.542918
HKDC1,0.894641
HSPG2,0.853689
AOC3,0.866402
VARS2,0.860347
SLC22A7,0.973422
TTN,0.893504
DUSP27,0.996528
