GENE,ENVISION
SH3RF2,0.735261
ACSM2A,0.914540
ROCK1,0.856935
