GENE,ENVISION
SLCO3A1,0.864262
HUWE1,0.923362
PTGIS,0.958560
PPP2R2B,0.714815
ABCA4,0.778402
RNF20,0.860952
