GENE,ENVISION
EHMT1,0.836146
DAGLA,0.905475
SLC5A5,0.951640
SH3RF3,0.937892
STK31,0.843628
STUB1,0.827415
SLC28A3,0.740581
WARS2,0.781843
MDH1B,0.782789
SARDH,0.874971
CDK6,0.772320
TTN,0.516763
SLC26A6,0.953811
TECRL,0.946622
UBR3,0.832082
SMARCD3,0.765271
PDE4B,0.935996
DOT1L,0.732143
UGGT2,0.880277
USP41,0.920950
TOPORS,0.964309
