GENE,ENVISION
VARS2,0.785876
ACAD11,0.977190
CHPT1,0.902299
