GENE,ENVISION
STK31,0.857157
SETD2,0.864818
UGT1A7,0.992636
SLC22A9,0.969903
CHFR,0.804263
