GENE,ENVISION
WNK1,0.766904
LRP1,0.979291
