GENE,ENVISION
USP17L2,0.845907
MAP2K1,0.933086
GPLD1,0.778646
