GENE,ENVISION
MYO3A,0.863057
HELZ2,0.928594
USP43,0.895216
TRHDE,0.962988
