GENE,ENVISION
UGT2B28,0.965909
CYP4F22,0.896322
