GENE,ENVISION
RPE65,0.740205
SLC41A2,0.859332
PIGM,0.866858
SMPD3,0.964356
