GENE,ENVISION
PAPOLG,0.860942
ANKRD1,0.877531
SLC4A5,0.783280
PLA2G7,0.913566
MKRN3,0.797572
SETD2,0.804432
