GENE,ENVISION
AOX1,0.834125
AWAT2,0.999755
