GENE,ENVISION
LRP2,0.846698
TNK2,0.797972
SLC20A1,1.017870
LMTK2,0.907580
LIPT1,0.701288
GRK7,0.768040
SLC2A13,0.975632
EHMT1,1.024680
NUDT12,0.768769
LRP1,0.818594
PNPLA7,0.908509
TTN,0.648225
ATP6V0A2,1.023420
SLC12A1,0.922073
PFKP,0.860577
PTPRK,0.868092
PLA2G3,0.960211
DIO2,0.768267
SLCO1C1,0.929277
