GENE,ENVISION
HLTF,0.869044
STYK1,0.919863
PIGL,0.848419
KL,1.024160
CSGALNACT1,0.926236
