GENE,ENVISION
MTMR7,0.766904
UAP1,0.832863
PDE3A,0.809702
GALNT13,0.744455
TOPORS,0.930539
