GENE,ENVISION
DGKB,0.909610
BIRC6,0.901979
HGD,0.721662
SLC8A2,0.993022
PIKFYVE,0.801186
