GENE,ENVISION
INPP5A,1.017110
GPX7,0.869076
MKRN1,0.950236
SLC12A7,1.014520
ADCY10,0.903781
GALNT7,0.876715
DUSP27,0.912956
