GENE,ENVISION
GALNTL5,0.950601
USP33,0.997535
TTN,0.823710
RDH11,0.990938
