GENE,ENVISION
ALG1,0.986626
TYRO3,0.993691
ULK4,0.965339
SCARF2,0.858686
