GENE,ENVISION
DAGLA,0.730953
PARP4,0.858006
EIF2AK3,0.601547
HS6ST3,0.897398
PDE3A,0.793181
GSTA3,0.769342
SLC4A7,0.975741
SRMS,0.973426
TTN,0.860263
MOGAT1,1.001870
TUT1,0.994051
SLC17A6,0.949784
HS3ST3B1,0.790414
