GENE,ENVISION
ASH1L,0.784841
GALNT12,0.859973
MGLL,0.857157
LPCAT2,0.866475
HECW1,0.928584
GALNT3,0.880813
