GENE,ENVISION
EP300,0.795882
SLC7A3,0.956114
CTDP1,0.893496
SLCO1B1,0.825867
CBLL1,0.808149
SHPRH,0.855516
NEK5,0.980209
RNF133,0.961412
GBE1,0.942283
AARS2,0.745842
TRPM7,0.986384
REG3A,0.988751
KMT2C,0.983005
TTN,0.807296
PARP8,0.747768
UBE2E3,0.867712
STK4,0.717415
MANSC1,0.812804
SLC25A28,0.719785
PRKDC,0.950242
LRP1,0.900673
BRSK1,0.861251
TPTE2,0.950953
ATP1A4,0.970884
PIK3R4,0.865464
PTPRK,0.981542
