GENE,ENVISION
HMGCLL1,0.978966
UGT2A1,0.952264
PTPN14,0.901720
