GENE,ENVISION
NOX3,0.997811
PRKCZ,0.970775
ADHFE1,0.861376
MIA3,1.016250
DUSP8,0.835569
