GENE,ENVISION
PPIL1,0.911187
DUSP27,0.904269
