GENE,ENVISION
USP29,0.940646
MTR,0.836048
RAD18,0.933649
SLC17A1,0.757587
LPCAT4,1.014630
SLC22A6,0.947295
HECW2,0.842732
PIGX,0.956416
DGKD,0.797145
