GENE,ENVISION
CSNK1A1L,0.832929
SDR16C5,0.845809
GDPD2,0.813437
CAMKK1,0.925538
HSD3B7,0.949489
ADCY10,0.843916
PSKH2,0.955879
USP21,0.834692
ABCC11,0.662319
