GENE,ENVISION
OGDH,0.975408
LRP1,0.780988
LMTK3,0.937108
GALNT13,0.824801
SLC6A18,0.794937
SLC36A2,0.926714
EPT1,0.772318
PASK,0.849289
MARCH4,0.753199
PLCH1,0.718768
MGAT5,0.855316
PADI6,0.942068
MOXD1,0.943649
SLC5A9,0.955125
ABCC2,0.861452
