GENE,ENVISION
KMT2A,0.860509
ATP1A4,0.569432
