GENE,ENVISION
PDE7A,0.718498
MTPAP,0.993563
XYLT1,0.984980
