GENE,ENVISION
ITPA,0.820282
POLE,0.991320
SETD2,0.741773
TTN,0.852705
