GENE,ENVISION
SLC41A2,0.919391
RDH10,0.775247
