GENE,ENVISION
ASH1L,0.949855
CYP4Z1,0.872539
PKN3,0.779537
PTGIS,0.528767
CAMKK1,0.851696
MERTK,0.765266
SLC6A14,0.774227
