GENE,ENVISION
PHEX,0.972980
ISYNA1,0.580930
STK33,0.887975
HKDC1,0.768623
ALG1,0.855093
PTPN14,0.868146
AMPD3,0.703489
RIPK3,0.930416
GPLD1,0.840089
TTN,0.787232
NDUFA12,0.929298
TRIB3,0.912953
CHSY1,0.979297
ACY3,0.749587
SETDB1,0.879359
COX7B2,0.832734
