GENE,ENVISION
SLC12A5,0.931467
NME7,1.002600
