GENE,ENVISION
HECTD2,1.001810
BIRC6,0.932622
UGT3A1,0.932284
HIPK3,0.984122
POLE,0.825523
EZH2,0.768190
SRPK3,0.992859
ACSBG1,1.007100
ME3,0.910854
GTF3C4,0.920896
LRRK1,0.988946
TKTL2,0.935407
TIAM2,0.844574
TTN,0.331905
GLO1,0.946843
ZC3HAV1,0.864771
GBGT1,0.879425
ERBB4,0.572431
PASK,0.881944
GALNT8,0.892242
FRMPD2,1.015540
MCCC1,0.859598
GALNT3,0.911695
GALNT14,0.799694
LRP1,0.727329
LMTK3,0.885745
ABCG8,0.889062
MKRN3,0.899761
ACSL5,0.948182
GUCY1B3,1.012000
CCBL1,0.800546
PRKD1,0.973752
