GENE,ENVISION
UPP1,0.977060
SLC38A1,0.815226
HUWE1,0.834487
TTN,0.824140
PADI6,0.984053
NEU2,0.980430
