GENE,ENVISION
PLD3,0.836221
PDE3A,1.020230
ERBB4,0.891211
GUCY1B3,0.981364
