GENE,ENVISION
CPT1B,0.902688
INPP5D,0.891016
RBBP6,0.737941
RPS6KB2,0.962015
PIK3R4,0.924151
SGK3,0.777772
USP34,0.869086
SLC46A1,0.861161
