GENE,ENVISION
TRIM11,0.918478
RNF130,0.925584
RPE,0.907657
SIK2,0.856204
