GENE,ENVISION
DOT1L,1.022200
ACSL5,0.863591
USP26,0.925536
MAN2A1,0.851163
PASK,1.016160
