GENE,ENVISION
SLC4A5,0.878291
CHST6,0.960834
TTN,0.766015
PPP1R3A,0.926399
ST3GAL6,0.785835
