GENE,ENVISION
PPP1R3A,0.825078
TUSC3,0.970158
WNK1,0.777880
EIF2AK4,0.828122
NUDT10,0.789727
ATP1A4,0.937036
PHLPP2,1.016790
