GENE,ENVISION
WNK2,0.989720
ADCY2,0.603683
