GENE,ENVISION
PI4KB,0.951943
SLC5A6,0.832281
