GENE,ENVISION
PXYLP1,0.710205
KMT2C,0.973080
DAGLA,0.728227
PEAK1,0.894074
GALNT6,0.977973
WNK3,0.975228
KMT2B,0.816440
UCK2,0.865249
TRMT1,0.961298
POLE,0.903966
NUDT11,0.939177
QTRT1,0.861863
RNF138,0.985327
TRPM6,0.972130
SQLE,0.906953
