GENE,ENVISION
SLC10A2,0.911343
ALK,0.798246
TBK1,1.018480
MYLK2,0.945605
DUPD1,0.966589
RPAP2,0.921349
SLC22A11,0.830167
SLC6A13,0.769801
PPP3CA,0.998331
PDE11A,0.885628
PLIN2,0.909583
GALNT6,0.918767
