GENE,ENVISION
B3GNT6,0.851493
PTK7,0.983903
DUOX2,0.869354
MAT1A,0.604480
PTPN14,0.756282
HIPK3,0.777772
FIG4,0.991278
EIF2AK4,0.876519
POMT1,0.925014
