GENE,ENVISION
SLC52A1,0.996069
SLC25A3,0.941076
EIF2AK3,0.910626
MYLK,0.800935
CCBL1,0.981121
SIN3A,0.860622
