GENE,ENVISION
PLXNB3,0.937365
ZCCHC11,0.832390
SLC25A3,0.938105
PTPN14,0.791852
DUSP7,0.915096
USP34,0.915430
PSKH2,0.979971
COX7B2,0.987706
