GENE,ENVISION
SLCO1B3,1.005020
TTN,0.731267
XPO7,0.822981
