GENE,ENVISION
FMO1,0.985556
HKDC1,0.772529
SLC24A4,0.904118
ATM,0.942407
PPP2R2C,0.677977
TTN,0.845834
USP34,0.883781
PRKD2,0.925359
