GENE,ENVISION
SLC6A20,0.871138
MYO3B,0.889269
DDR2,0.995994
DUOX2,0.945147
UBE2Q2,0.734817
SLC12A1,1.015060
ATP6V0D2,0.979230
GALNT6,1.030590
PTPRH,0.871297
