GENE,ENVISION
COLGALT2,0.859985
VRK1,0.796204
DUOX1,0.839207
DDO,0.792829
GAL3ST1,0.856798
USP20,0.993220
