GENE,ENVISION
CYP4Z1,0.949929
PTPN13,0.735261
PDIA5,0.914775
MKRN3,0.806998
MYO5B,0.770345
POLR3B,0.718498
NOX4,0.861208
IKBKE,0.952653
SLC12A1,1.016870
DUSP22,0.922548
UBE2U,0.775573
CHPF2,0.973181
