GENE,ENVISION
B3GNT4,0.939961
NHLRC1,0.865603
CAMK1D,0.939357
TBK1,0.859199
ACSS3,0.951679
FLAD1,0.855098
CPA6,0.819720
NTRK3,0.832290
POLR1B,0.761038
TTN,0.889269
PAK7,0.982404
FUT9,0.755141
ABCC11,0.885472
