GENE,ENVISION
ARG2,0.643050
PLCB4,0.931759
