GENE,ENVISION
PGLYRP3,0.816346
HS2ST1,0.820485
TNIK,0.910705
TGM3,0.940842
SLC25A18,0.905796
