GENE,ENVISION
GALNTL5,0.923290
EPT1,0.915735
GSTK1,0.891134
