GENE,ENVISION
TNIK,0.991416
GALNT8,0.914049
POLE,0.994603
