GENE,ENVISION
KMT2C,0.757477
PTK2,0.963355
PIKFYVE,0.993753
GNPTAB,1.021520
POLD3,0.807296
TTN,0.899479
