GENE,ENVISION
LRP2,0.744925
CYP4F8,0.920547
TRMT1,0.969335
DZIP3,0.857244
HIPK2,0.995931
GRK7,0.992169
XPO6,1.000150
COX4I2,1.001980
PASK,1.019970
HERC1,0.868045
MMAA,0.984311
TGS1,0.710695
PNPLA7,0.840305
CDK5,0.689973
CDC42BPB,0.923194
SLK,0.719695
UBR3,0.980209
UHRF1,0.818540
