GENE,ENVISION
RHAG,0.824605
RNF41,0.872929
UBE2E3,0.802521
