GENE,ENVISION
UPP1,0.865923
USP20,0.907833
XPO6,0.777569
RDH12,1.009800
LPCAT1,1.001320
