GENE,ENVISION
DAGLA,0.971734
TSSK6,0.854874
SLC6A7,1.001160
ALK,0.945412
PARP14,0.997896
RHBG,0.827258
ENTPD8,0.786561
pk,1.000450
