GENE,ENVISION
COLGALT2,0.981091
TPTE2,0.855757
ERBB4,0.516284
PIGG,0.936164
UBE3B,1.004540
WNK3,0.927705
OLAH,0.907253
SLK,0.583431
NMRK1,0.916754
PDE7A,0.825523
CSNK1G3,0.883867
MAP4K1,0.916672
PIK3R4,0.954956
HECW2,0.841864
ELOVL5,0.900997
SRPK1,0.863167
CTDSP1,0.829799
PXDN,0.813133
