GENE,ENVISION
CDK19,0.920110
EPHA7,0.965477
GRK7,0.854062
NOX5,0.897706
NOX4,0.833131
TECRL,0.988820
