GENE,ENVISION
KMT2E,0.943711
SLC12A7,0.972776
TTLL10,0.896791
PDE11A,0.825934
SLCO1C1,0.963599
PDE10A,0.914550
CYP39A1,0.999918
