GENE,ENVISION
PKN1,1.005470
SLC12A7,0.975077
CYP4F3,0.961460
USP49,0.991345
TTN,0.921299
