GENE,ENVISION
GALNT14,0.824045
GANC,0.768623
AASS,0.871819
SUCLA2,0.858410
AMPD3,0.857939
SETD1B,0.782380
SLC29A3,0.947241
TTN,0.997002
DYRK1B,0.829731
FUK,0.996986
RARS2,0.958596
