GENE,ENVISION
PTPRN2,0.872277
PRKG2,1.095580
UBE2E3,0.884568
PIKFYVE,0.869579
