GENE,ENVISION
CYP4F8,0.965914
ACAD11,0.940573
GALNT12,0.991650
TUSC3,0.892683
ALDH1L2,0.606672
ATM,0.870892
FUT7,0.954499
SPHK2,0.796381
ATP1A4,0.672276
CYLD,0.827557
TTN,0.877379
MTMR7,0.772755
PNPLA8,0.865146
POLK,0.843173
NT5DC3,0.720644
TAOK2,0.897716
