GENE,ENVISION
LRP1,0.919688
SLC7A3,0.857608
