GENE,ENVISION
LRP2,0.750145
KCNJ11,0.758260
B3GNT7,0.831989
MAN2C1,0.930122
PTK7,0.851337
SLC7A9,0.961956
CDK12,0.856204
MAST2,0.798241
GPHN,0.865299
PIGO,0.940846
ILK,0.837876
RBKS,0.832590
MGAT4A,1.006750
NT5C1B,0.995108
UBR3,0.993913
TRIP12,0.827477
SLCO1C1,0.901520
TTN,0.905439
