GENE,ENVISION
TRAF7,0.857324
RARS2,0.979474
PRKDC,0.973536
