GENE,ENVISION
CA9,0.941618
TLK1,0.774936
PPP1R3A,0.801766
DPYD,0.983192
HACL1,0.837135
SUCLA2,0.854838
DUOX2,0.955770
RNF41,0.802392
USP24,0.835209
SLC4A9,0.889960
TAOK1,0.949238
PXDN,0.845964
