GENE,ENVISION
BIRC6,0.861518
ATP2B3,0.869306
MLK4,0.970232
