GENE,ENVISION
MAP4K2,0.820389
DAK,0.931792
MGAT5,0.784008
AATK,1.001550
PTPRN,0.973638
GALNT7,0.980389
EYA1,0.943748
CTDSP1,0.857157
TTN,0.798241
