GENE,ENVISION
QTRTD1,0.980698
ENTPD4,0.885865
GRHL1,0.810821
PTK7,0.732952
AASS,1.008020
LRP1,0.751253
CBLL1,0.810311
ATP6V0A2,0.842515
RNF128,0.737598
BSCL2,1.012900
TTN,0.992137
