GENE,ENVISION
RNF25,0.939052
NUAK2,0.691847
