GENE,ENVISION
B3GAT1,1.015490
PI4K2A,0.850902
