GENE,ENVISION
PKN2,0.833131
ALK,0.880799
CAMK1G,0.915597
ENPP2,0.578845
ENOPH1,0.953993
UGT2A3,1.010890
TTN,0.661233
GPHN,0.863643
ADCY1,0.949672
