GENE,ENVISION
LRP2,0.989034
XPO6,0.835084
USP47,0.940157
MYLK,0.772227
HECW1,0.868434
NSD1,0.647488
STT3B,0.851501
PDE10A,0.846073
NLN,0.861518
