GENE,ENVISION
SHPRH,0.958383
SGK2,0.804949
PFKP,0.884615
