GENE,ENVISION
CHST9,0.972955
ACSS2,0.888032
SLC12A5,0.918341
ACSL6,0.932393
GPT2,0.762251
