GENE,ENVISION
CHD9,0.938241
SLC4A10,0.992727
B3GNT3,0.879104
TTN,0.753267
ACSL5,0.865940
