GENE,ENVISION
SLC38A1,0.905222
RALBP1,0.869306
SLC12A4,0.738818
MCAT,0.611733
LRTOMT,1.033970
SLC36A2,0.804517
HIPK3,0.767533
HIPK2,0.909925
AGPAT4,0.860437
HAO1,0.813826
KAT6B,0.896655
