GENE,ENVISION
SLC4A10,0.827140
SMG1,0.825523
ERBB4,0.907242
CPA5,0.744428
SLC12A4,0.844600
MARCH1,0.779378
TTN,0.775410
UBR3,0.908008
RNF139,1.011060
PDE4C,0.767381
SLC25A13,0.935877
