GENE,ENVISION
ACSS3,1.005570
USP15,0.899240
PLCL1,0.881486
TTN,0.863048
FAR2,0.976264
ATP2B2,0.842531
AASDH,0.899153
