GENE,ENVISION
MYO3A,0.850438
LMTK3,0.917343
ALDH1L2,0.647735
CYP4F11,0.952042
PDK3,0.767682
TRPM6,0.857126
TNKS2,0.791805
