GENE,ENVISION
GLT6D1,1.007040
PDE4B,0.908107
POLM,0.806340
SLK,0.911718
