GENE,ENVISION
ATP6V0B,0.988202
KANSL3,0.830095
MTHFD2L,0.960004
LGSN,0.974699
ADCY2,0.951914
ULK4,0.859136
SLC10A2,0.963582
AMPD3,0.877269
MYO3A,0.797250
SLC4A5,0.776120
MAST2,0.895848
TTN,0.717015
SLC18A3,0.977358
TRPM6,0.939744
INPP5F,0.897582
CREBBP,0.908335
B4GALT6,0.853143
