GENE,ENVISION
TCIRG1,0.907037
USP26,0.886798
FLVCR1,0.775633
ABCG2,1.011890
SLCO1B3,0.988110
