GENE,ENVISION
SLC8B1,0.923567
EXT1,0.983950
DPYS,0.887452
NEDD4L,0.862469
TTN,0.850141
NSD1,0.773412
GALNT6,0.919960
HECW1,0.856292
