GENE,ENVISION
EHMT1,0.935678
ST3GAL1,0.835088
SH3RF2,0.930253
DZIP3,0.981265
PIKFYVE,0.772914
SLC38A2,0.961713
SLC5A12,0.813624
SLC4A4,0.903574
EZH2,0.852901
SLC26A7,0.929194
DYRK1A,0.867317
FANCL,0.978100
SUV420H1,0.794987
POLH,0.988428
