GENE,ENVISION
LRP1,0.719643
PARP2,0.811110
MAP3K5,0.787113
TPH2,0.913680
GAL3ST3,0.824802
SLCO4A1,0.718768
CYP2U1,0.981096
