GENE,ENVISION
TUT1,0.946264
RPS6KC1,0.889438
ACOT12,1.081760
HSPG2,0.779655
VARS2,0.829404
