GENE,ENVISION
STK32C,0.754599
PLD4,0.907977
UBE2Q2,0.761218
ADCY2,0.544990
PDE4C,0.906361
PTPN13,0.837825
SLC3A1,0.927664
GALNT8,0.948310
UGT1A7,0.953960
UHRF1,0.968462
CREBBP,0.826059
