GENE,ENVISION
DOT1L,0.986579
CDC42BPG,0.829856
PIK3R3,0.728042
PLCB1,0.719785
