GENE,ENVISION
SMG1,1.064030
SLC7A8,0.974519
PLCZ1,0.785985
INPP4A,0.755901
PTPN14,0.761263
SLC22A6,0.876657
TTN,0.847462
USP37,0.978064
