GENE,ENVISION
PCK2,1.006610
SLC38A1,0.946720
