GENE,ENVISION
SLC7A3,1.019330
USP17L2,0.875763
USP9X,0.916845
HEXDC,0.819676
USP28,0.863197
