GENE,ENVISION
SLC6A3,0.968315
STK32C,0.969808
DUOX2,0.982839
BHMT,0.567239
PMPCA,0.913027
GNPDA2,0.693882
B4GALNT2,0.961878
DAGLA,0.947935
SLCO2A1,0.744925
USP42,0.854380
PIK3R4,0.768267
PIGW,0.971871
TUT1,0.963628
PEMT,0.848866
TGS1,0.976468
TRPM6,0.945792
