GENE,ENVISION
UGGT2,0.919938
ATP1B4,0.800932
ACSL6,0.916271
TTN,0.901720
NEK8,0.830926
