GENE,ENVISION
CHST7,0.777880
DCXR,1.004270
FGGY,0.822519
PON3,0.891411
HS6ST3,0.848707
