GENE,ENVISION
SLC27A6,0.962613
LRRK1,0.767381
