GENE,ENVISION
ICK,1.008800
KMT2A,0.819728
PRKAG2,0.824461
MYLK,0.949220
