GENE,ENVISION
DAGLA,0.860077
SLC6A20,0.854962
ATP8A1,0.963418
HSPG2,0.778646
AMDHD1,0.769878
HEPH,0.972409
SLC27A6,0.858671
