GENE,ENVISION
PLCB4,0.946658
ACVR1,0.763406
BRSK2,0.872722
ADCY2,0.527443
PXDN,0.765266
HKDC1,0.769878
CDK13,0.823724
UGT2A3,0.988348
SLC13A1,0.907553
TAOK1,1.016380
HIPK3,0.772361
ATP1A4,0.818444
MARK1,0.842732
EPHA10,0.988050
CHPT1,0.898815
ADSSL1,0.761760
SLC27A1,0.803031
TNNI3K,0.963511
UGP2,0.918849
AASDHPPT,0.773261
