GENE,ENVISION
SUCLG2,0.972682
MAST1,0.950206
EP300,0.795882
ENPP2,0.953931
SLC22A18,0.943918
