GENE,ENVISION
LRP2,0.916523
PTPRN2,0.781063
CPT1C,1.017790
PPP1R3B,0.720739
PIKFYVE,0.878782
USP40,0.972634
MYLIP,0.820237
AANAT,0.949238
