GENE,ENVISION
ZCCHC11,0.816982
HSD17B11,0.926840
B4GALNT3,0.909599
PPIL1,0.849472
DYRK2,0.820237
USP25,0.911681
LOXL2,0.769878
NCOA1,0.887162
WARS2,0.990039
CDK15,0.971374
SLC5A11,0.899324
ACOT11,0.923263
MTMR3,0.958676
TSSK6,0.774436
PARP9,0.821313
EXTL1,0.989845
CYP4V2,0.968540
UBA3,0.897693
FRMPD2,0.901652
UBR4,0.862469
PTPRU,0.711191
DZIP3,1.032640
RPS6KC1,0.923552
MYLK,0.900823
STK36,0.971793
NEU4,0.907898
