GENE,ENVISION
SLC6A3,0.845130
KMT2B,0.851649
PLK2,0.894394
MAST1,0.792561
SLC17A4,0.844426
PARP14,1.065090
PADI6,0.928869
PLCL2,0.800782
MARS2,0.914173
HS6ST3,0.853689
DUOX1,0.955712
TTN,0.828097
PLB1,1.001040
CTDP1,0.861296
WNK4,0.983720
RARS2,0.977013
