GENE,ENVISION
ALG11,0.966453
PCYT2,0.849455
NEK5,0.758012
PTPRR,0.762629
TRAF7,0.885098
