GENE,ENVISION
SEC11C,0.910233
UROC1,0.962045
AMDHD1,0.955125
SLC13A1,0.955837
STK31,0.895364
SLCO1B3,0.852052
BHMT2,0.891452
SLC18A2,1.017260
