GENE,ENVISION
RPS6KA6,0.898913
PTK2,0.854226
GPLD1,0.863630
PI4K2A,0.860577
PANK4,1.016510
NEDD4L,0.867317
ITPKC,0.862151
ABHD12,0.957299
UHRF1,0.832523
TIAM2,0.898712
MARK1,0.840888
TECRL,0.918196
TTN,0.896439
SLC13A2,0.820779
NDUFA9,0.778646
PADI3,0.873196
HERC4,0.902125
SLC26A7,0.954634
UBR3,0.991202
MTPAP,0.886797
TAOK1,0.820674
PBK,0.981365
LRP2,0.907788
LRP1,0.805853
FAM65A,0.706771
GALK2,0.856204
PLD3,0.995803
RNF182,0.971994
PDK1,0.858722
STK31,0.956938
ABCA4,0.951229
COQ6,1.019950
