GENE,ENVISION
DUSP6,0.695335
MAP4K2,0.813133
PXDN,0.977312
LRP1,0.893503
