GENE,ENVISION
PPP1R3B,0.927028
ACSM1,1.014760
BIRC6,0.784870
SLC17A6,1.013940
CNDP1,0.926874
NTRK3,0.841816
HIPK3,0.780152
MKRN3,0.798348
ATR,0.835751
TTN,0.768065
IKBKE,0.938532
ST6GALNAC3,0.844558
ROR2,1.017990
HAS2,0.902360
