GENE,ENVISION
HUWE1,0.606811
ATP2B3,0.770409
MYO3B,0.950424
ELOVL3,0.850957
CHPF,0.776783
