GENE,ENVISION
ENPP6,0.769387
SLC22A16,0.994370
