GENE,ENVISION
PDE1B,0.848979
FMO1,0.992245
SLC35B2,0.942279
BIRC6,0.812178
PEAK1,0.794446
NCOA3,0.898666
MAN2A1,0.758012
SLC12A6,0.900900
AAK1,0.802127
SLC20A1,0.976961
HS2ST1,0.827633
SLC26A9,0.869095
NUDT10,0.921694
