GENE,ENVISION
KAT6A,0.779914
MAP3K15,0.580453
