GENE,ENVISION
LRP1,0.786678
VRK2,0.941097
PKN1,0.998357
SLC7A3,0.831576
MSRA,0.629099
PNPLA2,0.935105
CWC27,0.968937
PLA2G4D,0.894415
