GENE,ENVISION
CYP4A11,0.929496
ERBB4,0.919310
