GENE,ENVISION
RHCG,0.929414
NTRK3,0.964801
SLC12A7,0.917602
SSH2,0.865004
AGMAT,0.872546
SLC5A9,0.934372
CCBL1,0.881544
