GENE,ENVISION
SLC22A9,0.978451
TTN,0.988733
TRHDE,0.881155
PIP5KL1,0.964464
