GENE,ENVISION
B3GNT4,0.972376
TSSK4,0.891952
FGGY,0.871585
AGK,0.972136
STYK1,0.900469
SLC17A4,0.851750
EXTL1,0.906813
CROT,0.860290
AMFR,0.930560
PARP10,0.831732
PARP2,0.892248
SLC4A4,0.930208
TNIK,0.862469
ATP6V0A1,1.013570
GBE1,0.518408
ACOT11,0.968449
USP24,0.804953
ROR2,0.664964
SGPP1,0.878405
ABCB6,0.967209
