GENE,ENVISION
PRPF19,0.855406
G6PC2,0.905431
TTN,0.846044
ASRGL1,0.896183
SETDB2,0.973384
COX6A2,0.757477
