GENE,ENVISION
B4GALNT4,0.787232
ICT1,0.943851
PLOD1,0.752838
ADCY2,0.958383
RPS6KC1,0.843225
CDK17,0.940690
CERK,0.869874
PTPN18,0.809005
TTN,0.901624
