GENE,ENVISION
HS6ST2,0.884615
TRPM6,0.956596
CPT1C,0.962752
CREBBP,0.760033
