GENE,ENVISION
CDS1,0.780553
PTPRU,0.933741
TTN,0.819955
CREBBP,0.596485
KARS,0.781677
