GENE,ENVISION
CDK13,0.868885
NCOA3,0.931545
