GENE,ENVISION
PDE1B,0.919639
TRMT1,0.806118
PFKP,0.798241
