GENE,ENVISION
PTPRN2,0.946582
MYO3A,0.924829
OGDH,0.763930
ENTPD4,0.860622
ENTPD2,0.972365
MLK4,0.782394
PIK3R5,0.803193
LPCAT3,0.859246
GLB1L,0.993282
IRAK3,0.932170
USP35,0.960619
