GENE,ENVISION
PTK2,0.974925
SLC7A9,0.971522
UBE3A,0.877676
SLC12A7,0.921976
LPPR4,0.974792
USP31,1.025766
PIP5KL1,0.827008
DUSP27,0.915852
