GENE,ENVISION
LRP2,0.855075
GALNT6,0.828516
PIPOX,0.906701
TTN,0.843197
PFKP,0.853689
