GENE,ENVISION
SLC22A16,0.966048
PHKB,0.885520
MAP3K11,0.972272
LPPR4,0.911619
ME3,0.947016
MAP3K5,0.818738
