GENE,ENVISION
SLC28A3,0.824477
KAT6A,0.796661
DNMT3A,0.844813
VKORC1,1.001560
KL,0.956154
