GENE,ENVISION
FMO2,0.982839
TLK2,0.765658
DDR2,0.871252
HAS1,0.787213
CHD9,0.822027
MKRN3,0.825872
RNF133,1.013870
EP300,0.881526
PTPRK,0.887162
GAL3ST4,0.977408
