GENE,ENVISION
HS3ST5,0.979000
HELZ2,0.780096
HS3ST3A1,0.770197
NEK9,0.860577
FKBP4,0.933622
LPPR4,0.850850
MAP3K14,0.852811
ACSBG1,0.967608
MLKL,0.836408
DUSP7,0.853689
HAS2,0.776091
