GENE,ENVISION
LRP2,0.917962
PDE4C,0.924433
SGK223,0.956180
UGGT2,1.007750
PPAPDC1B,1.098820
TAOK1,0.803237
USP30,0.822676
PLCH1,0.786164
TTN,0.595900
POMT1,0.964670
GALNT5,0.904995
NNT,0.978384
TRMT1L,0.924901
SETDB1,0.871205
SLC35A1,0.861111
