GENE,ENVISION
FASTK,0.757477
TBL1XR1,1.001350
PEAK1,1.005950
