GENE,ENVISION
MYO3A,0.831611
TGM3,0.995562
NCOA6,0.972396
FARSA,0.954109
CAMKK1,0.949712
TTN,0.973925
ETNK1,0.890396
