GENE,ENVISION
KMT2B,0.851715
COL4A3BP,0.931060
RFWD3,0.908197
ADCY2,0.992474
TLK2,0.867317
ARG2,0.642132
ATP8A1,0.840271
ACSL5,0.972828
SLC23A1,0.992540
GLT8D2,0.968101
SLC5A7,0.988706
USP7,0.940583
SLC5A5,1.013310
