GENE,ENVISION
SLC9A4,0.972473
CYP4F22,0.960489
L2HGDH,1.014220
GALNT12,0.990198
GPCPD1,0.849521
