GENE,ENVISION
AK7,0.859115
LRRK1,0.982404
HECW2,0.923474
