GENE,ENVISION
HMGCS1,0.842942
GRHL1,1.001510
MINK1,0.802933
GLYCTK,0.822477
ETFDH,0.827910
STK3,0.970027
PTPRJ,0.975154
TAOK3,0.872259
