GENE,ENVISION
SLC38A4,0.984090
HAS1,0.801714
