GENE,ENVISION
LRP2,0.752854
CERS4,0.913330
INPP5D,0.976590
SGK223,0.969314
B4GALNT3,0.868867
ACSS3,0.907699
BIRC6,0.913053
CHIT1,0.952689
B3GNTL1,0.896209
BMP2K,0.955900
ATP1A4,1.009370
NOX5,0.949143
TTN,0.856204
PLIN4,0.931355
NOX4,0.804059
