GENE,ENVISION
ACSS1,0.799273
ACOX1,0.665610
SLC7A3,0.868310
PIGQ,0.811802
RNF144B,0.854824
PJA1,0.826753
TAOK1,0.925793
CREBBP,0.528832
GPCPD1,0.913966
