GENE,ENVISION
HSPG2,0.870463
TRHDE,0.828894
PNKP,0.832795
KCNJ8,0.918780
MIOX,0.908357
DYRK4,0.764839
PRKG2,0.971809
