GENE,ENVISION
SARS2,0.944434
USP17L2,0.755898
CHST12,0.977236
SPCS2,0.762073
B3GNT2,0.970124
XPO6,0.985088
NUDT12,0.995570
DGKH,0.820237
PLCE1,0.916147
SLC18A2,1.008260
AARS2,0.769387
HIBCH,0.950393
RNF31,0.749322
