GENE,ENVISION
TRIM63,0.787877
TRHDE,0.859115
MTMR2,0.866461
SLC26A6,0.941047
LPPR2,0.869601
