GENE,ENVISION
SLC17A4,0.768174
ICT1,0.868841
COASY,0.814835
PKMYT1,0.906051
