GENE,ENVISION
CA5B,1.022160
AOC3,0.943214
HUWE1,0.851876
PARP8,0.766837
ADCY1,0.951922
NME3,0.964072
UBE3C,0.861535
PIGU,0.869045
USP3,0.861416
MYLK,0.743696
LRRK1,0.952100
SACM1L,0.968570
SLK,0.908847
MGAT5,0.871160
EP300,0.777772
TNNI3K,0.984516
TTN,0.807449
