GENE,ENVISION
TTN,0.905234
PLCH1,0.811075
NPAS2,0.980209
UBR4,0.901001
