GENE,ENVISION
MYO3A,0.862275
SH3RF3,1.047130
ATM,0.936871
TNIK,0.899202
SETD1B,0.977067
UBR2,0.900243
PTPRN,0.770409
MINPP1,0.917770
