GENE,ENVISION
LRP2,0.855976
OCRL,0.760766
BRSK1,0.815582
CHD9,0.786164
SLC13A5,0.988752
MARS2,0.941277
SYVN1,0.719785
PDPR,0.977676
TTN,0.974383
ACOT11,1.008020
