GENE,ENVISION
UGT3A2,0.967507
RPS6KA1,0.746782
PKN3,0.988879
ATP1A4,0.816123
USP35,0.752761
