GENE,ENVISION
PCK2,0.752854
CHST2,0.857210
RFWD2,0.869045
ALK,0.928304
NTAN1,0.950722
ACSS1,0.974154
GK2,0.851232
XYLT1,0.978478
SLC12A6,1.001440
GALM,0.905136
FANCL,0.811968
TRMT1L,0.828324
