GENE,ENVISION
ATP2B2,0.868111
CDC42BPB,0.940918
PIGO,0.901115
