GENE,ENVISION
SLC12A5,0.962387
CPT1C,0.861548
ERBB4,0.624157
CAMK4,0.980858
SLCO1B1,0.971796
ILKAP,0.860869
TTN,0.917653
PLIN4,0.920224
