GENE,ENVISION
PGM2L1,0.782862
UBE4A,0.782388
MAP3K9,0.859657
ALK,0.788736
ERBB4,0.783325
EPHA7,0.947044
STYXL1,0.969216
OLAH,0.943248
CYP46A1,0.988782
BMP2K,0.836736
ACSM2A,0.981962
GRK1,0.835297
ACSM1,1.005720
SLC22A6,0.767829
TTN,0.990335
ADCY10,0.897946
PRKCQ,1.005080
SDR42E1,0.991534
INPP5J,0.846308
