GENE,ENVISION
DUSP16,0.978221
CNDP1,0.979125
