GENE,ENVISION
SLC5A12,0.823334
RNF180,0.934138
PRKCD,0.817211
SUCLG2,0.901001
AAK1,0.849206
IKBKE,1.019490
