GENE,ENVISION
KYNU,0.585600
TRHDE,0.919599
MAP3K11,0.877236
PDP1,0.834463
EZH2,0.864948
GSTK1,0.939872
