GENE,ENVISION
ASH1L,0.907709
LGMN,0.958980
MTR,1.022120
ACSS1,0.903114
METTL3,0.733975
PLCXD2,0.728227
CDK12,1.012840
HECW1,0.919359
KAT6A,0.928192
SLC32A1,0.943499
GAD2,0.838197
