GENE,ENVISION
ERBB4,0.957228
MAP3K4,0.766588
NUDT10,0.841218
TTN,0.853797
HECW2,0.889814
MANSC1,1.072280
