GENE,ENVISION
LRP2,0.877608
TNK2,0.805436
UBE4A,0.878638
SLC41A2,0.910948
PIM3,0.982991
SLC9A2,0.782722
RNF130,0.924166
ACSM5,0.903995
NTRK3,0.938589
USP38,0.775251
POLE,0.833131
STK11,0.740079
NEU4,0.927308
TRIP12,0.839152
USP7,0.822981
CHST5,0.826956
PDE10A,0.907106
