GENE,ENVISION
PANK1,0.954873
MYO3B,0.912115
EIF2AK3,0.948528
SLC12A5,0.782085
PPAT,0.923612
MIA3,0.906820
PYCR2,0.869306
ASRGL1,1.052950
USP21,0.841511
UBR4,0.861251
