GENE,ENVISION
ST3GAL3,0.934846
PANK1,0.539373
EP300,0.823759
DNMT3B,1.009700
USP43,0.854590
MAPK15,0.945166
PLCB1,0.875892
WNK4,0.928704
PPP2R2C,0.870838
PIGO,0.924078
USP13,0.790620
PPIP5K1,0.987617
PLCE1,0.915743
TTN,0.967732
B3GAT1,0.779675
ABCD2,0.795870
SLC5A11,0.804955
IL4I1,0.774910
