GENE,ENVISION
DAGLA,0.970927
SLC4A10,0.910242
OGDH,0.787101
KMT2B,0.908928
MTR,0.954261
POLE,0.991730
CAMK4,0.880643
CARM1,0.848646
CA9,0.998732
ACAT2,1.015350
PNPLA7,0.872466
TTN,0.898718
PPWD1,0.919578
SLC15A3,0.785053
ABCC11,0.994714
COX6A2,0.975472
