GENE,ENVISION
MAP4K1,0.976542
GALNT7,0.823674
FKBP10,0.726904
DDR2,0.812467
PIGK,0.925083
EIF2AK1,1.038880
HECTD1,0.766044
SLC12A1,0.868776
PIGU,1.005310
POLN,0.914788
CHPF,0.869306
EHHADH,0.854825
PHKG1,0.810821
UBR4,0.855073
