GENE,ENVISION
PTK7,0.906063
ST3GAL5,0.976579
ACSS3,0.940960
PKN3,0.865275
DUOX2,0.843801
FTMT,0.798243
PLCXD2,0.742828
AK5,0.810821
PASK,1.009850
CDK12,0.815618
SLC6A19,0.948764
GPLD1,0.910314
PNPLA7,0.756315
HERC4,0.994823
CCNB1IP1,1.037240
ATP11C,0.757458
NTRK3,0.887284
PDE4D,0.627978
TXNRD1,0.977366
