GENE,ENVISION
PTPN21,0.889269
PDE3A,0.966024
AAK1,0.923916
TUT1,0.978407
SPEG,0.744925
ENGASE,0.938241
