GENE,ENVISION
SLC4A10,0.776860
TGM3,0.975125
NSDHL,0.948065
TGM7,0.922857
RAD9A,0.906939
SLC4A8,0.986956
CAMK1,0.928414
PHKB,0.972094
PLCH1,0.851505
PRKG2,1.040000
SLC32A1,1.001460
PARP4,0.876325
PIGO,0.727337
PLA2G2D,0.989477
SLC27A4,1.007340
PPIE,0.772588
PTRH1,0.920537
RHCG,0.902277
RPS6KC1,0.792249
GDA,0.975228
MYO5B,0.787253
PDE4B,0.908515
