GENE,ENVISION
PI4KB,0.831446
GRK7,0.986405
PIGK,0.873771
CDC14A,0.968065
MAP3K5,0.839432
PLD1,0.945559
SLCO1C1,0.769387
USP21,0.956423
UBR4,0.859657
