GENE,ENVISION
GLT6D1,1.025050
ATP6V1C2,0.840971
PDE4B,0.685223
SLC13A2,0.883451
APOA5,1.028000
