GENE,ENVISION
ZCCHC11,0.856204
PTK7,0.939582
IDI2,0.915598
NOX4,0.860211
ADCY10,0.949044
USP24,0.868930
PNLIPRP3,0.959264
PPP1R3A,0.895471
AMHR2,0.834837
TECRL,0.838001
TNKS2,0.944665
ASH1L,0.976286
DNMT3A,0.854838
ENPP6,0.762629
PASK,0.981513
PADI1,0.873122
USP13,0.836997
PLB1,0.871433
STT3B,0.848979
KCNJ8,0.990039
ST8SIA1,0.988227
MMAA,0.858189
