GENE,ENVISION
TRIM33,0.755919
ITK,0.824645
USP29,0.814957
CNDP1,0.956945
