GENE,ENVISION
PTPRN2,1.000000
HECTD1,0.802770
LRRK1,0.950695
BRSK1,0.880584
PNKP,0.988664
HSPG2,0.849718
PTGIS,0.640976
LDHAL6A,0.839811
PIGU,0.743732
IKBKE,0.997038
