GENE,ENVISION
SIRT1,0.916516
GNPTAB,1.014440
WNK3,0.816185
UPRT,0.782039
ACSL5,0.894540
GDPD2,1.023150
CHD9,0.893450
DYRK2,0.900952
TTN,0.759452
PPWD1,0.802058
TNNI3K,0.861382
