GENE,ENVISION
SIRT3,0.871540
COLGALT1,0.915995
CYP8B1,1.000010
MAP3K11,0.841218
RDH12,0.819692
DUSP22,0.849745
SLC47A1,0.838767
SGPP1,0.775877
