GENE,ENVISION
CDK13,0.912121
SPRYD3,0.772039
SLC24A2,0.874886
MGAT4C,0.941793
