GENE,ENVISION
SLC17A8,1.011270
ITK,0.839906
TPH2,0.779727
TTN,0.721273
B4GALT6,1.014200
PTPRH,0.979498
