GENE,ENVISION
SLC4A10,0.813833
ATM,0.876700
PIGM,0.898412
TTN,0.719288
ADCY10,0.775417
EPHA10,0.770301
SLC43A2,0.845558
