GENE,ENVISION
SLC52A1,0.948376
SGK2,0.683135
CDK12,0.807296
PPIL2,0.808149
NOX4,0.862933
ATP6V0A2,0.862085
USP22,0.785972
