GENE,ENVISION
PUS1,0.959782
GALNT14,1.101480
PHEX,0.939734
PTPRS,0.887162
PTPRR,0.971541
TRHDE,0.817507
GALNT11,0.864262
PLCB1,0.942053
NDST4,0.876647
PASK,0.591744
MAST2,0.824236
PLCH1,0.768435
TTN,0.711191
SLC26A6,0.842366
HMGCLL1,0.765266
B3GAT1,0.956992
PLA2G15,0.794710
MTMR3,1.014260
