GENE,ENVISION
SLC10A2,0.940683
PNLIPRP3,1.012070
LRP1,0.860622
ALDH1L2,0.875266
PARP12,0.739824
SLC7A10,1.034670
MAP3K14,0.777880
ADSSL1,0.892098
