GENE,ENVISION
PIK3C3,0.880584
WWP1,0.839005
DOT1L,0.746629
PNPT1,0.910178
NDST4,0.934616
PDPR,0.997404
TNIK,0.861251
MGAT5B,0.918037
TTN,0.587691
SLC5A7,0.729583
DGKB,1.021150
HIRIP3,0.821845
MTAP,0.987454
UBR4,0.766123
