GENE,ENVISION
TNK2,0.964472
SMG1,0.745842
ACSS3,0.792676
PNPLA2,0.716749
FPGS,0.877201
TRMT1,0.867961
