GENE,ENVISION
TRPM7,0.752854
RBBP6,0.901920
SETD2,0.956810
TTN,0.668167
PRKDC,1.002040
