GENE,ENVISION
RAD18,0.958273
SIRT2,0.783745
PKN2,0.917492
LARS2,0.972908
TTN,1.012700
