GENE,ENVISION
LCLAT1,1.015440
DUOX2,0.816809
CDC42BPA,0.939816
CHST2,0.769810
CLK4,1.009000
TTN,0.721040
