GENE,ENVISION
MAP2K1,0.824995
PPP1R3A,0.993689
