GENE,ENVISION
CWC27,1.020910
TPH2,0.877903
BRAP,0.972903
USP32,0.854525
SPHK1,0.852068
