GENE,ENVISION
PGM2L1,0.814761
TNK1,0.910547
PKN2,0.910055
XPO7,0.787101
ACSS2,1.002610
ACSS1,1.004590
ATP8A1,0.843039
WHSC1L1,0.884674
FABP5,0.945356
TTN,0.978514
CDK6,0.703169
FRMPD2,0.855025
NSD1,0.802025
PPA2,0.847991
