GENE,ENVISION
LRRK1,0.989843
UGT3A2,1.001790
EXTL1,0.875445
STK26,0.901001
LPPR4,0.884328
TTN,0.703541
SRD5A3,0.977293
HEPH,0.734250
USP24,0.861177
