GENE,ENVISION
SLC9A4,0.895051
UBE4A,0.805627
PEAK1,0.895266
TRAF7,0.872869
B3GNT9,0.974923
WHSC1L1,0.919708
CHST9,1.020600
TTN,0.813888
HEPH,0.777396
RNF146,0.874920
