GENE,ENVISION
KMT2C,0.955962
PI4KB,0.840383
ABCA3,0.936950
MYLK,0.851058
TTN,0.846269
NT5C1A,1.021410
PLB1,0.961218
HAO1,0.810780
ISYNA1,0.895599
CHST2,0.951197
RNF19A,0.893516
