GENE,ENVISION
SLC17A6,0.944455
ATP1A4,0.697411
LPCAT2,0.757322
