GENE,ENVISION
HUWE1,0.816495
PRKAA1,1.010250
MTHFD1L,1.006580
MGAT4C,0.903952
CAMK1G,0.890873
PIKFYVE,0.908033
ATM,0.934665
GK2,0.991253
INPP4A,0.782626
WNK1,0.980765
ATR,0.841767
AK5,1.074530
MIA3,0.933338
NSD1,0.948173
EP300,0.682493
SETDB1,0.902350
MARK1,0.861535
