GENE,ENVISION
COLGALT2,0.860086
ENOPH1,1.008840
ATP8A1,0.855073
LRP1,1.004190
AGMAT,0.930040
