GENE,ENVISION
ACSS3,0.999555
DPYSL2,0.880401
CEPT1,0.982007
UBR4,0.867317
