GENE,ENVISION
PCYOX1,0.833591
SLC25A21,1.036150
