GENE,ENVISION
LRRK1,0.985077
UBE2O,0.846665
PDE3A,1.001690
MELK,1.005950
SRMS,0.870954
FGGY,0.902083
USP34,0.827602
NT5DC3,0.992012
