GENE,ENVISION
TBK1,0.861713
TKTL2,0.905813
SLC7A5,0.946733
HERC1,0.942932
CYLD,0.959644
GAD1,0.841695
