GENE,ENVISION
LRP1,0.816712
TPTE2,0.955032
METTL3,0.905360
USP3,0.868434
ENTPD8,0.909875
NUDT10,0.770478
TTN,1.069600
PYCR2,0.763152
PRKDC,0.764006
ATP6V0A1,0.856109
