GENE,ENVISION
TRIP12,0.933561
PANK4,0.805250
UGT1A10,0.724184
ADCY2,0.597055
