GENE,ENVISION
CES3,0.975206
MAP3K15,0.766645
