GENE,ENVISION
MAP4K3,0.834566
ENTPD4,0.766044
UBR4,0.851927
