GENE,ENVISION
SLC2A6,0.882457
MGAT5,0.803819
CANT1,0.968423
