GENE,ENVISION
PINK1,0.971252
DHODH,0.769878
PIP4K2C,0.929895
