GENE,ENVISION
TARS2,0.859985
PTPRS,1.030370
CDK6,0.701201
ADCY2,0.862755
WARS2,1.000840
SLCO1B3,0.984056
MOCS1,0.929808
TTN,0.878384
MIA3,0.864606
NSD1,0.878906
PTPRH,0.762136
NLN,0.799537
