GENE,ENVISION
DDR2,0.762294
WNK2,0.851697
PDZD4,0.986493
PIPOX,0.714651
NTRK3,0.928455
