GENE,ENVISION
FMO2,0.837631
SLC12A5,0.784450
ZCCHC11,0.788098
GANC,0.983887
EARS2,0.847874
P4HA3,0.762629
ALDH1L2,0.775755
CROT,0.787181
SLC10A1,0.769600
ACSM2B,0.875142
ATP6V0A4,0.970980
USP13,0.929783
MAST2,0.731954
DMGDH,0.987492
SPEG,0.972118
