GENE,ENVISION
MYO3A,0.991141
GPAM,0.895457
PIK3R4,0.970808
DGKB,0.804977
B3GAT1,0.999621
SLCO1C1,0.859390
