GENE,ENVISION
ACER1,0.930084
ACVR1,0.572367
HERC1,0.823569
ITPKC,0.958908
ATP1A4,0.914810
CDC42BPG,0.972784
