GENE,ENVISION
PGM2L1,0.854424
CYB5R1,0.905056
GPT2,0.941122
MYLK,0.870161
B3GNT9,0.804475
CYP39A1,0.790178
COPG1,0.839404
KAT6B,0.917715
PLIN2,0.848979
