GENE,ENVISION
NCOA3,0.877608
MKRN3,0.908099
GALNT15,0.984946
