GENE,ENVISION
USP17L2,0.937073
FLVCR1,0.957958
SLC36A4,0.931629
ALG1,0.950324
PPA1,0.921386
DERA,0.968716
UBE3B,0.831444
GRK7,0.853420
GK2,0.794511
NT5DC3,0.912862
SLC6A19,0.985374
CPT1C,1.040070
HSPG2,0.840034
NEU4,0.872542
CNDP1,0.821665
RNF19A,0.927247
CHST11,1.008650
EIF2AK4,0.892941
FARSB,0.813133
GLT6D1,0.936648
HAO2,0.945296
SLC22A9,0.752321
NEU2,0.910106
