GENE,ENVISION
GAMT,0.734430
BIRC6,0.870978
POLG2,0.662364
SLC2A13,0.838536
NADSYN1,0.970801
RBBP6,0.817411
TRIB3,0.988454
POLI,1.005970
PARP9,0.764079
B3GNT2,1.010640
SLC8A2,1.004240
PIP4K2B,0.859666
KMT2B,0.740527
SH3RF3,0.888718
AAK1,0.854663
UBA2,0.901530
SLC27A4,1.004540
PAPOLG,0.770409
CSGALNACT1,0.823848
ZNF645,0.860565
GPT2,0.495309
SLC22A13,0.792661
