GENE,ENVISION
MINK1,0.982565
SGK3,0.982738
DHRS9,0.944130
XYLT2,0.956159
FUT5,0.986958
RNF41,0.913575
MAP3K11,0.937133
TNIK,0.896528
FPGS,0.926137
TTN,0.835569
FAXDC2,1.007300
PIGT,0.970252
CLK4,0.952744
