GENE,ENVISION
CERS6,0.888301
PIGM,0.905092
AURKC,0.930658
