GENE,ENVISION
TSTA3,0.846661
ILK,0.897951
CDK12,0.904683
AGPAT4,0.990187
USP29,0.899840
PLB1,0.946090
