GENE,ENVISION
LPPR4,0.814550
SLC24A3,0.893503
