GENE,ENVISION
CYP4F22,1.017240
MYLIP,0.860942
TTN,0.914822
