GENE,ENVISION
LBR,1.003500
PLA2G2D,0.599045
HELZ2,0.758716
