GENE,ENVISION
LRP2,0.745842
ASH1L,0.790467
SMG1,0.843577
TRHDE,0.804390
INPP5F,0.931545
EXTL1,0.977242
RNF41,0.927556
MAP3K5,0.945135
GPLD1,0.914842
TTN,0.856204
GUCY1B3,0.983720
SLC26A9,0.936368
PTPRH,0.789121
