GENE,ENVISION
PRPF19,0.766123
PLA2G4C,0.868550
TTN,0.860577
NOX4,0.980007
