GENE,ENVISION
RGL1,0.941022
HIGD2A,0.973008
SLC17A8,0.862820
