GENE,ENVISION
LRP2,0.927295
EHMT2,0.927698
TBL1XR1,1.007680
ASAH2,0.841894
DDR2,0.821106
BAAT,0.963276
MAP3K10,0.926174
ABCA4,0.922232
TTN,0.892911
TUT1,0.939924
NPC1L1,0.972728
