GENE,ENVISION
ITPK1,0.670838
PDK2,1.042900
CPT1B,0.945147
