GENE,ENVISION
RNF125,0.942853
HSD11B2,1.011240
SPTLC3,0.860337
PTPRH,0.871792
