GENE,ENVISION
RPS6KA6,0.957989
MARCH10,0.972786
NCOA3,0.822295
ERBB4,0.850164
PEAK1,0.994356
