GENE,ENVISION
VRK2,0.979813
MOGS,1.014080
PRKAG2,0.830131
MYLK3,0.957974
TTN,0.826344
SLC30A1,0.809335
PDE10A,0.844834
