GENE,ENVISION
ST6GALNAC5,0.778646
ACOX1,0.967587
PTPRS,0.917005
ACSBG1,0.950603
HS3ST2,0.980870
