GENE,ENVISION
DNMT3A,0.991435
GPT2,0.615026
CERK,0.899435
CDKL3,0.983093
PIGS,0.857831
NSD1,0.893695
pk,0.796459
