GENE,ENVISION
MSMO1,0.907205
POLR3K,0.982591
B4GALNT3,0.781063
