GENE,ENVISION
DNMT3B,0.972519
PLXNB3,0.819183
LMTK3,0.864949
ATM,0.833114
SLC36A2,0.862701
HIPK2,0.813133
AATK,0.726746
B3GAT1,0.810433
PLIN4,0.908079
