GENE,ENVISION
CYP27A1,0.995241
ATP6V0A4,0.867981
CDK20,0.823606
DPYD,0.917596
