GENE,ENVISION
UBE3B,0.899901
SLC28A3,0.815779
LRTOMT,0.914831
ETNK1,0.887162
CYP4F22,0.944912
