GENE,ENVISION
SLC7A8,0.989905
USP29,0.929776
DUSP27,0.701922
PANK1,0.699867
SLC10A2,0.873378
HACE1,1.007140
PPP1R3A,0.853998
NDST4,0.798229
MAP3K4,0.930643
NTRK3,0.991187
TTN,0.672723
DIO2,0.905209
ASRGL1,0.893827
NNT,0.747768
PHKG1,0.845721
FMO2,0.919391
PPCDC,0.978413
PLCB3,1.010210
PEAK1,0.764265
WNK3,0.642805
SLC43A2,0.785477
USP33,0.813133
ROR2,1.006210
SLC27A3,0.777282
LRP2,0.994595
CYP24A1,0.764839
ITK,0.535841
SLC17A4,0.970891
ABCA4,0.851819
NEU2,0.817987
