GENE,ENVISION
B3GNT5,0.831533
PDE7B,1.009680
PPP1R3A,0.925052
