GENE,ENVISION
UBE2Q1,0.894447
SLCO3A1,0.871160
FRMPD2,0.990303
PDP1,0.854838
MAP3K12,0.945534
USP15,0.851927
SIN3A,0.822849
