GENE,ENVISION
SLC41A1,0.806007
ASH1L,0.849246
CYP24A1,0.919303
STK11,1.009460
MASTL,0.801540
CMAS,1.007010
TECRL,0.985640
CREBBP,0.685543
