GENE,ENVISION
CHIT1,0.876583
TBCB,0.821527
UCKL1,0.912508
