GENE,ENVISION
POLR3B,0.896528
CMTR1,0.854364
MGAT3,0.825278
INPP5D,0.919749
