GENE,ENVISION
CYP4F3,0.936571
SLC7A5,0.955100
CANT1,0.846082
