GENE,ENVISION
POLA2,0.784841
SNRK,0.937651
MIOX,0.919782
SLK,0.912473
