GENE,ENVISION
LRP2,0.724280
MAP4K3,0.527748
HACE1,0.931917
TBL1XR1,0.962877
RNF185,0.771449
STK11,0.982075
CSAD,0.815062
PIGO,0.854355
PGLYRP3,0.771080
TTN,0.923396
STK36,0.929683
FAAH2,0.862851
CHST2,0.759805
NEU2,0.863852
TICRR,0.918002
