GENE,ENVISION
LMTK2,0.994823
KMT2E,0.893743
CYLD,0.944791
DYRK1A,0.665503
UBR1,0.977054
PTPRJ,0.978438
