GENE,ENVISION
CSNK1A1L,0.601104
ASPH,0.975593
DIO2,0.956304
