GENE,ENVISION
PTPN13,0.971935
ROR2,0.998478
