GENE,ENVISION
HERC1,0.972420
USP33,0.869626
B4GALNT3,0.826753
BIRC6,0.846484
PDIA5,0.959708
HECTD1,0.908050
TRIT1,1.010200
PNPLA8,0.962480
