GENE,ENVISION
KANSL3,0.851292
LRP2,0.766096
CDKL3,0.917324
STYXL1,0.790467
PPP2R3A,0.829064
BAAT,0.934387
MLK4,0.817589
ATP1A4,0.622173
TTN,0.672904
USP15,0.908812
GFPT1,0.746665
