GENE,ENVISION
SLCO1B1,1.100890
TSSK2,1.000540
UBE2J1,1.011650
ERBB4,0.927894
STK31,0.897483
SLC13A5,0.808116
NOX4,0.955778
MAPK15,0.853944
MGAT5,0.928190
GLS2,0.734078
TTN,0.363729
