GENE,ENVISION
SLC22A6,0.850047
ST6GALNAC3,0.838699
PRKG2,0.968662
