GENE,ENVISION
LRP2,0.976118
ASPG,0.946219
ST6GALNAC3,0.915675
HERC3,0.752854
MYLIP,0.861416
MAP3K15,0.782642
GLT6D1,0.874017
MAPK6,1.018010
USP34,0.867317
ENGASE,0.844813
