GENE,ENVISION
FMO1,0.825185
SLC32A1,0.819307
SLC9A8,0.816274
USP42,0.977113
ELOVL2,0.974216
TTN,0.778646
HECW2,0.873080
CHST2,0.769810
ALG5,0.988020
FUK,0.859985
STK17A,0.863993
