GENE,ENVISION
LRP1,0.896885
PARP4,0.986650
USP44,0.687922
FLAD1,0.751637
MLK4,0.818786
CHST9,0.927296
