GENE,ENVISION
UCKL1,0.868017
SLC22A16,0.973078
CHIT1,0.567993
XYLT2,1.018330
PHKB,0.986918
RHCG,0.845717
TIPARP,0.946463
TTN,0.832424
ETNK1,0.913727
RNF125,0.757458
SRPK3,0.946983
REG3A,1.065120
