GENE,ENVISION
KARS,0.786678
MAP3K15,0.775888
AGK,1.013820
PLD1,0.842886
ADCY2,0.966527
TRAF7,0.869547
EIF2AK1,0.938347
UGT3A1,0.976694
CPA6,0.726722
CAMK4,0.738681
MKRN3,0.807793
SSH2,0.865449
RARS2,0.932363
RNF216,0.985028
TTN,0.418333
