GENE,ENVISION
pk,0.978860
PNPLA8,0.842401
MGAT5B,0.978194
FUK,0.992141
WNK3,0.777138
