GENE,ENVISION
LRP1,0.869232
SLC25A2,0.907550
AK5,0.814173
NTRK3,0.874719
SIAE,0.956757
SLC13A1,0.893956
PTPRK,0.755919
CREBBP,0.927210
UBR4,0.945845
