GENE,ENVISION
EPHA7,0.763250
STAMBPL1,0.946087
USP24,0.827981
