GENE,ENVISION
CYP46A1,0.862348
ADCY10,1.010720
USP28,0.769810
SETD2,0.973020
CNDP1,0.713234
ST6GALNAC1,0.932906
