GENE,ENVISION
KMT2B,0.830587
ZNRF1,0.881066
PTK6,0.843496
CERK,0.838348
PDZD4,1.002120
MUL1,0.946937
SLC22A9,0.981245
SETDB2,0.951647
