GENE,ENVISION
PLCB1,0.851214
CPT1C,0.886223
AGK,0.956951
B4GALNT1,0.882052
HERC1,0.940475
MARCH4,0.950512
CDC42BPG,0.943781
TNNI3K,0.874009
