GENE,ENVISION
MYO3A,0.917665
HSD17B12,0.753821
POLE,0.857831
USP29,0.949834
PPWD1,0.858907
SLC4A8,0.966410
MAP3K2,0.868461
GK2,0.871807
RNF133,1.001000
TTN,0.606567
ABCD2,0.850220
SPTLC3,0.990977
SLC38A4,1.006840
PARP8,0.858755
ST3GAL5,0.937055
PADI2,1.001510
PLB1,0.917962
TAOK1,0.858100
L2HGDH,0.709164
BAAT,0.954687
PFKFB4,0.819676
PTPRN,0.825523
KAT6A,0.569611
UGT2B28,0.780346
