GENE,ENVISION
CYP2A13,0.916037
LPCAT4,1.012650
EP300,0.932365
ADCY10,0.982689
RNF128,0.810249
