GENE,ENVISION
HMGCS1,0.976407
GBGT1,0.983217
GNPNAT1,0.738298
CHD9,0.978118
NT5C,0.890937
PDE3A,0.802676
MKNK2,0.767339
ATP1A4,0.554621
LPPR3,0.980523
HELZ2,0.851837
ST6GALNAC5,0.855030
