GENE,ENVISION
NAGPA,0.977222
MTMR14,0.823377
USP48,0.972197
WWP1,0.952455
BRAP,0.961313
TTN,0.938241
PLB1,0.878016
STARD3,0.912822
ATP2B2,0.792236
