GENE,ENVISION
RNF152,0.981281
POLK,0.779435
IL4I1,0.918133
TIPARP,0.911181
LPIN1,0.991371
