GENE,ENVISION
ATP2B2,0.855843
SLC13A2,0.992474
USP29,0.906507
TPSD1,0.784841
AATK,1.056780
PHEX,0.955775
