GENE,ENVISION
SLC9A5,0.984686
DAGLB,1.016740
PLD1,0.945474
PIKFYVE,0.836276
HS3ST3A1,0.796082
MGAT5B,0.866467
TRPM6,0.975077
UBR1,0.816746
AQP3,0.994475
