GENE,ENVISION
DGKB,1.005210
UBR1,0.962320
OTUD5,0.901984
