GENE,ENVISION
TGM3,0.885259
GGTLC1,0.945074
CHIT1,0.991116
POMT2,0.802413
MST1R,0.724131
