GENE,ENVISION
NSD1,0.896568
USP17L2,1.019400
TMEM27,0.979990
TTL,0.778144
