GENE,ENVISION
LRP2,0.857226
DPYD,0.645470
PDP1,0.875119
DDR1,0.977254
KAT5,0.955128
SLC4A4,0.903980
STK24,0.854838
BHMT2,0.801098
TTN,1.007950
RNF216,1.005760
DYRK4,0.921257
