GENE,ENVISION
ASH1L,0.668433
SIN3A,0.860577
PDE3A,0.969015
HS3ST5,0.821389
DGKH,0.976057
MARK1,0.845601
GLO1,0.968834
CWC27,0.887557
PNPLA8,0.972956
PTPRK,0.919761
NPC1L1,0.851108
TTN,0.738132
