GENE,ENVISION
KANSL3,0.873308
AOX1,0.941357
FLVCR1,0.816453
HS3ST2,0.775007
PTPN13,0.853689
ALDH1L2,0.855036
HUWE1,0.927722
RNF20,0.857154
PLCE1,0.898816
PSKH2,1.011900
