GENE,ENVISION
VARS2,0.947931
PLCB1,0.787101
HSPG2,0.863630
UROC1,0.854721
TNS2,0.788595
