GENE,ENVISION
PTPRN2,0.912908
HEXDC,0.947291
RPE65,0.854114
MYLK2,0.967557
PTPRK,0.936435
PLCL1,0.755888
AMFR,0.836569
FIG4,0.953297
RNF20,0.928491
MECR,0.955047
EHHADH,0.550460
GGH,0.664918
GALNT2,0.813207
