GENE,ENVISION
SLC7A3,0.991088
NIT2,0.747252
HSPG2,0.769176
FUT10,1.006360
SLC27A4,0.868707
