GENE,ENVISION
RNF115,0.880785
NHLRC1,0.854940
PCYT1B,0.968078
SLC38A3,0.753483
AMN,0.874152
PIGM,0.725270
MKRN1,0.922448
SLC6A19,0.969965
MKRN2,0.864262
PIGU,0.869045
CDC42BPB,0.830084
MUL1,0.911236
SHPRH,0.813888
PRKD1,0.795177
PTPRH,0.971084
