GENE,ENVISION
CYP26B1,0.978211
GBGT1,0.735026
DUOX2,0.940118
