GENE,ENVISION
MARCH4,0.939950
USP47,0.769009
