GENE,ENVISION
BIRC6,0.909369
SLC47A1,0.951031
ENTPD4,0.847794
