GENE,ENVISION
PLIN4,0.944830
PTPN21,0.950809
ITK,0.615907
SULT4A1,0.825934
