GENE,ENVISION
KAT6B,0.880412
GBE1,0.625448
PLCL1,0.986112
