GENE,ENVISION
EP300,0.852545
HGD,0.968024
SLC26A11,0.809925
PLD1,0.967628
UBE2J1,0.858605
