GENE,ENVISION
PEAK1,0.774719
GRK7,0.822490
UGT3A1,0.914545
PTK7,0.940501
GMPPB,0.846940
