GENE,ENVISION
WNK2,1.069670
PAK7,0.772509
SLC7A11,0.742435
