GENE,ENVISION
CYP8B1,1.001560
TARS2,0.938940
PLCB4,0.933720
PLCH1,0.855298
