GENE,ENVISION
SGK2,0.862452
PPAPDC3,0.805710
SLC22A10,0.881514
DYRK1A,0.768298
MARK1,0.908274
PHLPP2,0.778655
SLC26A9,0.777004
EP300,0.855263
TTN,0.931105
