GENE,ENVISION
HKDC1,0.814516
ACPT,0.775934
SLC12A7,1.005190
