GENE,ENVISION
POLL,0.760163
WNK1,0.863993
SLC17A6,0.858871
GK2,0.851026
ALG10,0.892911
