GENE,ENVISION
HIPK3,0.926554
CHD9,0.791628
TKTL2,0.968410
MIB1,0.867168
NUDT12,0.930573
USP31,0.769387
