GENE,ENVISION
UGGT2,0.862491
PPA2,0.878541
PPP1R3A,0.825078
