GENE,ENVISION
SLC1A5,0.855016
FAR1,0.991253
