GENE,ENVISION
TGM3,0.707899
BIRC6,0.854924
TTN,0.915131
TECRL,1.005660
CWC27,0.948474
DAPK2,1.006320
