GENE,ENVISION
PNLIPRP3,0.986614
TRMT1,0.892541
USP26,0.746831
ISYNA1,0.921151
UBE3B,0.816712
SHPRH,0.803720
UGT3A1,0.914986
NDST4,0.819210
DCLK2,0.961399
PARP4,0.864913
GUCY1A3,0.803720
LPCAT2,0.928711
MGAT5,0.971559
SLC18A2,0.959680
UBR2,1.015210
PIK3C3,0.863253
IP6K3,0.832834
TTN,0.616177
