GENE,ENVISION
INPP5A,0.942420
KMT2A,0.874157
PDE3A,0.941090
SLC4A5,0.975715
MED1,0.993885
CSNK1G2,0.637427
TTN,1.066450
PTPRO,0.838542
DUSP7,0.810222
ST6GALNAC3,0.955632
GALNT2,0.926065
MOGAT3,0.965802
