GENE,ENVISION
ASH1L,0.759354
ALK,0.829632
SLC32A1,0.852168
MAN2A1,0.958137
LPPR4,0.814321
BCO1,0.761838
MAPKAPK5,0.852604
CHST4,0.987324
