GENE,ENVISION
CA9,0.936066
LPIN3,0.970298
RALBP1,0.786678
HS2ST1,0.787331
USP10,0.843373
MAP3K14,0.787037
PIGX,0.879539
USP36,0.718768
