GENE,ENVISION
PTPRN2,0.815732
NCOA3,0.813133
CA14,0.956410
HKDC1,0.806504
LPCAT3,0.864849
PPP2R3A,0.860992
HS3ST3A1,0.595391
CERCAM,0.941077
PTGIS,0.922474
PIK3R4,0.896999
GCDH,0.929026
TTN,0.764963
PPIL6,0.924284
SSH1,0.866123
PRKCQ,0.977594
FAAH2,0.920908
CREBBP,0.949064
SRPK2,0.796912
