GENE,ENVISION
GFPT1,0.855073
GSTM4,0.695180
PLCL1,0.889593
