GENE,ENVISION
WNK1,0.759590
SLC22A12,0.735174
MGAT5,0.885628
