GENE,ENVISION
AOC3,0.784095
B4GALNT1,0.838431
NUAK2,0.822168
UGT2A3,0.947931
SLC29A2,0.942105
SLC5A9,0.743713
IARS2,0.905932
SLC5A11,0.902559
TTN,0.883836
SLCO1C1,0.743605
AASDH,0.894897
TICRR,0.796909
PIKFYVE,0.843992
PLCL1,0.933910
UBR1,1.019990
ENTPD8,0.822721
TNNI3K,0.817000
ROR1,0.783638
PTPRR,0.918880
LGMN,1.002750
PTPRU,0.854838
BRSK2,0.850061
ADCY2,0.797359
TCIRG1,0.858111
NSD1,0.845262
ADHFE1,0.866402
