GENE,ENVISION
SPEG,0.797782
USP32,0.875170
USP34,0.854455
