GENE,ENVISION
TARS2,0.836068
PLCB4,0.901001
SH3RF3,0.910714
GALNT10,0.767682
SMYD3,0.874931
