GENE,ENVISION
PIGS,0.899365
CYP4X1,1.013230
MST1R,0.981532
SLC40A1,1.004950
MDP1,0.788392
