GENE,ENVISION
EIF2AK1,0.865227
PLCH1,0.780535
PMVK,0.890911
