GENE,ENVISION
MYO3A,0.953916
PLCZ1,0.875986
UGT3A1,1.014980
MAN1B1,0.796765
ACSBG2,0.890307
SLC4A8,0.922259
LGSN,0.824060
TTN,0.580162
ABCD2,0.934007
ERBB4,0.885647
ATP8A1,0.762093
HERC1,0.922210
HELZ2,0.894653
HEPH,0.763968
SUV420H1,0.825476
RIOK2,0.882183
TPTE2,0.906434
KL,0.820893
STK31,0.822295
CYLD,0.977885
AGPAT1,0.854838
HS6ST3,0.810751
AATK,0.974725
