GENE,ENVISION
PGM2L1,0.973328
CAMK1G,0.594937
PLCZ1,0.727102
SLC2A14,0.904302
POLR3F,0.937946
NEK11,0.973820
AQP3,0.805464
LGSN,0.926237
CHD9,0.936255
MGAT5B,0.790414
TTN,0.654598
DUSP27,0.974415
SLC14A2,0.884422
ULK4,0.778986
WNK4,1.001870
SCD5,0.869855
PPARA,1.017120
LRP2,0.735261
ABCG2,0.974010
SLC8A2,0.742435
PTPRS,0.992669
PLD1,1.016960
SLC22A16,1.106040
STK31,0.890198
PTPRO,0.895054
