GENE,ENVISION
PTPRR,0.770409
TTN,0.778646
SLC5A7,0.782862
