GENE,ENVISION
ACPT,0.889162
STT3B,0.991416
POLE,0.879461
LMTK2,1.002120
ENGASE,0.822780
