GENE,ENVISION
SLC12A5,0.707650
B3GALT5,0.976301
