GENE,ENVISION
COLGALT1,0.909538
RFWD2,0.832875
SLC7A9,1.010190
HSPG2,0.997525
KAT2B,0.753956
SLCO1B1,0.812059
LATS2,0.737683
PLCE1,0.826483
ACSBG1,0.996358
NGLY1,0.761268
TOPORS,1.034260
NCOA2,0.908006
ACSM1,1.077020
TTN,0.612124
HECW1,0.839207
FMO2,0.768942
DPYSL2,0.773988
CHSY3,0.742435
MAST2,0.845918
PADI2,1.007880
SLC27A6,0.937217
ACPT,0.984516
HADH,0.715579
ABCG2,0.984182
P4HA3,0.987113
CYLD,0.921692
NEU2,0.762875
CINP,0.900718
