GENE,ENVISION
COQ7,1.007440
DGKH,0.859359
SLC23A2,0.944151
TTN,0.789585
