GENE,ENVISION
DGAT2,0.999116
STK33,0.779129
PARP9,0.852019
DEGS2,0.936661
