GENE,ENVISION
ASH1L,0.903295
TNK1,0.791477
GALNT14,0.955992
DCLK2,0.709904
TTN,0.874259
APOA5,0.816380
PDE4D,0.924990
