GENE,ENVISION
SLC9A4,0.911494
PLCB2,0.735261
TRIT1,0.964438
WWP1,0.863009
BIRC6,0.766050
HSPG2,0.764893
CERCAM,0.787130
SLC6A18,0.814598
ABCC8,0.922723
TTN,0.918652
PHLPP2,0.958767
PNPLA8,0.868208
NPC1L1,0.938329
