GENE,ENVISION
SLC4A10,0.878999
CA9,0.937534
GALNT13,0.818136
OGDH,0.822981
ETNPPL,0.794761
TTN,0.777772
