GENE,ENVISION
PGM2L1,0.981622
FLVCR1,0.968326
TICRR,0.979422
GLYCTK,0.900469
PTGR1,0.939616
CDK17,0.820378
TNIK,0.938707
ME3,1.011000
PLB1,0.902399
TRPM6,0.974308
TRPM7,0.963204
