GENE,ENVISION
PLCB1,0.766963
DPYD,0.931548
HACL1,0.847013
HS2ST1,0.925159
PKN2,0.909515
NDST4,0.929223
SLC35B2,0.796149
LDHAL6B,0.906242
TTN,0.873916
TRIP12,0.912748
USP33,0.897802
