GENE,ENVISION
DNMT3B,0.576999
PPP1R3A,0.998355
ACSF2,1.005660
TTN,0.984290
PHLPP2,0.769810
HS3ST3B1,0.808553
