GENE,ENVISION
SLC30A6,0.989471
MIA3,0.953948
HYI,0.829243
UBE3A,1.025800
SLC29A4,0.974756
AGPAT1,0.905632
AATK,0.975594
ATP2B2,0.876844
