GENE,ENVISION
CYP3A43,0.917190
TTN,0.766904
DPYD,0.645535
EXTL2,0.805828
USP3,0.903476
LDHAL6A,0.757305
DPYS,0.997764
PPA2,0.885890
EP300,0.762877
REG3A,0.930281
