GENE,ENVISION
SLC5A12,0.888304
PLCB1,0.766044
MLK4,0.883994
PASK,1.016710
ELOVL6,0.936844
PLB1,0.864470
