GENE,ENVISION
SNRK,0.865590
L2HGDH,0.987008
SETD5,0.819600
TRPM7,0.855398
NDUFB9,0.969184
