GENE,ENVISION
PTK2,0.907625
TNIK,0.938130
USP29,0.962056
PLXNB3,0.772271
UGT1A10,1.007620
PDE3A,0.976561
CAMK4,0.946947
NTRK3,1.010980
SLC12A6,1.042780
TTN,0.735724
SETDB1,0.834693
SLC25A3,1.002820
ATP1B4,0.794051
DECR2,0.906127
SETD2,0.840760
USP34,1.006940
ST6GALNAC1,0.989827
CSNK1A1L,0.691216
PARP16,0.767475
ACSL6,0.749122
NOX3,0.939402
MYO5B,0.947829
NPC1L1,0.830984
