GENE,ENVISION
PLCB2,0.851694
LRP1,0.719785
PTPN13,0.820810
WNK1,0.957556
CAMK2B,0.639844
MAP3K4,0.727841
HEXDC,0.804060
HERC1,0.979956
RHAG,0.893365
PIK3R4,0.926700
ATR,0.827888
TTN,0.806869
SSH1,0.812735
NLK,0.984487
SUV420H1,0.760581
