GENE,ENVISION
LRP1,0.922110
B4GALNT1,0.792739
ACSBG1,0.979290
