GENE,ENVISION
SLC38A4,0.983640
CSGALNACT2,0.898065
SLC2A9,1.018660
