GENE,ENVISION
B4GALNT4,0.920407
SLC4A10,0.745689
ALG3,0.954762
OTUD5,0.802977
PRKDC,0.784404
PLCE1,0.955346
TOPORS,0.986406
GCNT1,0.786540
ACSM1,0.829425
ACSM3,0.987747
PDPR,0.832203
CNDP1,0.507149
SLC12A4,0.875646
LPCAT4,0.994605
TTN,0.769878
FMO2,0.792844
DPYSL3,0.910463
VRK3,1.051600
TIPARP,0.769387
MIA3,0.984100
MYO5B,0.818860
PLA2G4F,0.983343
ADCY4,0.911527
STK32B,0.752854
RPS6KA6,0.778719
ACSL5,0.821407
ELOVL3,0.971199
RNF128,0.821241
SPEG,0.782034
NEU2,0.911075
