GENE,ENVISION
COL4A3BP,0.860571
SLC22A7,0.981338
MIOX,0.834942
NT5C1B,0.912586
SLC35D1,0.870580
LPPR2,0.856277
