GENE,ENVISION
SPEG,0.784275
SLC22A11,0.989291
ROR2,0.924931
VARS2,0.831862
