GENE,ENVISION
DDR2,0.913654
USP34,0.807041
