GENE,ENVISION
PTPRN2,1.002580
GALNT14,0.892140
MAP3K9,0.922178
ERBB4,1.002160
LIPT1,0.896257
ACSS3,0.995677
EIF2AK4,0.785754
MAP3K5,0.667161
SUCLG2,0.919820
PMM1,0.938519
TGS1,0.980158
TTN,0.600119
PLB1,0.855550
HGD,0.665731
TRPM7,0.874083
CHSY1,0.902951
