GENE,ENVISION
COLGALT2,0.906087
BIRC6,0.867246
MIB1,0.828850
PLA2G7,0.918540
ALDH6A1,0.979843
CDC42BPG,0.695661
PJA1,0.776517
