GENE,ENVISION
MAP3K12,0.813960
TTN,0.791112
PPP2R2B,1.012190
