GENE,ENVISION
CSNK1A1L,0.917500
DUOX2,0.930225
WWP1,0.956084
TRIM32,0.973647
PARP6,0.869045
CA14,0.915246
TOPORS,0.886725
